category,dong_code,district,dong,category_store_count,population,low_population_flag,category_density_per_1000,lq
교육 서비스업,30170590,서구,가수원동,28,9875,False,2.84,0.899
교육 서비스업,30110620,동구,가양1동,24,12670,False,1.89,0.552
교육 서비스업,30110630,동구,가양2동,57,17985,False,3.17,0.9
교육 서비스업,30170570,서구,가장동,26,10313,False,2.52,0.999
교육 서비스업,30170581,서구,갈마1동,64,20553,False,3.11,0.781
교육 서비스업,30170582,서구,갈마2동,89,22980,False,3.87,1.006
교육 서비스업,30170596,서구,관저1동,41,14339,False,2.86,1.061
교육 서비스업,30170597,서구,관저2동,244,47072,False,5.18,1.836
교육 서비스업,30200600,유성구,관평동,158,37715,False,4.19,1.21
교육 서비스업,30170560,서구,괴정동,82,18068,False,4.54,0.595
교육 서비스업,30200580,유성구,구즉동,55,32567,False,1.69,0.916
교육 서비스업,30170600,서구,기성동,6,3221,False,1.86,0.428
교육 서비스업,30170575,서구,내동,86,21507,False,4.0,1.854
교육 서비스업,30200546,유성구,노은1동,125,20549,False,6.08,1.416
교육 서비스업,30200547,유성구,노은2동,80,23001,False,3.48,1.574
교육 서비스업,30200548,유성구,노은3동,159,35391,False,4.49,1.973
교육 서비스업,30110585,동구,대동,42,13251,False,3.17,1.011
교육 서비스업,30140630,중구,대사동,23,5166,False,4.45,0.714
교육 서비스업,30110725,동구,대청동,5,2086,False,2.4,0.563
교육 서비스업,30230520,대덕구,대화동,8,5213,False,1.53,0.221
교육 서비스업,30140575,중구,대흥동,94,12082,False,7.78,0.75
교육 서비스업,30230570,대덕구,덕암동,16,12275,False,1.3,0.387
교육 서비스업,30170520,서구,도마1동,51,17913,False,2.85,0.582
교육 서비스업,30170530,서구,도마2동,37,19192,False,1.93,0.688
교육 서비스업,30170593,서구,도안동,286,36402,False,7.86,1.919
교육 서비스업,30170630,서구,둔산1동,365,16243,False,22.47,2.484
교육 서비스업,30170640,서구,둔산2동,214,34031,False,6.29,1.038
교육 서비스업,30170660,서구,둔산3동,87,18559,False,4.69,1.7
교육 서비스업,30170650,서구,만년동,74,11901,False,6.22,1.26
교육 서비스업,30140550,중구,목동,109,17347,False,6.28,3.214
교육 서비스업,30230580,대덕구,목상동,4,5779,False,0.69,0.152
교육 서비스업,30140605,중구,문창동,10,4057,False,2.46,0.269
교육 서비스업,30140720,중구,문화1동,73,20041,False,3.64,1.543
교육 서비스업,30140730,중구,문화2동,28,10964,False,2.55,0.99
교육 서비스업,30230600,대덕구,법1동,12,12040,False,1.0,0.995
교육 서비스업,30230610,대덕구,법2동,16,14312,False,1.12,0.747
교육 서비스업,30170540,서구,변동,22,12149,False,1.81,0.476
교육 서비스업,30170510,서구,복수동,92,20740,False,4.44,2.055
교육 서비스업,30140640,중구,부사동,15,5822,False,2.58,0.432
교육 서비스업,30230533,대덕구,비래동,17,14290,False,1.19,0.408
교육 서비스업,30110740,동구,산내동,41,20873,False,1.96,0.925
교육 서비스업,30140740,중구,산성동,35,24206,False,1.45,0.388
교육 서비스업,30110695,동구,삼성동,30,12893,False,2.33,0.588
교육 서비스업,30200527,유성구,상대동,80,24937,False,3.21,1.781
교육 서비스업,30140620,중구,석교동,18,13460,False,1.34,0.478
교육 서비스업,30230560,대덕구,석봉동,37,15634,False,2.37,0.894
교육 서비스업,30110665,동구,성남동,32,10323,False,3.1,0.856
교육 서비스업,30230543,대덕구,송촌동,86,26730,False,3.22,1.079
교육 서비스업,30200550,유성구,신성동,76,25502,False,2.98,0.673
교육 서비스업,30110545,동구,신인동,28,14690,False,1.91,0.993
교육 서비스업,30230550,대덕구,신탄진동,26,15890,False,1.64,0.442
교육 서비스업,30140670,중구,오류동,40,9742,False,4.11,0.638
교육 서비스업,30230510,대덕구,오정동,47,13051,False,3.6,0.595
교육 서비스업,30200530,유성구,온천1동,103,26687,False,3.86,0.444
교육 서비스업,30200540,유성구,온천2동,159,40717,False,3.91,0.799
교육 서비스업,30140655,중구,용두동,45,9762,False,4.61,1.193
교육 서비스업,30170550,서구,용문동,52,19171,False,2.71,0.989
교육 서비스업,30110560,동구,용운동,61,20730,False,2.94,0.99
교육 서비스업,30110640,동구,용전동,44,19567,False,2.25,0.466
교육 서비스업,30200610,유성구,원신흥동,132,32273,False,4.09,1.755
교육 서비스업,30170586,서구,월평1동,54,10988,False,4.91,0.606
교육 서비스업,30170587,서구,월평2동,130,13142,False,9.89,2.06
교육 서비스업,30170588,서구,월평3동,33,19633,False,1.68,2.77
교육 서비스업,30140700,중구,유천1동,60,5726,False,10.48,1.246
교육 서비스업,30140710,중구,유천2동,45,12392,False,3.63,0.908
교육 서비스업,30140535,중구,은행선화동,127,24072,False,5.28,0.896
교육 서비스업,30110590,동구,자양동,26,10738,False,2.42,0.537
교육 서비스업,30200570,유성구,전민동,77,25289,False,3.04,0.889
교육 서비스업,30170535,서구,정림동,42,14475,False,2.9,1.025
교육 서비스업,30230546,대덕구,중리동,40,17541,False,2.28,0.348
교육 서비스업,30110515,동구,중앙동,27,3284,False,8.22,0.199
교육 서비스업,30140560,중구,중촌동,37,14932,False,2.48,0.809
교육 서비스업,30200520,유성구,진잠동,61,24825,False,2.46,0.706
교육 서비스업,30170555,서구,탄방동,242,31149,False,7.77,1.236
교육 서비스업,30140680,중구,태평1동,51,12004,False,4.25,1.241
교육 서비스업,30140690,중구,태평2동,33,23217,False,1.42,1.081
교육 서비스업,30110551,동구,판암1동,26,11601,False,2.24,0.934
교육 서비스업,30110552,동구,판암2동,2,7601,False,0.26,0.177
교육 서비스업,30200526,유성구,학하동,53,20609,False,2.57,0.731
교육 서비스업,30110670,동구,홍도동,19,10759,False,1.77,0.528
교육 서비스업,30230525,대덕구,회덕동,10,12035,False,0.83,0.298
교육 서비스업,30110530,동구,효동,151,29268,False,5.16,1.817
보건의료업,30170590,서구,가수원동,7,9875,False,0.71,0.633
보건의료업,30110620,동구,가양1동,7,12670,False,0.55,0.453
보건의료업,30110630,동구,가양2동,31,17985,False,1.72,1.38
보건의료업,30170570,서구,가장동,8,10313,False,0.78,0.866
보건의료업,30170581,서구,갈마1동,21,20553,False,1.02,0.722
보건의료업,30170582,서구,갈마2동,19,22980,False,0.83,0.605
보건의료업,30170596,서구,관저1동,25,14339,False,1.74,1.823
보건의료업,30170597,서구,관저2동,70,47072,False,1.49,1.484
보건의료업,30200600,유성구,관평동,29,37715,False,0.77,0.626
보건의료업,30170560,서구,괴정동,39,18068,False,2.16,0.797
보건의료업,30200580,유성구,구즉동,6,32567,False,0.18,0.281
보건의료업,30170600,서구,기성동,4,3221,False,1.24,0.803
보건의료업,30170575,서구,내동,18,21507,False,0.84,1.093
보건의료업,30200546,유성구,노은1동,10,20549,False,0.49,0.319
보건의료업,30200547,유성구,노은2동,13,23001,False,0.57,0.721
보건의료업,30200548,유성구,노은3동,21,35391,False,0.59,0.734
보건의료업,30110585,동구,대동,37,13251,False,2.79,2.51
보건의료업,30140630,중구,대사동,13,5166,False,2.52,1.137
보건의료업,30110725,동구,대청동,1,2086,False,0.48,0.317
보건의료업,30230520,대덕구,대화동,0,5213,False,0.0,0.0
보건의료업,30140575,중구,대흥동,30,12082,False,2.48,0.675
보건의료업,30230570,대덕구,덕암동,1,12275,False,0.08,0.068
보건의료업,30170520,서구,도마1동,30,17913,False,1.67,0.965
보건의료업,30170530,서구,도마2동,45,19192,False,2.34,2.357
보건의료업,30170593,서구,도안동,42,36402,False,1.15,0.794
보건의료업,30170630,서구,둔산1동,109,16243,False,6.71,2.09
보건의료업,30170640,서구,둔산2동,237,34031,False,6.96,3.238
보건의료업,30170660,서구,둔산3동,14,18559,False,0.75,0.771
보건의료업,30170650,서구,만년동,15,11901,False,1.26,0.72
보건의료업,30140550,중구,목동,11,17347,False,0.63,0.914
보건의료업,30230580,대덕구,목상동,2,5779,False,0.35,0.214
보건의료업,30140605,중구,문창동,6,4057,False,1.48,0.454
보건의료업,30140720,중구,문화1동,31,20041,False,1.55,1.846
보건의료업,30140730,중구,문화2동,13,10964,False,1.19,1.296
보건의료업,30230600,대덕구,법1동,12,12040,False,1.0,2.804
보건의료업,30230610,대덕구,법2동,1,14312,False,0.07,0.131
보건의료업,30170540,서구,변동,11,12149,False,0.91,0.67
보건의료업,30170510,서구,복수동,10,20740,False,0.48,0.629
보건의료업,30140640,중구,부사동,17,5822,False,2.92,1.381
보건의료업,30230533,대덕구,비래동,5,14290,False,0.35,0.338
보건의료업,30110740,동구,산내동,17,20873,False,0.81,1.08
보건의료업,30140740,중구,산성동,26,24206,False,1.07,0.813
보건의료업,30110695,동구,삼성동,12,12893,False,0.93,0.662
보건의료업,30200527,유성구,상대동,12,24937,False,0.48,0.753
보건의료업,30140620,중구,석교동,14,13460,False,1.04,1.048
보건의료업,30230560,대덕구,석봉동,8,15634,False,0.51,0.545
보건의료업,30110665,동구,성남동,29,10323,False,2.81,2.187
보건의료업,30230543,대덕구,송촌동,6,26730,False,0.22,0.212
보건의료업,30200550,유성구,신성동,9,25502,False,0.35,0.225
보건의료업,30110545,동구,신인동,9,14690,False,0.61,0.899
보건의료업,30230550,대덕구,신탄진동,11,15890,False,0.69,0.527
보건의료업,30140670,중구,오류동,47,9742,False,4.82,2.113
보건의료업,30230510,대덕구,오정동,3,13051,False,0.23,0.107
보건의료업,30200530,유성구,온천1동,55,26687,False,2.06,0.668
보건의료업,30200540,유성구,온천2동,10,40717,False,0.25,0.142
보건의료업,30140655,중구,용두동,15,9762,False,1.54,1.12
보건의료업,30170550,서구,용문동,21,19171,False,1.1,1.125
보건의료업,30110560,동구,용운동,27,20730,False,1.3,1.235
보건의료업,30110640,동구,용전동,33,19567,False,1.69,0.984
보건의료업,30200610,유성구,원신흥동,30,32273,False,0.93,1.124
보건의료업,30170586,서구,월평1동,18,10988,False,1.64,0.569
보건의료업,30170587,서구,월평2동,44,13142,False,3.35,1.965
보건의료업,30170588,서구,월평3동,4,19633,False,0.2,0.946
보건의료업,30140700,중구,유천1동,16,5726,False,2.79,0.936
보건의료업,30140710,중구,유천2동,27,12392,False,2.18,1.535
보건의료업,30140535,중구,은행선화동,50,24072,False,2.08,0.994
보건의료업,30110590,동구,자양동,6,10738,False,0.56,0.349
보건의료업,30200570,유성구,전민동,11,25289,False,0.43,0.358
보건의료업,30170535,서구,정림동,21,14475,False,1.45,1.444
보건의료업,30230546,대덕구,중리동,11,17541,False,0.63,0.27
보건의료업,30110515,동구,중앙동,53,3284,False,16.14,1.102
보건의료업,30140560,중구,중촌동,13,14932,False,0.87,0.8
보건의료업,30200520,유성구,진잠동,9,24825,False,0.36,0.293
보건의료업,30170555,서구,탄방동,128,31149,False,4.11,1.841
보건의료업,30140680,중구,태평1동,22,12004,False,1.83,1.508
보건의료업,30140690,중구,태평2동,10,23217,False,0.43,0.923
보건의료업,30110551,동구,판암1동,30,11601,False,2.59,3.035
보건의료업,30110552,동구,판암2동,5,7601,False,0.66,1.249
보건의료업,30200526,유성구,학하동,8,20609,False,0.39,0.311
보건의료업,30110670,동구,홍도동,10,10759,False,0.93,0.784
보건의료업,30230525,대덕구,회덕동,2,12035,False,0.17,0.168
보건의료업,30110530,동구,효동,54,29268,False,1.85,1.83
부동산업,30170590,서구,가수원동,19,9875,False,1.92,1.208
부동산업,30110620,동구,가양1동,26,12670,False,2.05,1.184
부동산업,30110630,동구,가양2동,25,17985,False,1.39,0.782
부동산업,30170570,서구,가장동,13,10313,False,1.26,0.99
부동산업,30170581,서구,갈마1동,36,20553,False,1.75,0.871
부동산업,30170582,서구,갈마2동,41,22980,False,1.78,0.918
부동산업,30170596,서구,관저1동,30,14339,False,2.09,1.539
부동산업,30170597,서구,관저2동,73,47072,False,1.55,1.088
부동산업,30200600,유성구,관평동,62,37715,False,1.64,0.941
부동산업,30170560,서구,괴정동,75,18068,False,4.15,1.078
부동산업,30200580,유성구,구즉동,33,32567,False,1.01,1.089
부동산업,30170600,서구,기성동,4,3221,False,1.24,0.565
부동산업,30170575,서구,내동,25,21507,False,1.16,1.068
부동산업,30200546,유성구,노은1동,38,20549,False,1.85,0.853
부동산업,30200547,유성구,노은2동,44,23001,False,1.91,1.715
부동산업,30200548,유성구,노은3동,50,35391,False,1.41,1.229
부동산업,30110585,동구,대동,31,13251,False,2.34,1.479
부동산업,30140630,중구,대사동,12,5166,False,2.32,0.738
부동산업,30110725,동구,대청동,2,2086,False,0.96,0.446
부동산업,30230520,대덕구,대화동,12,5213,False,2.3,0.656
부동산업,30140575,중구,대흥동,27,12082,False,2.23,0.427
부동산업,30230570,대덕구,덕암동,17,12275,False,1.38,0.815
부동산업,30170520,서구,도마1동,53,17913,False,2.96,1.198
부동산업,30170530,서구,도마2동,48,19192,False,2.5,1.768
부동산업,30170593,서구,도안동,95,36402,False,2.61,1.263
부동산업,30170630,서구,둔산1동,87,16243,False,5.36,1.173
부동산업,30170640,서구,둔산2동,61,34031,False,1.79,0.586
부동산업,30170660,서구,둔산3동,23,18559,False,1.24,0.89
부동산업,30170650,서구,만년동,32,11901,False,2.69,1.08
부동산업,30140550,중구,목동,20,17347,False,1.15,1.169
부동산업,30230580,대덕구,목상동,7,5779,False,1.21,0.526
부동산업,30140605,중구,문창동,5,4057,False,1.23,0.266
부동산업,30140720,중구,문화1동,18,20041,False,0.9,0.754
부동산업,30140730,중구,문화2동,12,10964,False,1.09,0.841
부동산업,30230600,대덕구,법1동,12,12040,False,1.0,1.972
부동산업,30230610,대덕구,법2동,4,14312,False,0.28,0.37
부동산업,30170540,서구,변동,33,12149,False,2.72,1.414
부동산업,30170510,서구,복수동,23,20740,False,1.11,1.018
부동산업,30140640,중구,부사동,12,5822,False,2.06,0.685
부동산업,30230533,대덕구,비래동,24,14290,False,1.68,1.141
부동산업,30110740,동구,산내동,21,20873,False,1.01,0.938
부동산업,30140740,중구,산성동,42,24206,False,1.74,0.924
부동산업,30110695,동구,삼성동,18,12893,False,1.4,0.699
부동산업,30200527,유성구,상대동,65,24937,False,2.61,2.868
부동산업,30140620,중구,석교동,16,13460,False,1.19,0.842
부동산업,30230560,대덕구,석봉동,14,15634,False,0.9,0.67
부동산업,30110665,동구,성남동,18,10323,False,1.74,0.954
부동산업,30230543,대덕구,송촌동,23,26730,False,0.86,0.572
부동산업,30200550,유성구,신성동,53,25502,False,2.08,0.93
부동산업,30110545,동구,신인동,21,14690,False,1.43,1.475
부동산업,30230550,대덕구,신탄진동,25,15890,False,1.57,0.842
부동산업,30140670,중구,오류동,22,9742,False,2.26,0.695
부동산업,30230510,대덕구,오정동,38,13051,False,2.91,0.954
부동산업,30200530,유성구,온천1동,159,26687,False,5.96,1.359
부동산업,30200540,유성구,온천2동,112,40717,False,2.75,1.116
부동산업,30140655,중구,용두동,26,9762,False,2.66,1.366
부동산업,30170550,서구,용문동,49,19171,False,2.56,1.846
부동산업,30110560,동구,용운동,25,20730,False,1.21,0.804
부동산업,30110640,동구,용전동,55,19567,False,2.81,1.154
부동산업,30200610,유성구,원신흥동,54,32273,False,1.67,1.422
부동산업,30170586,서구,월평1동,51,10988,False,4.64,1.134
부동산업,30170587,서구,월평2동,22,13142,False,1.67,0.691
부동산업,30170588,서구,월평3동,11,19633,False,0.56,1.829
부동산업,30140700,중구,유천1동,11,5726,False,1.92,0.453
부동산업,30140710,중구,유천2동,23,12392,False,1.86,0.919
부동산업,30140535,중구,은행선화동,63,24072,False,2.62,0.88
부동산업,30110590,동구,자양동,38,10738,False,3.54,1.555
부동산업,30200570,유성구,전민동,32,25289,False,1.27,0.732
부동산업,30170535,서구,정림동,13,14475,False,0.9,0.629
부동산업,30230546,대덕구,중리동,31,17541,False,1.77,0.534
부동산업,30110515,동구,중앙동,26,3284,False,7.92,0.38
부동산업,30140560,중구,중촌동,21,14932,False,1.41,0.909
부동산업,30200520,유성구,진잠동,60,24825,False,2.42,1.375
부동산업,30170555,서구,탄방동,83,31149,False,2.66,0.84
부동산업,30140680,중구,태평1동,15,12004,False,1.25,0.723
부동산업,30140690,중구,태평2동,17,23217,False,0.73,1.103
부동산업,30110551,동구,판암1동,13,11601,False,1.12,0.925
부동산업,30110552,동구,판암2동,3,7601,False,0.39,0.527
부동산업,30200526,유성구,학하동,75,20609,False,3.64,2.048
부동산업,30110670,동구,홍도동,19,10759,False,1.77,1.047
부동산업,30230525,대덕구,회덕동,12,12035,False,1.0,0.709
부동산업,30110530,동구,효동,38,29268,False,1.3,0.906
"사업시설 관리, 사업 지원 및 임대 서비스업",30170590,서구,가수원동,39,9875,False,3.95,2.224
"사업시설 관리, 사업 지원 및 임대 서비스업",30110620,동구,가양1동,40,12670,False,3.16,1.634
"사업시설 관리, 사업 지원 및 임대 서비스업",30110630,동구,가양2동,29,17985,False,1.61,0.814
"사업시설 관리, 사업 지원 및 임대 서비스업",30170570,서구,가장동,24,10313,False,2.33,1.639
"사업시설 관리, 사업 지원 및 임대 서비스업",30170581,서구,갈마1동,53,20553,False,2.58,1.15
"사업시설 관리, 사업 지원 및 임대 서비스업",30170582,서구,갈마2동,69,22980,False,3.0,1.386
"사업시설 관리, 사업 지원 및 임대 서비스업",30170596,서구,관저1동,13,14339,False,0.91,0.598
"사업시설 관리, 사업 지원 및 임대 서비스업",30170597,서구,관저2동,28,47072,False,0.59,0.374
"사업시설 관리, 사업 지원 및 임대 서비스업",30200600,유성구,관평동,46,37715,False,1.22,0.626
"사업시설 관리, 사업 지원 및 임대 서비스업",30170560,서구,괴정동,84,18068,False,4.65,1.083
"사업시설 관리, 사업 지원 및 임대 서비스업",30200580,유성구,구즉동,8,32567,False,0.25,0.237
"사업시설 관리, 사업 지원 및 임대 서비스업",30170600,서구,기성동,9,3221,False,2.79,1.14
"사업시설 관리, 사업 지원 및 임대 서비스업",30170575,서구,내동,26,21507,False,1.21,0.996
"사업시설 관리, 사업 지원 및 임대 서비스업",30200546,유성구,노은1동,34,20549,False,1.65,0.684
"사업시설 관리, 사업 지원 및 임대 서비스업",30200547,유성구,노은2동,23,23001,False,1.0,0.804
"사업시설 관리, 사업 지원 및 임대 서비스업",30200548,유성구,노은3동,20,35391,False,0.57,0.441
"사업시설 관리, 사업 지원 및 임대 서비스업",30110585,동구,대동,30,13251,False,2.26,1.284
"사업시설 관리, 사업 지원 및 임대 서비스업",30140630,중구,대사동,18,5166,False,3.48,0.993
"사업시설 관리, 사업 지원 및 임대 서비스업",30110725,동구,대청동,2,2086,False,0.96,0.4
"사업시설 관리, 사업 지원 및 임대 서비스업",30230520,대덕구,대화동,47,5213,False,9.02,2.305
"사업시설 관리, 사업 지원 및 임대 서비스업",30140575,중구,대흥동,42,12082,False,3.48,0.596
"사업시설 관리, 사업 지원 및 임대 서비스업",30230570,대덕구,덕암동,23,12275,False,1.87,0.989
"사업시설 관리, 사업 지원 및 임대 서비스업",30170520,서구,도마1동,44,17913,False,2.46,0.892
"사업시설 관리, 사업 지원 및 임대 서비스업",30170530,서구,도마2동,35,19192,False,1.82,1.156
"사업시설 관리, 사업 지원 및 임대 서비스업",30170593,서구,도안동,75,36402,False,2.06,0.894
"사업시설 관리, 사업 지원 및 임대 서비스업",30170630,서구,둔산1동,67,16243,False,4.12,0.81
"사업시설 관리, 사업 지원 및 임대 서비스업",30170640,서구,둔산2동,85,34031,False,2.5,0.732
"사업시설 관리, 사업 지원 및 임대 서비스업",30170660,서구,둔산3동,14,18559,False,0.75,0.486
"사업시설 관리, 사업 지원 및 임대 서비스업",30170650,서구,만년동,53,11901,False,4.45,1.604
"사업시설 관리, 사업 지원 및 임대 서비스업",30140550,중구,목동,7,17347,False,0.4,0.367
"사업시설 관리, 사업 지원 및 임대 서비스업",30230580,대덕구,목상동,25,5779,False,4.33,1.685
"사업시설 관리, 사업 지원 및 임대 서비스업",30140605,중구,문창동,26,4057,False,6.41,1.241
"사업시설 관리, 사업 지원 및 임대 서비스업",30140720,중구,문화1동,29,20041,False,1.45,1.089
"사업시설 관리, 사업 지원 및 임대 서비스업",30140730,중구,문화2동,10,10964,False,0.91,0.628
"사업시설 관리, 사업 지원 및 임대 서비스업",30230600,대덕구,법1동,5,12040,False,0.42,0.737
"사업시설 관리, 사업 지원 및 임대 서비스업",30230610,대덕구,법2동,6,14312,False,0.42,0.497
"사업시설 관리, 사업 지원 및 임대 서비스업",30170540,서구,변동,62,12149,False,5.1,2.382
"사업시설 관리, 사업 지원 및 임대 서비스업",30170510,서구,복수동,23,20740,False,1.11,0.913
"사업시설 관리, 사업 지원 및 임대 서비스업",30140640,중구,부사동,15,5822,False,2.58,0.768
"사업시설 관리, 사업 지원 및 임대 서비스업",30230533,대덕구,비래동,27,14290,False,1.89,1.151
"사업시설 관리, 사업 지원 및 임대 서비스업",30110740,동구,산내동,30,20873,False,1.44,1.202
"사업시설 관리, 사업 지원 및 임대 서비스업",30140740,중구,산성동,88,24206,False,3.64,1.735
"사업시설 관리, 사업 지원 및 임대 서비스업",30110695,동구,삼성동,52,12893,False,4.03,1.81
"사업시설 관리, 사업 지원 및 임대 서비스업",30200527,유성구,상대동,13,24937,False,0.52,0.514
"사업시설 관리, 사업 지원 및 임대 서비스업",30140620,중구,석교동,38,13460,False,2.82,1.793
"사업시설 관리, 사업 지원 및 임대 서비스업",30230560,대덕구,석봉동,11,15634,False,0.7,0.472
"사업시설 관리, 사업 지원 및 임대 서비스업",30110665,동구,성남동,24,10323,False,2.32,1.141
"사업시설 관리, 사업 지원 및 임대 서비스업",30230543,대덕구,송촌동,26,26730,False,0.97,0.579
"사업시설 관리, 사업 지원 및 임대 서비스업",30200550,유성구,신성동,53,25502,False,2.08,0.834
"사업시설 관리, 사업 지원 및 임대 서비스업",30110545,동구,신인동,14,14690,False,0.95,0.882
"사업시설 관리, 사업 지원 및 임대 서비스업",30230550,대덕구,신탄진동,18,15890,False,1.13,0.544
"사업시설 관리, 사업 지원 및 임대 서비스업",30140670,중구,오류동,43,9742,False,4.41,1.219
"사업시설 관리, 사업 지원 및 임대 서비스업",30230510,대덕구,오정동,81,13051,False,6.21,1.823
"사업시설 관리, 사업 지원 및 임대 서비스업",30200530,유성구,온천1동,158,26687,False,5.92,1.211
"사업시설 관리, 사업 지원 및 임대 서비스업",30200540,유성구,온천2동,118,40717,False,2.9,1.054
"사업시설 관리, 사업 지원 및 임대 서비스업",30140655,중구,용두동,26,9762,False,2.66,1.225
"사업시설 관리, 사업 지원 및 임대 서비스업",30170550,서구,용문동,40,19171,False,2.09,1.351
"사업시설 관리, 사업 지원 및 임대 서비스업",30110560,동구,용운동,24,20730,False,1.16,0.692
"사업시설 관리, 사업 지원 및 임대 서비스업",30110640,동구,용전동,58,19567,False,2.96,1.091
"사업시설 관리, 사업 지원 및 임대 서비스업",30200610,유성구,원신흥동,29,32273,False,0.9,0.685
"사업시설 관리, 사업 지원 및 임대 서비스업",30170586,서구,월평1동,89,10988,False,8.1,1.775
"사업시설 관리, 사업 지원 및 임대 서비스업",30170587,서구,월평2동,39,13142,False,2.97,1.098
"사업시설 관리, 사업 지원 및 임대 서비스업",30170588,서구,월평3동,4,19633,False,0.2,0.597
"사업시설 관리, 사업 지원 및 임대 서비스업",30140700,중구,유천1동,18,5726,False,3.14,0.664
"사업시설 관리, 사업 지원 및 임대 서비스업",30140710,중구,유천2동,36,12392,False,2.91,1.291
"사업시설 관리, 사업 지원 및 임대 서비스업",30140535,중구,은행선화동,108,24072,False,4.49,1.353
"사업시설 관리, 사업 지원 및 임대 서비스업",30110590,동구,자양동,29,10738,False,2.7,1.064
"사업시설 관리, 사업 지원 및 임대 서비스업",30200570,유성구,전민동,13,25289,False,0.51,0.267
"사업시설 관리, 사업 지원 및 임대 서비스업",30170535,서구,정림동,10,14475,False,0.69,0.434
"사업시설 관리, 사업 지원 및 임대 서비스업",30230546,대덕구,중리동,47,17541,False,2.68,0.727
"사업시설 관리, 사업 지원 및 임대 서비스업",30110515,동구,중앙동,41,3284,False,12.48,0.538
"사업시설 관리, 사업 지원 및 임대 서비스업",30140560,중구,중촌동,41,14932,False,2.75,1.592
"사업시설 관리, 사업 지원 및 임대 서비스업",30200520,유성구,진잠동,67,24825,False,2.7,1.377
"사업시설 관리, 사업 지원 및 임대 서비스업",30170555,서구,탄방동,124,31149,False,3.98,1.125
"사업시설 관리, 사업 지원 및 임대 서비스업",30140680,중구,태평1동,13,12004,False,1.08,0.562
"사업시설 관리, 사업 지원 및 임대 서비스업",30140690,중구,태평2동,16,23217,False,0.69,0.931
"사업시설 관리, 사업 지원 및 임대 서비스업",30110551,동구,판암1동,12,11601,False,1.03,0.766
"사업시설 관리, 사업 지원 및 임대 서비스업",30110552,동구,판암2동,6,7601,False,0.79,0.945
"사업시설 관리, 사업 지원 및 임대 서비스업",30200526,유성구,학하동,73,20609,False,3.54,1.788
"사업시설 관리, 사업 지원 및 임대 서비스업",30110670,동구,홍도동,31,10759,False,2.88,1.532
"사업시설 관리, 사업 지원 및 임대 서비스업",30230525,대덕구,회덕동,25,12035,False,2.08,1.324
"사업시설 관리, 사업 지원 및 임대 서비스업",30110530,동구,효동,18,29268,False,0.62,0.385
소매업,30170590,서구,가수원동,118,9875,False,11.95,1.04
소매업,30110620,동구,가양1동,155,12670,False,12.23,0.978
소매업,30110630,동구,가양2동,248,17985,False,13.79,1.076
소매업,30170570,서구,가장동,94,10313,False,9.11,0.992
소매업,30170581,서구,갈마1동,243,20553,False,11.82,0.814
소매업,30170582,서구,갈마2동,247,22980,False,10.75,0.766
소매업,30170596,서구,관저1동,122,14339,False,8.51,0.867
소매업,30170597,서구,관저2동,363,47072,False,7.71,0.75
소매업,30200600,유성구,관평동,455,37715,False,12.06,0.957
소매업,30170560,서구,괴정동,581,18068,False,32.16,1.157
소매업,30200580,유성구,구즉동,201,32567,False,6.17,0.919
소매업,30170600,서구,기성동,64,3221,False,19.87,1.253
소매업,30170575,서구,내동,160,21507,False,7.44,0.947
소매업,30200546,유성구,노은1동,336,20549,False,16.35,1.045
소매업,30200547,유성구,노은2동,172,23001,False,7.48,0.929
소매업,30200548,유성구,노은3동,242,35391,False,6.84,0.825
소매업,30110585,동구,대동,148,13251,False,11.17,0.979
소매업,30140630,중구,대사동,118,5166,False,22.84,1.006
소매업,30110725,동구,대청동,26,2086,False,12.46,0.804
소매업,30230520,대덕구,대화동,151,5213,False,28.97,1.144
소매업,30140575,중구,대흥동,606,12082,False,50.16,1.328
소매업,30230570,대덕구,덕암동,180,12275,False,14.66,1.196
소매업,30170520,서구,도마1동,466,17913,False,26.01,1.46
소매업,30170530,서구,도마2동,210,19192,False,10.94,1.072
소매업,30170593,서구,도안동,383,36402,False,10.52,0.706
소매업,30170630,서구,둔산1동,188,16243,False,11.57,0.351
소매업,30170640,서구,둔산2동,742,34031,False,21.8,0.988
소매업,30170660,서구,둔산3동,218,18559,False,11.75,1.169
소매업,30170650,서구,만년동,176,11901,False,14.79,0.823
소매업,30140550,중구,목동,101,17347,False,5.82,0.818
소매업,30230580,대덕구,목상동,90,5779,False,15.57,0.937
소매업,30140605,중구,문창동,191,4057,False,47.08,1.409
소매업,30140720,중구,문화1동,183,20041,False,9.13,1.062
소매업,30140730,중구,문화2동,115,10964,False,10.49,1.117
소매업,30230600,대덕구,법1동,42,12040,False,3.49,0.957
소매업,30230610,대덕구,법2동,102,14312,False,7.13,1.307
소매업,30170540,서구,변동,170,12149,False,13.99,1.009
소매업,30170510,서구,복수동,122,20740,False,5.88,0.748
소매업,30140640,중구,부사동,174,5822,False,29.89,1.377
소매업,30230533,대덕구,비래동,164,14290,False,11.48,1.081
소매업,30110740,동구,산내동,173,20873,False,8.29,1.071
소매업,30140740,중구,산성동,398,24206,False,16.44,1.213
소매업,30110695,동구,삼성동,185,12893,False,14.35,0.995
소매업,30200527,유성구,상대동,102,24937,False,4.09,0.624
소매업,30140620,중구,석교동,165,13460,False,12.26,1.203
소매업,30230560,대덕구,석봉동,166,15634,False,10.62,1.101
소매업,30110665,동구,성남동,139,10323,False,13.47,1.021
소매업,30230543,대덕구,송촌동,249,26730,False,9.32,0.857
소매업,30200550,유성구,신성동,494,25502,False,19.37,1.201
소매업,30110545,동구,신인동,99,14690,False,6.74,0.964
소매업,30230550,대덕구,신탄진동,179,15890,False,11.26,0.836
소매업,30140670,중구,오류동,200,9742,False,20.53,0.876
소매업,30230510,대덕구,오정동,323,13051,False,24.75,1.123
소매업,30200530,유성구,온천1동,659,26687,False,24.69,0.781
소매업,30200540,유성구,온천2동,590,40717,False,14.49,0.815
소매업,30140655,중구,용두동,154,9762,False,15.78,1.121
소매업,30170550,서구,용문동,174,19171,False,9.08,0.908
소매업,30110560,동구,용운동,206,20730,False,9.94,0.918
소매업,30110640,동구,용전동,359,19567,False,18.35,1.043
소매업,30200610,유성구,원신흥동,235,32273,False,7.28,0.858
소매업,30170586,서구,월평1동,253,10988,False,23.03,0.78
소매업,30170587,서구,월평2동,157,13142,False,11.95,0.683
소매업,30170588,서구,월평3동,53,19633,False,2.7,1.221
소매업,30140700,중구,유천1동,148,5726,False,25.85,0.844
소매업,30140710,중구,유천2동,165,12392,False,13.32,0.914
소매업,30140535,중구,은행선화동,610,24072,False,25.34,1.181
소매업,30110590,동구,자양동,129,10738,False,12.01,0.731
소매업,30200570,유성구,전민동,408,25289,False,16.13,1.293
소매업,30170535,서구,정림동,174,14475,False,12.02,1.166
소매업,30230546,대덕구,중리동,460,17541,False,26.22,1.099
소매업,30110515,동구,중앙동,989,3284,False,301.16,2.004
소매업,30140560,중구,중촌동,165,14932,False,11.05,0.99
소매업,30200520,유성구,진잠동,401,24825,False,16.15,1.274
소매업,30170555,서구,탄방동,724,31149,False,23.24,1.015
소매업,30140680,중구,태평1동,181,12004,False,15.08,1.209
소매업,30140690,중구,태평2동,155,23217,False,6.68,1.394
소매업,30110551,동구,판암1동,98,11601,False,8.45,0.966
소매업,30110552,동구,판암2동,49,7601,False,6.45,1.193
소매업,30200526,유성구,학하동,180,20609,False,8.73,0.681
소매업,30110670,동구,홍도동,127,10759,False,11.8,0.97
소매업,30230525,대덕구,회덕동,136,12035,False,11.3,1.113
소매업,30110530,동구,효동,306,29268,False,10.46,1.011
수리 및 개인 서비스업,30170590,서구,가수원동,74,9875,False,7.49,1.231
수리 및 개인 서비스업,30110620,동구,가양1동,97,12670,False,7.66,1.156
수리 및 개인 서비스업,30110630,동구,가양2동,153,17985,False,8.51,1.253
수리 및 개인 서비스업,30170570,서구,가장동,81,10313,False,7.85,1.614
수리 및 개인 서비스업,30170581,서구,갈마1동,213,20553,False,10.36,1.348
수리 및 개인 서비스업,30170582,서구,갈마2동,198,22980,False,8.62,1.16
수리 및 개인 서비스업,30170596,서구,관저1동,84,14339,False,5.86,1.127
수리 및 개인 서비스업,30170597,서구,관저2동,271,47072,False,5.76,1.057
수리 및 개인 서비스업,30200600,유성구,관평동,196,37715,False,5.2,0.778
수리 및 개인 서비스업,30170560,서구,괴정동,327,18068,False,18.1,1.23
수리 및 개인 서비스업,30200580,유성구,구즉동,132,32567,False,4.05,1.139
수리 및 개인 서비스업,30170600,서구,기성동,11,3221,False,3.42,0.406
수리 및 개인 서비스업,30170575,서구,내동,132,21507,False,6.14,1.475
수리 및 개인 서비스업,30200546,유성구,노은1동,173,20549,False,8.42,1.016
수리 및 개인 서비스업,30200547,유성구,노은2동,68,23001,False,2.96,0.693
수리 및 개인 서비스업,30200548,유성구,노은3동,157,35391,False,4.44,1.01
수리 및 개인 서비스업,30110585,동구,대동,76,13251,False,5.74,0.949
수리 및 개인 서비스업,30140630,중구,대사동,61,5166,False,11.81,0.981
수리 및 개인 서비스업,30110725,동구,대청동,2,2086,False,0.96,0.117
수리 및 개인 서비스업,30230520,대덕구,대화동,66,5213,False,12.66,0.944
수리 및 개인 서비스업,30140575,중구,대흥동,142,12082,False,11.75,0.588
수리 및 개인 서비스업,30230570,대덕구,덕암동,116,12275,False,9.45,1.455
수리 및 개인 서비스업,30170520,서구,도마1동,146,17913,False,8.15,0.864
수리 및 개인 서비스업,30170530,서구,도마2동,122,19192,False,6.36,1.176
수리 및 개인 서비스업,30170593,서구,도안동,320,36402,False,8.79,1.113
수리 및 개인 서비스업,30170630,서구,둔산1동,123,16243,False,7.57,0.434
수리 및 개인 서비스업,30170640,서구,둔산2동,243,34031,False,7.14,0.611
수리 및 개인 서비스업,30170660,서구,둔산3동,101,18559,False,5.44,1.023
수리 및 개인 서비스업,30170650,서구,만년동,86,11901,False,7.23,0.759
수리 및 개인 서비스업,30140550,중구,목동,62,17347,False,3.57,0.948
수리 및 개인 서비스업,30230580,대덕구,목상동,62,5779,False,10.73,1.219
수리 및 개인 서비스업,30140605,중구,문창동,75,4057,False,18.49,1.044
수리 및 개인 서비스업,30140720,중구,문화1동,89,20041,False,4.44,0.975
수리 및 개인 서비스업,30140730,중구,문화2동,78,10964,False,7.11,1.43
수리 및 개인 서비스업,30230600,대덕구,법1동,27,12040,False,2.24,1.161
수리 및 개인 서비스업,30230610,대덕구,법2동,49,14312,False,3.42,1.185
수리 및 개인 서비스업,30170540,서구,변동,108,12149,False,8.89,1.21
수리 및 개인 서비스업,30170510,서구,복수동,101,20740,False,4.87,1.169
수리 및 개인 서비스업,30140640,중구,부사동,48,5822,False,8.24,0.717
수리 및 개인 서비스업,30230533,대덕구,비래동,109,14290,False,7.63,1.356
수리 및 개인 서비스업,30110740,동구,산내동,91,20873,False,4.36,1.064
수리 및 개인 서비스업,30140740,중구,산성동,228,24206,False,9.42,1.312
수리 및 개인 서비스업,30110695,동구,삼성동,89,12893,False,6.9,0.904
수리 및 개인 서비스업,30200527,유성구,상대동,92,24937,False,3.69,1.062
수리 및 개인 서비스업,30140620,중구,석교동,96,13460,False,7.13,1.322
수리 및 개인 서비스업,30230560,대덕구,석봉동,96,15634,False,6.14,1.202
수리 및 개인 서비스업,30110665,동구,성남동,82,10323,False,7.94,1.138
수리 및 개인 서비스업,30230543,대덕구,송촌동,170,26730,False,6.36,1.105
수리 및 개인 서비스업,30200550,유성구,신성동,119,25502,False,4.67,0.546
수리 및 개인 서비스업,30110545,동구,신인동,66,14690,False,4.49,1.213
수리 및 개인 서비스업,30230550,대덕구,신탄진동,113,15890,False,7.11,0.996
수리 및 개인 서비스업,30140670,중구,오류동,74,9742,False,7.6,0.612
수리 및 개인 서비스업,30230510,대덕구,오정동,153,13051,False,11.72,1.004
수리 및 개인 서비스업,30200530,유성구,온천1동,449,26687,False,16.82,1.004
수리 및 개인 서비스업,30200540,유성구,온천2동,311,40717,False,7.64,0.811
수리 및 개인 서비스업,30140655,중구,용두동,91,9762,False,9.32,1.251
수리 및 개인 서비스업,30170550,서구,용문동,135,19171,False,7.04,1.331
수리 및 개인 서비스업,30110560,동구,용운동,158,20730,False,7.62,1.329
수리 및 개인 서비스업,30110640,동구,용전동,196,19567,False,10.02,1.075
수리 및 개인 서비스업,30200610,유성구,원신흥동,247,32273,False,7.65,1.702
수리 및 개인 서비스업,30170586,서구,월평1동,226,10988,False,20.57,1.315
수리 및 개인 서비스업,30170587,서구,월평2동,81,13142,False,6.16,0.665
수리 및 개인 서비스업,30170588,서구,월평3동,26,19633,False,1.32,1.131
수리 및 개인 서비스업,30140700,중구,유천1동,76,5726,False,13.27,0.818
수리 및 개인 서비스업,30140710,중구,유천2동,126,12392,False,10.17,1.318
수리 및 개인 서비스업,30140535,중구,은행선화동,183,24072,False,7.6,0.669
수리 및 개인 서비스업,30110590,동구,자양동,105,10738,False,9.78,1.124
수리 및 개인 서비스업,30200570,유성구,전민동,122,25289,False,4.82,0.73
수리 및 개인 서비스업,30170535,서구,정림동,96,14475,False,6.63,1.215
수리 및 개인 서비스업,30230546,대덕구,중리동,276,17541,False,15.73,1.245
수리 및 개인 서비스업,30110515,동구,중앙동,104,3284,False,31.67,0.398
수리 및 개인 서비스업,30140560,중구,중촌동,113,14932,False,7.57,1.28
수리 및 개인 서비스업,30200520,유성구,진잠동,175,24825,False,7.05,1.05
수리 및 개인 서비스업,30170555,서구,탄방동,451,31149,False,14.48,1.194
수리 및 개인 서비스업,30140680,중구,태평1동,85,12004,False,7.08,1.072
수리 및 개인 서비스업,30140690,중구,태평2동,65,23217,False,2.8,1.104
수리 및 개인 서비스업,30110551,동구,판암1동,65,11601,False,5.6,1.21
수리 및 개인 서비스업,30110552,동구,판암2동,23,7601,False,3.03,1.057
수리 및 개인 서비스업,30200526,유성구,학하동,139,20609,False,6.74,0.993
수리 및 개인 서비스업,30110670,동구,홍도동,65,10759,False,6.04,0.937
수리 및 개인 서비스업,30230525,대덕구,회덕동,107,12035,False,8.89,1.653
수리 및 개인 서비스업,30110530,동구,효동,147,29268,False,5.02,0.917
숙박업,30170590,서구,가수원동,1,9875,False,0.1,0.247
숙박업,30110620,동구,가양1동,6,12670,False,0.47,1.063
숙박업,30110630,동구,가양2동,5,17985,False,0.28,0.609
숙박업,30170570,서구,가장동,0,10313,False,0.0,0.0
숙박업,30170581,서구,갈마1동,12,20553,False,0.58,1.129
숙박업,30170582,서구,갈마2동,2,22980,False,0.09,0.174
숙박업,30170596,서구,관저1동,0,14339,False,0.0,0.0
숙박업,30170597,서구,관저2동,0,47072,False,0.0,0.0
숙박업,30200600,유성구,관평동,6,37715,False,0.16,0.354
숙박업,30170560,서구,괴정동,11,18068,False,0.61,0.615
숙박업,30200580,유성구,구즉동,0,32567,False,0.0,0.0
숙박업,30170600,서구,기성동,35,3221,False,10.87,19.229
숙박업,30170575,서구,내동,0,21507,False,0.0,0.0
숙박업,30200546,유성구,노은1동,2,20549,False,0.1,0.175
숙박업,30200547,유성구,노은2동,2,23001,False,0.09,0.303
숙박업,30200548,유성구,노은3동,0,35391,False,0.0,0.0
숙박업,30110585,동구,대동,0,13251,False,0.0,0.0
숙박업,30140630,중구,대사동,6,5166,False,1.16,1.435
숙박업,30110725,동구,대청동,2,2086,False,0.96,1.735
숙박업,30230520,대덕구,대화동,1,5213,False,0.19,0.213
숙박업,30140575,중구,대흥동,45,12082,False,3.72,2.769
숙박업,30230570,대덕구,덕암동,5,12275,False,0.41,0.933
숙박업,30170520,서구,도마1동,5,17913,False,0.28,0.44
숙박업,30170530,서구,도마2동,1,19192,False,0.05,0.143
숙박업,30170593,서구,도안동,2,36402,False,0.05,0.103
숙박업,30170630,서구,둔산1동,13,16243,False,0.8,0.682
숙박업,30170640,서구,둔산2동,22,34031,False,0.65,0.822
숙박업,30170660,서구,둔산3동,0,18559,False,0.0,0.0
숙박업,30170650,서구,만년동,4,11901,False,0.34,0.525
숙박업,30140550,중구,목동,0,17347,False,0.0,0.0
숙박업,30230580,대덕구,목상동,0,5779,False,0.0,0.0
숙박업,30140605,중구,문창동,26,4057,False,6.41,5.384
숙박업,30140720,중구,문화1동,7,20041,False,0.35,1.141
숙박업,30140730,중구,문화2동,2,10964,False,0.18,0.545
숙박업,30230600,대덕구,법1동,1,12040,False,0.08,0.639
숙박업,30230610,대덕구,법2동,0,14312,False,0.0,0.0
숙박업,30170540,서구,변동,1,12149,False,0.08,0.167
숙박업,30170510,서구,복수동,0,20740,False,0.0,0.0
숙박업,30140640,중구,부사동,8,5822,False,1.37,1.778
숙박업,30230533,대덕구,비래동,0,14290,False,0.0,0.0
숙박업,30110740,동구,산내동,9,20873,False,0.43,1.564
숙박업,30140740,중구,산성동,9,24206,False,0.37,0.77
숙박업,30110695,동구,삼성동,4,12893,False,0.31,0.604
숙박업,30200527,유성구,상대동,1,24937,False,0.04,0.172
숙박업,30140620,중구,석교동,0,13460,False,0.0,0.0
숙박업,30230560,대덕구,석봉동,0,15634,False,0.0,0.0
숙박업,30110665,동구,성남동,3,10323,False,0.29,0.619
숙박업,30230543,대덕구,송촌동,2,26730,False,0.07,0.193
숙박업,30200550,유성구,신성동,9,25502,False,0.35,0.614
숙박업,30110545,동구,신인동,4,14690,False,0.27,1.093
숙박업,30230550,대덕구,신탄진동,33,15890,False,2.08,4.326
숙박업,30140670,중구,오류동,10,9742,False,1.03,1.23
숙박업,30230510,대덕구,오정동,2,13051,False,0.15,0.195
숙박업,30200530,유성구,온천1동,91,26687,False,3.41,3.026
숙박업,30200540,유성구,온천2동,18,40717,False,0.44,0.698
숙박업,30140655,중구,용두동,5,9762,False,0.51,1.022
숙박업,30170550,서구,용문동,15,19171,False,0.78,2.198
숙박업,30110560,동구,용운동,7,20730,False,0.34,0.876
숙박업,30110640,동구,용전동,70,19567,False,3.58,5.711
숙박업,30200610,유성구,원신흥동,0,32273,False,0.0,0.0
숙박업,30170586,서구,월평1동,14,10988,False,1.27,1.211
숙박업,30170587,서구,월평2동,6,13142,False,0.46,0.733
숙박업,30170588,서구,월평3동,0,19633,False,0.0,0.0
숙박업,30140700,중구,유천1동,24,5726,False,4.19,3.842
숙박업,30140710,중구,유천2동,1,12392,False,0.08,0.156
숙박업,30140535,중구,은행선화동,26,24072,False,1.08,1.413
숙박업,30110590,동구,자양동,2,10738,False,0.19,0.318
숙박업,30200570,유성구,전민동,2,25289,False,0.08,0.178
숙박업,30170535,서구,정림동,0,14475,False,0.0,0.0
숙박업,30230546,대덕구,중리동,34,17541,False,1.94,2.28
숙박업,30110515,동구,중앙동,57,3284,False,17.36,3.242
숙박업,30140560,중구,중촌동,1,14932,False,0.07,0.168
숙박업,30200520,유성구,진잠동,4,24825,False,0.16,0.357
숙박업,30170555,서구,탄방동,9,31149,False,0.29,0.354
숙박업,30140680,중구,태평1동,1,12004,False,0.08,0.188
숙박업,30140690,중구,태평2동,3,23217,False,0.13,0.757
숙박업,30110551,동구,판암1동,0,11601,False,0.0,0.0
숙박업,30110552,동구,판암2동,2,7601,False,0.26,1.367
숙박업,30200526,유성구,학하동,3,20609,False,0.15,0.319
숙박업,30110670,동구,홍도동,2,10759,False,0.19,0.429
숙박업,30230525,대덕구,회덕동,2,12035,False,0.17,0.459
숙박업,30110530,동구,효동,1,29268,False,0.03,0.093
"예술, 스포츠 및 여가관련 서비스업",30170590,서구,가수원동,17,9875,False,1.72,0.842
"예술, 스포츠 및 여가관련 서비스업",30110620,동구,가양1동,15,12670,False,1.18,0.532
"예술, 스포츠 및 여가관련 서비스업",30110630,동구,가양2동,33,17985,False,1.83,0.804
"예술, 스포츠 및 여가관련 서비스업",30170570,서구,가장동,14,10313,False,1.36,0.831
"예술, 스포츠 및 여가관련 서비스업",30170581,서구,갈마1동,48,20553,False,2.34,0.904
"예술, 스포츠 및 여가관련 서비스업",30170582,서구,갈마2동,78,22980,False,3.39,1.36
"예술, 스포츠 및 여가관련 서비스업",30170596,서구,관저1동,36,14339,False,2.51,1.438
"예술, 스포츠 및 여가관련 서비스업",30170597,서구,관저2동,124,47072,False,2.63,1.44
"예술, 스포츠 및 여가관련 서비스업",30200600,유성구,관평동,80,37715,False,2.12,0.946
"예술, 스포츠 및 여가관련 서비스업",30170560,서구,괴정동,81,18068,False,4.48,0.907
"예술, 스포츠 및 여가관련 서비스업",30200580,유성구,구즉동,52,32567,False,1.6,1.336
"예술, 스포츠 및 여가관련 서비스업",30170600,서구,기성동,8,3221,False,2.48,0.88
"예술, 스포츠 및 여가관련 서비스업",30170575,서구,내동,19,21507,False,0.88,0.632
"예술, 스포츠 및 여가관련 서비스업",30200546,유성구,노은1동,62,20549,False,3.02,1.084
"예술, 스포츠 및 여가관련 서비스업",30200547,유성구,노은2동,53,23001,False,2.3,1.609
"예술, 스포츠 및 여가관련 서비스업",30200548,유성구,노은3동,57,35391,False,1.61,1.092
"예술, 스포츠 및 여가관련 서비스업",30110585,동구,대동,24,13251,False,1.81,0.892
"예술, 스포츠 및 여가관련 서비스업",30140630,중구,대사동,13,5166,False,2.52,0.623
"예술, 스포츠 및 여가관련 서비스업",30110725,동구,대청동,3,2086,False,1.44,0.521
"예술, 스포츠 및 여가관련 서비스업",30230520,대덕구,대화동,4,5213,False,0.77,0.17
"예술, 스포츠 및 여가관련 서비스업",30140575,중구,대흥동,51,12082,False,4.22,0.628
"예술, 스포츠 및 여가관련 서비스업",30230570,대덕구,덕암동,23,12275,False,1.87,0.859
"예술, 스포츠 및 여가관련 서비스업",30170520,서구,도마1동,45,17913,False,2.51,0.792
"예술, 스포츠 및 여가관련 서비스업",30170530,서구,도마2동,25,19192,False,1.3,0.717
"예술, 스포츠 및 여가관련 서비스업",30170593,서구,도안동,105,36402,False,2.88,1.087
"예술, 스포츠 및 여가관련 서비스업",30170630,서구,둔산1동,81,16243,False,4.99,0.851
"예술, 스포츠 및 여가관련 서비스업",30170640,서구,둔산2동,151,34031,False,4.44,1.13
"예술, 스포츠 및 여가관련 서비스업",30170660,서구,둔산3동,37,18559,False,1.99,1.116
"예술, 스포츠 및 여가관련 서비스업",30170650,서구,만년동,25,11901,False,2.1,0.657
"예술, 스포츠 및 여가관련 서비스업",30140550,중구,목동,25,17347,False,1.44,1.138
"예술, 스포츠 및 여가관련 서비스업",30230580,대덕구,목상동,26,5779,False,4.5,1.522
"예술, 스포츠 및 여가관련 서비스업",30140605,중구,문창동,18,4057,False,4.44,0.746
"예술, 스포츠 및 여가관련 서비스업",30140720,중구,문화1동,28,20041,False,1.4,0.913
"예술, 스포츠 및 여가관련 서비스업",30140730,중구,문화2동,15,10964,False,1.37,0.819
"예술, 스포츠 및 여가관련 서비스업",30230600,대덕구,법1동,8,12040,False,0.66,1.024
"예술, 스포츠 및 여가관련 서비스업",30230610,대덕구,법2동,18,14312,False,1.26,1.296
"예술, 스포츠 및 여가관련 서비스업",30170540,서구,변동,17,12149,False,1.4,0.567
"예술, 스포츠 및 여가관련 서비스업",30170510,서구,복수동,35,20740,False,1.69,1.207
"예술, 스포츠 및 여가관련 서비스업",30140640,중구,부사동,19,5822,False,3.26,0.845
"예술, 스포츠 및 여가관련 서비스업",30230533,대덕구,비래동,40,14290,False,2.8,1.482
"예술, 스포츠 및 여가관련 서비스업",30110740,동구,산내동,18,20873,False,0.86,0.626
"예술, 스포츠 및 여가관련 서비스업",30140740,중구,산성동,60,24206,False,2.48,1.028
"예술, 스포츠 및 여가관련 서비스업",30110695,동구,삼성동,19,12893,False,1.47,0.574
"예술, 스포츠 및 여가관련 서비스업",30200527,유성구,상대동,16,24937,False,0.64,0.55
"예술, 스포츠 및 여가관련 서비스업",30140620,중구,석교동,19,13460,False,1.41,0.779
"예술, 스포츠 및 여가관련 서비스업",30230560,대덕구,석봉동,35,15634,False,2.24,1.305
"예술, 스포츠 및 여가관련 서비스업",30110665,동구,성남동,19,10323,False,1.84,0.785
"예술, 스포츠 및 여가관련 서비스업",30230543,대덕구,송촌동,93,26730,False,3.48,1.8
"예술, 스포츠 및 여가관련 서비스업",30200550,유성구,신성동,80,25502,False,3.14,1.093
"예술, 스포츠 및 여가관련 서비스업",30110545,동구,신인동,19,14690,False,1.29,1.04
"예술, 스포츠 및 여가관련 서비스업",30230550,대덕구,신탄진동,40,15890,False,2.52,1.05
"예술, 스포츠 및 여가관련 서비스업",30140670,중구,오류동,54,9742,False,5.54,1.33
"예술, 스포츠 및 여가관련 서비스업",30230510,대덕구,오정동,47,13051,False,3.6,0.919
"예술, 스포츠 및 여가관련 서비스업",30200530,유성구,온천1동,123,26687,False,4.61,0.819
"예술, 스포츠 및 여가관련 서비스업",30200540,유성구,온천2동,152,40717,False,3.73,1.179
"예술, 스포츠 및 여가관련 서비스업",30140655,중구,용두동,12,9762,False,1.23,0.491
"예술, 스포츠 및 여가관련 서비스업",30170550,서구,용문동,26,19171,False,1.36,0.763
"예술, 스포츠 및 여가관련 서비스업",30110560,동구,용운동,56,20730,False,2.7,1.403
"예술, 스포츠 및 여가관련 서비스업",30110640,동구,용전동,56,19567,False,2.86,0.915
"예술, 스포츠 및 여가관련 서비스업",30200610,유성구,원신흥동,20,32273,False,0.62,0.41
"예술, 스포츠 및 여가관련 서비스업",30170586,서구,월평1동,56,10988,False,5.1,0.97
"예술, 스포츠 및 여가관련 서비스업",30170587,서구,월평2동,72,13142,False,5.48,1.761
"예술, 스포츠 및 여가관련 서비스업",30170588,서구,월평3동,3,19633,False,0.15,0.389
"예술, 스포츠 및 여가관련 서비스업",30140700,중구,유천1동,51,5726,False,8.91,1.635
"예술, 스포츠 및 여가관련 서비스업",30140710,중구,유천2동,35,12392,False,2.82,1.09
"예술, 스포츠 및 여가관련 서비스업",30140535,중구,은행선화동,80,24072,False,3.32,0.871
"예술, 스포츠 및 여가관련 서비스업",30110590,동구,자양동,43,10738,False,4.0,1.37
"예술, 스포츠 및 여가관련 서비스업",30200570,유성구,전민동,72,25289,False,2.85,1.282
"예술, 스포츠 및 여가관련 서비스업",30170535,서구,정림동,30,14475,False,2.07,1.13
"예술, 스포츠 및 여가관련 서비스업",30230546,대덕구,중리동,104,17541,False,5.93,1.397
"예술, 스포츠 및 여가관련 서비스업",30110515,동구,중앙동,29,3284,False,8.83,0.33
"예술, 스포츠 및 여가관련 서비스업",30140560,중구,중촌동,30,14932,False,2.01,1.012
"예술, 스포츠 및 여가관련 서비스업",30200520,유성구,진잠동,57,24825,False,2.3,1.018
"예술, 스포츠 및 여가관련 서비스업",30170555,서구,탄방동,120,31149,False,3.85,0.946
"예술, 스포츠 및 여가관련 서비스업",30140680,중구,태평1동,28,12004,False,2.33,1.051
"예술, 스포츠 및 여가관련 서비스업",30140690,중구,태평2동,15,23217,False,0.65,0.758
"예술, 스포츠 및 여가관련 서비스업",30110551,동구,판암1동,18,11601,False,1.55,0.998
"예술, 스포츠 및 여가관련 서비스업",30110552,동구,판암2동,6,7601,False,0.79,0.821
"예술, 스포츠 및 여가관련 서비스업",30200526,유성구,학하동,42,20609,False,2.04,0.893
"예술, 스포츠 및 여가관련 서비스업",30110670,동구,홍도동,33,10759,False,3.07,1.416
"예술, 스포츠 및 여가관련 서비스업",30230525,대덕구,회덕동,20,12035,False,1.66,0.92
"예술, 스포츠 및 여가관련 서비스업",30110530,동구,효동,70,29268,False,2.39,1.3
음식점업,30170590,서구,가수원동,119,9875,False,12.05,0.914
음식점업,30110620,동구,가양1동,204,12670,False,16.1,1.122
음식점업,30110630,동구,가양2동,273,17985,False,15.18,1.032
음식점업,30170570,서구,가장동,80,10313,False,7.76,0.736
음식점업,30170581,서구,갈마1동,357,20553,False,17.37,1.043
음식점업,30170582,서구,갈마2동,409,22980,False,17.8,1.106
음식점업,30170596,서구,관저1동,169,14339,False,11.79,1.047
음식점업,30170597,서구,관저2동,621,47072,False,13.19,1.118
음식점업,30200600,유성구,관평동,641,37715,False,17.0,1.175
음식점업,30170560,서구,괴정동,540,18068,False,29.89,0.938
음식점업,30200580,유성구,구즉동,336,32567,False,10.32,1.339
음식점업,30170600,서구,기성동,49,3221,False,15.21,0.836
음식점업,30170575,서구,내동,131,21507,False,6.09,0.676
음식점업,30200546,유성구,노은1동,372,20549,False,18.1,1.009
음식점업,30200547,유성구,노은2동,210,23001,False,9.13,0.989
음식점업,30200548,유성구,노은3동,350,35391,False,9.89,1.04
음식점업,30110585,동구,대동,176,13251,False,13.28,1.014
음식점업,30140630,중구,대사동,172,5166,False,33.29,1.278
음식점업,30110725,동구,대청동,79,2086,False,37.87,2.128
음식점업,30230520,대덕구,대화동,84,5213,False,16.11,0.555
음식점업,30140575,중구,대흥동,610,12082,False,50.49,1.165
음식점업,30230570,대덕구,덕암동,173,12275,False,14.09,1.002
음식점업,30170520,서구,도마1동,351,17913,False,19.59,0.959
음식점업,30170530,서구,도마2동,199,19192,False,10.37,0.885
음식점업,30170593,서구,도안동,613,36402,False,16.84,0.984
음식점업,30170630,서구,둔산1동,420,16243,False,25.86,0.684
음식점업,30170640,서구,둔산2동,714,34031,False,20.98,0.829
음식점업,30170660,서구,둔산3동,200,18559,False,10.78,0.935
음식점업,30170650,서구,만년동,232,11901,False,19.49,0.945
음식점업,30140550,중구,목동,121,17347,False,6.98,0.854
음식점업,30230580,대덕구,목상동,134,5779,False,23.19,1.216
음식점업,30140605,중구,문창동,151,4057,False,37.22,0.971
음식점업,30140720,중구,문화1동,192,20041,False,9.58,0.971
음식점업,30140730,중구,문화2동,106,10964,False,9.67,0.897
음식점업,30230600,대덕구,법1동,43,12040,False,3.57,0.854
음식점업,30230610,대덕구,법2동,94,14312,False,6.57,1.05
음식점업,30170540,서구,변동,139,12149,False,11.44,0.719
음식점업,30170510,서구,복수동,203,20740,False,9.79,1.085
음식점업,30140640,중구,부사동,157,5822,False,26.97,1.083
음식점업,30230533,대덕구,비래동,175,14290,False,12.25,1.005
음식점업,30110740,동구,산내동,180,20873,False,8.62,0.971
음식점업,30140740,중구,산성동,315,24206,False,13.01,0.837
음식점업,30110695,동구,삼성동,113,12893,False,8.76,0.53
음식점업,30200527,유성구,상대동,168,24937,False,6.74,0.895
음식점업,30140620,중구,석교동,128,13460,False,9.51,0.814
음식점업,30230560,대덕구,석봉동,203,15634,False,12.98,1.174
음식점업,30110665,동구,성남동,154,10323,False,14.92,0.986
음식점업,30230543,대덕구,송촌동,412,26730,False,15.41,1.237
음식점업,30200550,유성구,신성동,590,25502,False,23.14,1.25
음식점업,30110545,동구,신인동,117,14690,False,7.96,0.993
음식점업,30230550,대덕구,신탄진동,362,15890,False,22.78,1.474
음식점업,30140670,중구,오류동,329,9742,False,33.77,1.256
음식점업,30230510,대덕구,오정동,301,13051,False,23.06,0.912
음식점업,30200530,유성구,온천1동,1106,26687,False,41.44,1.142
음식점업,30200540,유성구,온천2동,1080,40717,False,26.52,1.3
음식점업,30140655,중구,용두동,124,9762,False,12.7,0.787
음식점업,30170550,서구,용문동,175,19171,False,9.13,0.796
음식점업,30110560,동구,용운동,272,20730,False,13.12,1.057
음식점업,30110640,동구,용전동,371,19567,False,18.96,0.94
음식점업,30200610,유성구,원신흥동,246,32273,False,7.62,0.783
음식점업,30170586,서구,월평1동,388,10988,False,35.31,1.042
음식점업,30170587,서구,월평2동,200,13142,False,15.22,0.759
음식점업,30170588,서구,월평3동,31,19633,False,1.58,0.623
음식점업,30140700,중구,유천1동,249,5726,False,43.49,1.238
음식점업,30140710,중구,유천2동,201,12392,False,16.22,0.971
음식점업,30140535,중구,은행선화동,558,24072,False,23.18,0.942
음식점업,30110590,동구,자양동,281,10738,False,26.17,1.389
음식점업,30200570,유성구,전민동,426,25289,False,16.85,1.177
음식점업,30170535,서구,정림동,161,14475,False,11.12,0.941
음식점업,30230546,대덕구,중리동,543,17541,False,30.96,1.131
음식점업,30110515,동구,중앙동,412,3284,False,125.46,0.728
음식점업,30140560,중구,중촌동,176,14932,False,11.79,0.921
음식점업,30200520,유성구,진잠동,297,24825,False,11.96,0.822
음식점업,30170555,서구,탄방동,657,31149,False,21.09,0.803
음식점업,30140680,중구,태평1동,170,12004,False,14.16,0.99
음식점업,30140690,중구,태평2동,95,23217,False,4.09,0.745
음식점업,30110551,동구,판암1동,115,11601,False,9.91,0.988
음식점업,30110552,동구,판암2동,57,7601,False,7.5,1.209
음식점업,30200526,유성구,학하동,328,20609,False,15.92,1.082
음식점업,30110670,동구,홍도동,171,10759,False,15.89,1.138
음식점업,30230525,대덕구,회덕동,138,12035,False,11.47,0.984
음식점업,30110530,동구,효동,356,29268,False,12.16,1.025
"전문, 과학 및 기술 서비스업",30170590,서구,가수원동,20,9875,False,2.03,0.52
"전문, 과학 및 기술 서비스업",30110620,동구,가양1동,43,12670,False,3.39,0.801
"전문, 과학 및 기술 서비스업",30110630,동구,가양2동,44,17985,False,2.45,0.563
"전문, 과학 및 기술 서비스업",30170570,서구,가장동,29,10313,False,2.81,0.903
"전문, 과학 및 기술 서비스업",30170581,서구,갈마1동,115,20553,False,5.6,1.137
"전문, 과학 및 기술 서비스업",30170582,서구,갈마2동,103,22980,False,4.48,0.943
"전문, 과학 및 기술 서비스업",30170596,서구,관저1동,28,14339,False,1.95,0.587
"전문, 과학 및 기술 서비스업",30170597,서구,관저2동,91,47072,False,1.93,0.555
"전문, 과학 및 기술 서비스업",30200600,유성구,관평동,179,37715,False,4.75,1.11
"전문, 과학 및 기술 서비스업",30170560,서구,괴정동,135,18068,False,7.47,0.793
"전문, 과학 및 기술 서비스업",30200580,유성구,구즉동,29,32567,False,0.89,0.391
"전문, 과학 및 기술 서비스업",30170600,서구,기성동,9,3221,False,2.79,0.52
"전문, 과학 및 기술 서비스업",30170575,서구,내동,61,21507,False,2.84,1.065
"전문, 과학 및 기술 서비스업",30200546,유성구,노은1동,100,20549,False,4.87,0.918
"전문, 과학 및 기술 서비스업",30200547,유성구,노은2동,56,23001,False,2.43,0.892
"전문, 과학 및 기술 서비스업",30200548,유성구,노은3동,87,35391,False,2.46,0.874
"전문, 과학 및 기술 서비스업",30110585,동구,대동,25,13251,False,1.89,0.488
"전문, 과학 및 기술 서비스업",30140630,중구,대사동,21,5166,False,4.07,0.528
"전문, 과학 및 기술 서비스업",30110725,동구,대청동,4,2086,False,1.92,0.365
"전문, 과학 및 기술 서비스업",30230520,대덕구,대화동,141,5213,False,27.05,3.152
"전문, 과학 및 기술 서비스업",30140575,중구,대흥동,130,12082,False,10.76,0.84
"전문, 과학 및 기술 서비스업",30230570,대덕구,덕암동,32,12275,False,2.61,0.627
"전문, 과학 및 기술 서비스업",30170520,서구,도마1동,52,17913,False,2.9,0.481
"전문, 과학 및 기술 서비스업",30170530,서구,도마2동,41,19192,False,2.14,0.617
"전문, 과학 및 기술 서비스업",30170593,서구,도안동,193,36402,False,5.3,1.049
"전문, 과학 및 기술 서비스업",30170630,서구,둔산1동,631,16243,False,38.85,3.479
"전문, 과학 및 기술 서비스업",30170640,서구,둔산2동,456,34031,False,13.4,1.791
"전문, 과학 및 기술 서비스업",30170660,서구,둔산3동,32,18559,False,1.72,0.506
"전문, 과학 및 기술 서비스업",30170650,서구,만년동,136,11901,False,11.43,1.876
"전문, 과학 및 기술 서비스업",30140550,중구,목동,25,17347,False,1.44,0.597
"전문, 과학 및 기술 서비스업",30230580,대덕구,목상동,24,5779,False,4.15,0.737
"전문, 과학 및 기술 서비스업",30140605,중구,문창동,20,4057,False,4.93,0.435
"전문, 과학 및 기술 서비스업",30140720,중구,문화1동,21,20041,False,1.05,0.36
"전문, 과학 및 기술 서비스업",30140730,중구,문화2동,22,10964,False,2.01,0.63
"전문, 과학 및 기술 서비스업",30230600,대덕구,법1동,9,12040,False,0.75,0.605
"전문, 과학 및 기술 서비스업",30230610,대덕구,법2동,14,14312,False,0.98,0.529
"전문, 과학 및 기술 서비스업",30170540,서구,변동,93,12149,False,7.65,1.629
"전문, 과학 및 기술 서비스업",30170510,서구,복수동,26,20740,False,1.25,0.47
"전문, 과학 및 기술 서비스업",30140640,중구,부사동,27,5822,False,4.64,0.63
"전문, 과학 및 기술 서비스업",30230533,대덕구,비래동,30,14290,False,2.1,0.583
"전문, 과학 및 기술 서비스업",30110740,동구,산내동,49,20873,False,2.35,0.895
"전문, 과학 및 기술 서비스업",30140740,중구,산성동,77,24206,False,3.18,0.692
"전문, 과학 및 기술 서비스업",30110695,동구,삼성동,202,12893,False,15.67,3.205
"전문, 과학 및 기술 서비스업",30200527,유성구,상대동,88,24937,False,3.53,1.587
"전문, 과학 및 기술 서비스업",30140620,중구,석교동,40,13460,False,2.97,0.861
"전문, 과학 및 기술 서비스업",30230560,대덕구,석봉동,17,15634,False,1.09,0.333
"전문, 과학 및 기술 서비스업",30110665,동구,성남동,30,10323,False,2.91,0.65
"전문, 과학 및 기술 서비스업",30230543,대덕구,송촌동,64,26730,False,2.39,0.65
"전문, 과학 및 기술 서비스업",30200550,유성구,신성동,119,25502,False,4.67,0.853
"전문, 과학 및 기술 서비스업",30110545,동구,신인동,23,14690,False,1.57,0.661
"전문, 과학 및 기술 서비스업",30230550,대덕구,신탄진동,27,15890,False,1.7,0.372
"전문, 과학 및 기술 서비스업",30140670,중구,오류동,70,9742,False,7.19,0.905
"전문, 과학 및 기술 서비스업",30230510,대덕구,오정동,125,13051,False,9.58,1.282
"전문, 과학 및 기술 서비스업",30200530,유성구,온천1동,385,26687,False,14.43,1.345
"전문, 과학 및 기술 서비스업",30200540,유성구,온천2동,271,40717,False,6.66,1.104
"전문, 과학 및 기술 서비스업",30140655,중구,용두동,37,9762,False,3.79,0.795
"전문, 과학 및 기술 서비스업",30170550,서구,용문동,59,19171,False,3.08,0.909
"전문, 과학 및 기술 서비스업",30110560,동구,용운동,38,20730,False,1.83,0.5
"전문, 과학 및 기술 서비스업",30110640,동구,용전동,98,19567,False,5.01,0.84
"전문, 과학 및 기술 서비스업",30200610,유성구,원신흥동,74,32273,False,2.29,0.797
"전문, 과학 및 기술 서비스업",30170586,서구,월평1동,115,10988,False,10.47,1.045
"전문, 과학 및 기술 서비스업",30170587,서구,월평2동,144,13142,False,10.96,1.848
"전문, 과학 및 기술 서비스업",30170588,서구,월평3동,4,19633,False,0.2,0.272
"전문, 과학 및 기술 서비스업",30140700,중구,유천1동,30,5726,False,5.24,0.505
"전문, 과학 및 기술 서비스업",30140710,중구,유천2동,44,12392,False,3.55,0.719
"전문, 과학 및 기술 서비스업",30140535,중구,은행선화동,206,24072,False,8.56,1.177
"전문, 과학 및 기술 서비스업",30110590,동구,자양동,28,10738,False,2.61,0.468
"전문, 과학 및 기술 서비스업",30200570,유성구,전민동,66,25289,False,2.61,0.617
"전문, 과학 및 기술 서비스업",30170535,서구,정림동,34,14475,False,2.35,0.672
"전문, 과학 및 기술 서비스업",30230546,대덕구,중리동,84,17541,False,4.79,0.592
"전문, 과학 및 기술 서비스업",30110515,동구,중앙동,184,3284,False,56.03,1.1
"전문, 과학 및 기술 서비스업",30140560,중구,중촌동,52,14932,False,3.48,0.921
"전문, 과학 및 기술 서비스업",30200520,유성구,진잠동,95,24825,False,3.83,0.89
"전문, 과학 및 기술 서비스업",30170555,서구,탄방동,240,31149,False,7.7,0.993
"전문, 과학 및 기술 서비스업",30140680,중구,태평1동,17,12004,False,1.42,0.335
"전문, 과학 및 기술 서비스업",30140690,중구,태평2동,24,23217,False,1.03,0.637
"전문, 과학 및 기술 서비스업",30110551,동구,판암1동,18,11601,False,1.55,0.524
"전문, 과학 및 기술 서비스업",30110552,동구,판암2동,7,7601,False,0.92,0.503
"전문, 과학 및 기술 서비스업",30200526,유성구,학하동,128,20609,False,6.21,1.429
"전문, 과학 및 기술 서비스업",30110670,동구,홍도동,33,10759,False,3.07,0.743
"전문, 과학 및 기술 서비스업",30230525,대덕구,회덕동,24,12035,False,1.99,0.579
"전문, 과학 및 기술 서비스업",30110530,동구,효동,38,29268,False,1.3,0.37
