previous_period,period,category_code,category,before_count,after_count,change,appeared,disappeared,id_net_change,common_reclassified_in,common_reclassified_out,reclassification_net
2024-03-01,2024-06-01,G2,소매업,19049,18716,-333,241,574,-333,0,0,0
2024-03-01,2024-06-01,I1,숙박업,658,656,-2,11,13,-2,0,0,0
2024-03-01,2024-06-01,I2,음식점업,23464,22873,-591,598,1189,-591,0,0,0
2024-03-01,2024-06-01,L1,부동산업,2533,2487,-46,27,73,-46,0,0,0
2024-03-01,2024-06-01,M1,"전문, 과학 및 기술 서비스업",6418,6373,-45,70,115,-45,0,0,0
2024-03-01,2024-06-01,N1,"사업시설 관리, 사업 지원 및 임대 서비스업",2763,2768,5,60,55,5,0,0,0
2024-03-01,2024-06-01,P1,교육 서비스업,3200,3154,-46,35,81,-46,0,0,0
2024-03-01,2024-06-01,Q1,보건의료업,756,752,-4,8,12,-4,0,0,0
2024-03-01,2024-06-01,R1,"예술, 스포츠 및 여가관련 서비스업",3495,3388,-107,72,179,-107,0,0,0
2024-03-01,2024-06-01,S2,수리 및 개인 서비스업,9731,9665,-66,152,218,-66,0,0,0
2024-06-01,2024-09-01,G2,소매업,18716,18179,-537,17,554,-537,0,0,0
2024-06-01,2024-09-01,I1,숙박업,656,647,-9,1,10,-9,0,0,0
2024-06-01,2024-09-01,I2,음식점업,22873,21946,-927,47,974,-927,0,0,0
2024-06-01,2024-09-01,L1,부동산업,2487,2435,-52,1,53,-52,0,0,0
2024-06-01,2024-09-01,M1,"전문, 과학 및 기술 서비스업",6373,6285,-88,5,93,-88,0,0,0
2024-06-01,2024-09-01,N1,"사업시설 관리, 사업 지원 및 임대 서비스업",2768,2730,-38,2,40,-38,0,0,0
2024-06-01,2024-09-01,P1,교육 서비스업,3154,3104,-50,1,51,-50,0,0,0
2024-06-01,2024-09-01,Q1,보건의료업,752,744,-8,3,11,-8,0,0,0
2024-06-01,2024-09-01,R1,"예술, 스포츠 및 여가관련 서비스업",3388,3293,-95,7,102,-95,0,0,0
2024-06-01,2024-09-01,S2,수리 및 개인 서비스업,9665,9504,-161,17,178,-161,0,0,0
2024-09-01,2024-12-01,G2,소매업,18179,20857,2678,4777,1896,2881,133,336,-203
2024-09-01,2024-12-01,I1,숙박업,647,721,74,98,29,69,6,1,5
2024-09-01,2024-12-01,I2,음식점업,21946,24838,2892,4012,1105,2907,73,88,-15
2024-09-01,2024-12-01,L1,부동산업,2435,2557,122,256,132,124,6,8,-2
2024-09-01,2024-12-01,M1,"전문, 과학 및 기술 서비스업",6285,6878,593,1038,433,605,49,61,-12
2024-09-01,2024-12-01,N1,"사업시설 관리, 사업 지원 및 임대 서비스업",2730,3208,478,741,282,459,57,38,19
2024-09-01,2024-12-01,P1,교육 서비스업,3104,5209,2105,2911,849,2062,120,77,43
2024-09-01,2024-12-01,Q1,보건의료업,744,1930,1186,1322,139,1183,8,5,3
2024-09-01,2024-12-01,R1,"예술, 스포츠 및 여가관련 서비스업",3293,3701,408,554,182,372,102,66,36
2024-09-01,2024-12-01,S2,수리 및 개인 서비스업,9504,10690,1186,1404,344,1060,200,74,126
2024-12-01,2025-03-01,G2,소매업,20857,19853,-1004,662,1666,-1004,0,0,0
2024-12-01,2025-03-01,I1,숙박업,721,723,2,33,31,2,0,0,0
2024-12-01,2025-03-01,I2,음식점업,24838,23661,-1177,1067,2244,-1177,0,0,0
2024-12-01,2025-03-01,L1,부동산업,2557,2547,-10,73,83,-10,0,0,0
2024-12-01,2025-03-01,M1,"전문, 과학 및 기술 서비스업",6878,6839,-39,260,299,-39,0,0,0
2024-12-01,2025-03-01,N1,"사업시설 관리, 사업 지원 및 임대 서비스업",3208,3203,-5,126,131,-5,0,0,0
2024-12-01,2025-03-01,P1,교육 서비스업,5209,5274,65,337,272,65,0,0,0
2024-12-01,2025-03-01,Q1,보건의료업,1930,1937,7,49,42,7,0,0,0
2024-12-01,2025-03-01,R1,"예술, 스포츠 및 여가관련 서비스업",3701,3603,-98,114,212,-98,0,0,0
2024-12-01,2025-03-01,S2,수리 및 개인 서비스업,10690,10264,-426,233,659,-426,0,0,0
2025-03-01,2025-06-01,G2,소매업,19853,19707,-146,564,710,-146,0,0,0
2025-03-01,2025-06-01,I1,숙박업,723,735,12,36,24,12,0,0,0
2025-03-01,2025-06-01,I2,음식점업,23661,23311,-350,915,1265,-350,0,0,0
2025-03-01,2025-06-01,L1,부동산업,2547,2528,-19,50,69,-19,0,0,0
2025-03-01,2025-06-01,M1,"전문, 과학 및 기술 서비스업",6839,6931,92,261,169,92,0,0,0
2025-03-01,2025-06-01,N1,"사업시설 관리, 사업 지원 및 임대 서비스업",3203,3272,69,144,75,69,0,0,0
2025-03-01,2025-06-01,P1,교육 서비스업,5274,5280,6,159,153,6,0,0,0
2025-03-01,2025-06-01,Q1,보건의료업,1937,1936,-1,26,27,-1,0,0,0
2025-03-01,2025-06-01,R1,"예술, 스포츠 및 여가관련 서비스업",3603,3576,-27,137,164,-27,0,0,0
2025-03-01,2025-06-01,S2,수리 및 개인 서비스업,10264,10329,65,281,216,65,0,0,0
2025-06-01,2025-10-01,G2,소매업,19707,20056,349,1350,1001,349,0,0,0
2025-06-01,2025-10-01,I1,숙박업,735,728,-7,11,18,-7,0,0,0
2025-06-01,2025-10-01,I2,음식점업,23311,22839,-472,600,1072,-472,0,0,0
2025-06-01,2025-10-01,L1,부동산업,2528,2950,422,484,62,422,0,0,0
2025-06-01,2025-10-01,M1,"전문, 과학 및 기술 서비스업",6931,6943,12,164,152,12,0,0,0
2025-06-01,2025-10-01,N1,"사업시설 관리, 사업 지원 및 임대 서비스업",3272,3247,-25,122,147,-25,0,0,0
2025-06-01,2025-10-01,P1,교육 서비스업,5280,5584,304,1161,857,304,0,0,0
2025-06-01,2025-10-01,Q1,보건의료업,1936,1955,19,185,166,19,0,0,0
2025-06-01,2025-10-01,R1,"예술, 스포츠 및 여가관련 서비스업",3576,3540,-36,146,182,-36,0,0,0
2025-06-01,2025-10-01,S2,수리 및 개인 서비스업,10329,10576,247,491,244,247,0,0,0
2025-10-01,2025-12-01,G2,소매업,20056,20099,43,566,523,43,0,0,0
2025-10-01,2025-12-01,I1,숙박업,728,718,-10,12,22,-10,0,0,0
2025-10-01,2025-12-01,I2,음식점업,22839,22803,-36,972,1008,-36,0,0,0
2025-10-01,2025-12-01,L1,부동산업,2950,2867,-83,2,85,-83,0,0,0
2025-10-01,2025-12-01,M1,"전문, 과학 및 기술 서비스업",6943,6896,-47,61,108,-47,0,0,0
2025-10-01,2025-12-01,N1,"사업시설 관리, 사업 지원 및 임대 서비스업",3247,3186,-61,16,77,-61,0,0,0
2025-10-01,2025-12-01,P1,교육 서비스업,5584,5551,-33,127,160,-33,0,0,0
2025-10-01,2025-12-01,Q1,보건의료업,1955,1958,3,25,22,3,0,0,0
2025-10-01,2025-12-01,R1,"예술, 스포츠 및 여가관련 서비스업",3540,3551,11,156,145,11,0,0,0
2025-10-01,2025-12-01,S2,수리 및 개인 서비스업,10576,10617,41,235,194,41,0,0,0
2025-12-01,2026-03-01,G2,소매업,20099,20184,85,688,603,85,0,0,0
2025-12-01,2026-03-01,I1,숙박업,718,719,1,17,16,1,0,0,0
2025-12-01,2026-03-01,I2,음식점업,22803,23155,352,1415,1063,352,0,0,0
2025-12-01,2026-03-01,L1,부동산업,2867,2797,-70,0,70,-70,0,0,0
2025-12-01,2026-03-01,M1,"전문, 과학 및 기술 서비스업",6896,6842,-54,73,127,-54,0,0,0
2025-12-01,2026-03-01,N1,"사업시설 관리, 사업 지원 및 임대 서비스업",3186,3119,-67,12,79,-67,0,0,0
2025-12-01,2026-03-01,P1,교육 서비스업,5551,5542,-9,178,187,-9,0,0,0
2025-12-01,2026-03-01,Q1,보건의료업,1958,1967,9,32,23,9,0,0,0
2025-12-01,2026-03-01,R1,"예술, 스포츠 및 여가관련 서비스업",3551,3591,40,192,152,40,0,0,0
2025-12-01,2026-03-01,S2,수리 및 개인 서비스업,10617,10691,74,295,221,74,0,0,0
2026-03-01,2026-06-01,G2,소매업,20184,20214,30,2124,2091,33,2,5,-3
2026-03-01,2026-06-01,I1,숙박업,719,904,185,239,54,185,1,1,0
2026-03-01,2026-06-01,I2,음식점업,23155,23850,695,4306,3610,696,3,4,-1
2026-03-01,2026-06-01,L1,부동산업,2797,2803,6,78,71,7,0,1,-1
2026-03-01,2026-06-01,M1,"전문, 과학 및 기술 서비스업",6842,7405,563,886,331,555,9,1,8
2026-03-01,2026-06-01,N1,"사업시설 관리, 사업 지원 및 임대 서비스업",3119,3507,388,494,107,387,3,2,1
2026-03-01,2026-06-01,P1,교육 서비스업,5542,5399,-143,352,494,-142,2,3,-1
2026-03-01,2026-06-01,Q1,보건의료업,1967,1944,-23,49,72,-23,0,0,0
2026-03-01,2026-06-01,R1,"예술, 스포츠 및 여가관련 서비스업",3591,3689,98,640,539,101,0,3,-3
2026-03-01,2026-06-01,S2,수리 및 개인 서비스업,10691,10989,298,1078,780,298,0,0,0
