period,level,code,name
2024-03-01,대,G2,소매
2024-03-01,대,I1,숙박
2024-03-01,대,I2,음식
2024-03-01,대,L1,부동산
2024-03-01,대,M1,과학·기술
2024-03-01,대,N1,시설관리·임대
2024-03-01,대,P1,교육
2024-03-01,대,Q1,보건의료
2024-03-01,대,R1,예술·스포츠
2024-03-01,대,S2,수리·개인
2024-03-01,소,G20201,타이어 소매업
2024-03-01,소,G20202,자동차 부품 소매업
2024-03-01,소,G20301,모터사이클 및 부품 소매업
2024-03-01,소,G20404,슈퍼마켓
2024-03-01,소,G20405,편의점
2024-03-01,소,G20499,그 외 기타 종합 소매업
2024-03-01,소,G20501,곡물/곡분 소매업
2024-03-01,소,G20502,가축 사료 소매업
2024-03-01,소,G20503,정육점
2024-03-01,소,G20504,건어물/젓갈 소매업
2024-03-01,소,G20505,수산물 소매업
2024-03-01,소,G20506,채소/과일 소매업
2024-03-01,소,G20507,아이스크림 할인점
2024-03-01,소,G20508,건강보조식품 소매업
2024-03-01,소,G20509,반찬/식료품 소매업
2024-03-01,소,G20601,얼음 소매업
2024-03-01,소,G20602,주류 소매업
2024-03-01,소,G20603,생수/음료 소매업
2024-03-01,소,G20604,우유 소매업
2024-03-01,소,G20701,담배/전자담배 소매업
2024-03-01,소,G20801,컴퓨터/소프트웨어 소매업
2024-03-01,소,G20802,핸드폰 소매업
2024-03-01,소,G20803,가전제품 소매업
2024-03-01,소,G20901,남성 의류 소매업
2024-03-01,소,G20902,여성 의류 소매업
2024-03-01,소,G20903,유아용 의류 소매업
2024-03-01,소,G20904,한복 소매업
2024-03-01,소,G20905,기타 의류 소매업
2024-03-01,소,G20906,침구류/커튼 소매업
2024-03-01,소,G20907,액세서리/잡화 소매업
2024-03-01,소,G20908,가발 소매업
2024-03-01,소,G20909,실/섬유제품 소매업
2024-03-01,소,G20910,신발 소매업
2024-03-01,소,G20911,가방 소매업
2024-03-01,소,G21001,철물/공구 소매업
2024-03-01,소,G21002,벽지/장판/마루 소매업
2024-03-01,소,G21003,건설/건축자재 소매업
2024-03-01,소,G21099,기타 건설/건축자재 소매업
2024-03-01,소,G21101,가구 소매업
2024-03-01,소,G21201,전기용품/조명장치 소매업
2024-03-01,소,G21202,주방/가정용품 소매업
2024-03-01,소,G21203,악기 소매업
2024-03-01,소,G21301,서점
2024-03-01,소,G21302,문구/회화용품 소매업
2024-03-01,소,G21303,음반/비디오물 소매업
2024-03-01,소,G21304,운동용품 소매업
2024-03-01,소,G21305,자전거 소매업
2024-03-01,소,G21306,장난감 소매업
2024-03-01,소,G21401,주유소
2024-03-01,소,G21402,가스 충전소
2024-03-01,소,G21403,가정용 연료 소매업
2024-03-01,소,G21501,약국
2024-03-01,소,G21502,의료기기 소매업
2024-03-01,소,G21503,화장품 소매업
2024-03-01,소,G21601,사무기기 소매업
2024-03-01,소,G21602,안경렌즈 소매업
2024-03-01,소,G21603,사진기/기타 광학기기 소매업
2024-03-01,소,G21701,시계/귀금속 소매업
2024-03-01,소,G21801,예술품 소매업
2024-03-01,소,G21802,기념품점
2024-03-01,소,G21901,꽃집
2024-03-01,소,G22001,애완동물/애완용품 소매업
2024-03-01,소,G22199,그 외 기타 상품 전문 소매업
2024-03-01,소,G22201,중고 상품 소매업
2024-03-01,소,I10101,호텔/리조트
2024-03-01,소,I10102,여관/모텔
2024-03-01,소,I10103,펜션
2024-03-01,소,I10104,캠핑/글램핑
2024-03-01,소,I10201,기숙사/고시원
2024-03-01,소,I10299,그 외 기타 숙박업
2024-03-01,소,I20101,백반/한정식
2024-03-01,소,I20102,국/탕/찌개류
2024-03-01,소,I20103,족발/보쌈
2024-03-01,소,I20104,전/부침개
2024-03-01,소,I20105,국수/칼국수
2024-03-01,소,I20106,냉면/밀면
2024-03-01,소,I20107,돼지고기 구이/찜
2024-03-01,소,I20108,소고기 구이/찜
2024-03-01,소,I20109,곱창 전골/구이
2024-03-01,소,I20110,닭/오리고기 구이/찜
2024-03-01,소,I20111,횟집
2024-03-01,소,I20112,해산물 구이/찜
2024-03-01,소,I20113,복 요리 전문
2024-03-01,소,I20199,기타 한식 음식점
2024-03-01,소,I20201,중국집
2024-03-01,소,I20202,마라탕/훠궈
2024-03-01,소,I20301,일식 회/초밥
2024-03-01,소,I20302,일식 카레/돈가스/덮밥
2024-03-01,소,I20303,일식 면 요리
2024-03-01,소,I20399,기타 일식 음식점
2024-03-01,소,I20401,경양식
2024-03-01,소,I20402,파스타/스테이크
2024-03-01,소,I20403,패밀리레스토랑
2024-03-01,소,I20499,기타 서양식 음식점
2024-03-01,소,I20501,베트남식 전문
2024-03-01,소,I20599,기타 동남아식 전문
2024-03-01,소,I20701,구내식당
2024-03-01,소,I20702,뷔페
2024-03-01,소,I21001,빵/도넛
2024-03-01,소,I21002,떡/한과
2024-03-01,소,I21003,피자
2024-03-01,소,I21004,버거
2024-03-01,소,I21005,토스트/샌드위치/샐러드
2024-03-01,소,I21006,치킨
2024-03-01,소,I21007,김밥/만두/분식
2024-03-01,소,I21008,아이스크림/빙수
2024-03-01,소,I21099,그 외 기타 간이 음식점
2024-03-01,소,I21101,일반 유흥 주점
2024-03-01,소,I21102,무도 유흥 주점
2024-03-01,소,I21103,생맥주 전문
2024-03-01,소,I21104,요리 주점
2024-03-01,소,I21201,카페
2024-03-01,소,L10203,부동산 중개/대리업
2024-03-01,소,M10301,변호사
2024-03-01,소,M10302,변리사
2024-03-01,소,M10303,법무사
2024-03-01,소,M10306,행정사
2024-03-01,소,M10307,공인노무사
2024-03-01,소,M10399,기타 법무관련 서비스업
2024-03-01,소,M10401,공인회계사
2024-03-01,소,M10402,세무사
2024-03-01,소,M10499,기타 회계 관련 서비스업
2024-03-01,소,M10501,광고 대행업
2024-03-01,소,M10502,옥외/전시 광고 대행업
2024-03-01,소,M10503,광고 매체 판매업
2024-03-01,소,M10504,광고물 설계/제작업
2024-03-01,소,M10599,기타 광고 관련 서비스업
2024-03-01,소,M10601,시장 조사 및 여론 조사업
2024-03-01,소,M10703,경영 컨설팅업
2024-03-01,소,M10901,건축 설계 및 관련 서비스업
2024-03-01,소,M10902,도시 계획 및 조경 설계 서비스업
2024-03-01,소,M10903,건물 및 토목 엔지니어링 서비스업
2024-03-01,소,M10904,환경 관련 엔지니어링 서비스업
2024-03-01,소,M10999,기타 엔지니어링 서비스업
2024-03-01,소,M11101,동물병원
2024-03-01,소,M11201,인테리어 디자인업
2024-03-01,소,M11202,제품 디자인업
2024-03-01,소,M11203,시각 디자인업
2024-03-01,소,M11204,패션/섬유/기타 전문 디자인업
2024-03-01,소,M11301,사진촬영업
2024-03-01,소,M11401,명함/간판/광고물 제작
2024-03-01,소,M11502,번역/통역 서비스업
2024-03-01,소,M11504,사업/무형 재산권 중개업
2024-03-01,소,N10101,사업시설 유지·관리 서비스업
2024-03-01,소,N10201,건축물 일반 청소업
2024-03-01,소,N10202,산업설비; 운송장비 및 공공장소 청소업
2024-03-01,소,N10203,소독; 구충 및 방제 서비스업
2024-03-01,소,N10301,조경 유지·관리 서비스업
2024-03-01,소,N10401,고용 알선업
2024-03-01,소,N10402,임시/일용 인력 공급업
2024-03-01,소,N10403,상용 인력 공급 및 인사관리 서비스업
2024-03-01,소,N10501,여행사
2024-03-01,소,N10599,기타 여행 보조/예약 서비스업
2024-03-01,소,N10703,복사업
2024-03-01,소,N10799,기타 사무 지원 서비스업
2024-03-01,소,N10802,전시/컨벤션/행사 대행 서비스업
2024-03-01,소,N10805,포장/충전업
2024-03-01,소,N10901,자동차 대여업
2024-03-01,소,N10999,기타 운송장비 대여업
2024-03-01,소,N11001,스포츠/레크리에이션 용품 대여업
2024-03-01,소,N11002,음반/비디오물 대여업
2024-03-01,소,N11003,만화방
2024-03-01,소,N11004,의류 대여업
2024-03-01,소,N11099,기타 개인/가정용품 대여업
2024-03-01,소,N11101,건설기계/장비 대여업
2024-03-01,소,N11102,컴퓨터/사무기기 대여업
2024-03-01,소,N11199,기타 산업용 기계/장비 대여업
2024-03-01,소,P10501,입시·교과학원
2024-03-01,소,P10601,태권도/무술학원
2024-03-01,소,P10603,요가/필라테스 학원
2024-03-01,소,P10605,레크리에이션 교육기관
2024-03-01,소,P10607,청소년 수련시설
2024-03-01,소,P10609,음악학원
2024-03-01,소,P10611,미술학원
2024-03-01,소,P10613,기타 예술/스포츠 교육기관
2024-03-01,소,P10615,외국어학원
2024-03-01,소,P10617,전문자격/고시학원
2024-03-01,소,P10619,사회교육시설
2024-03-01,소,P10621,직원 훈련기관
2024-03-01,소,P10623,운전학원
2024-03-01,소,P10625,기타 기술/직업 훈련학원
2024-03-01,소,P10627,컴퓨터 학원
2024-03-01,소,P10629,그 외 기타 교육기관
2024-03-01,소,P10701,교육컨설팅업
2024-03-01,소,P10799,기타 교육지원 서비스업
2024-03-01,소,Q10101,종합병원
2024-03-01,소,Q10102,일반병원
2024-03-01,소,Q10103,치과병원
2024-03-01,소,Q10104,한방병원
2024-03-01,소,Q10105,요양병원
2024-03-01,소,Q10201,내과/소아과 의원
2024-03-01,소,Q10202,외과 의원
2024-03-01,소,Q10203,신경/정신과 의원
2024-03-01,소,Q10204,피부/비뇨기과 의원
2024-03-01,소,Q10205,안과 의원
2024-03-01,소,Q10206,이비인후과 의원
2024-03-01,소,Q10207,산부인과 의원
2024-03-01,소,Q10208,성형외과 의원
2024-03-01,소,Q10209,기타 의원
2024-03-01,소,Q10210,치과의원
2024-03-01,소,Q10211,한의원
2024-03-01,소,Q10212,방사선 진단/병리 검사 의원
2024-03-01,소,Q10402,유사 의료업
2024-03-01,소,R10202,독서실/스터디 카페
2024-03-01,소,R10306,종합 스포츠시설
2024-03-01,소,R10307,헬스장
2024-03-01,소,R10308,수영장
2024-03-01,소,R10309,볼링장
2024-03-01,소,R10310,당구장
2024-03-01,소,R10311,골프 연습장
2024-03-01,소,R10312,테니스장
2024-03-01,소,R10313,탁구장
2024-03-01,소,R10314,기타 스포츠시설 운영업
2024-03-01,소,R10316,스쿼시/라켓볼장
2024-03-01,소,R10402,비디오방
2024-03-01,소,R10404,전자 게임장
2024-03-01,소,R10405,기타 오락장
2024-03-01,소,R10406,PC방
2024-03-01,소,R10407,노래방
2024-03-01,소,R10408,낚시터 운영업
2024-03-01,소,R10409,수상/해양 레저업
2024-03-01,소,R10410,복권 발행/판매업
2024-03-01,소,R10414,바둑/장기/체스 경기 운영업
2024-03-01,소,R10499,기타 오락관련 서비스업
2024-03-01,소,S20101,컴퓨터/노트북/프린터 수리업
2024-03-01,소,S20201,핸드폰/통신장비 수리업
2024-03-01,소,S20301,자동차 정비소
2024-03-01,소,S20302,자동차 세차장
2024-03-01,소,S20401,모터사이클 수리업
2024-03-01,소,S20501,가전제품 수리업
2024-03-01,소,S20601,의류/이불 수선업
2024-03-01,소,S20602,가죽/가방/신발 수선업
2024-03-01,소,S20603,시계/귀금속/악기 수리업
2024-03-01,소,S20699,그 외 기타 개인/가정용품 수리업
2024-03-01,소,S20701,미용실
2024-03-01,소,S20702,피부 관리실
2024-03-01,소,S20703,네일숍
2024-03-01,소,S20801,목욕탕/사우나
2024-03-01,소,S20802,마사지/안마
2024-03-01,소,S20803,체형/비만 관리
2024-03-01,소,S20901,세탁소
2024-03-01,소,S20902,셀프 빨래방
2024-03-01,소,S21001,장례식장
2024-03-01,소,S21002,화장터/묘지/납골당
2024-03-01,소,S21101,예식장업
2024-03-01,소,S21105,결혼 상담 서비스업
2024-03-01,중,G202,자동차 부품 소매
2024-03-01,중,G203,모터사이클 소매
2024-03-01,중,G204,종합 소매
2024-03-01,중,G205,식료품 소매
2024-03-01,중,G206,음료 소매
2024-03-01,중,G207,담배 소매
2024-03-01,중,G208,가전·통신 소매
2024-03-01,중,G209,섬유·의복·신발 소매
2024-03-01,중,G210,철물·건설자재 소매
2024-03-01,중,G211,가구 소매
2024-03-01,중,G212,기타 생활용품 소매
2024-03-01,중,G213,오락용품 소매
2024-03-01,중,G214,연료 소매
2024-03-01,중,G215,의약·화장품 소매
2024-03-01,중,G216,안경·정밀기기 소매
2024-03-01,중,G217,시계·귀금속 소매
2024-03-01,중,G218,장식품 소매
2024-03-01,중,G219,식물 소매
2024-03-01,중,G220,애완동물·용품 소매
2024-03-01,중,G221,기타 상품 소매
2024-03-01,중,G222,중고 상품 소매
2024-03-01,중,I101,일반 숙박
2024-03-01,중,I102,기타 숙박
2024-03-01,중,I201,한식
2024-03-01,중,I202,중식
2024-03-01,중,I203,일식
2024-03-01,중,I204,서양식
2024-03-01,중,I205,동남아시아
2024-03-01,중,I207,구내식당·뷔페
2024-03-01,중,I210,기타 간이
2024-03-01,중,I211,주점
2024-03-01,중,I212,비알코올
2024-03-01,중,L102,부동산 서비스
2024-03-01,중,M103,법무관련
2024-03-01,중,M104,회계·세무
2024-03-01,중,M105,광고
2024-03-01,중,M106,시장 조사
2024-03-01,중,M107,본사·경영 컨설팅
2024-03-01,중,M109,기술 서비스
2024-03-01,중,M111,수의
2024-03-01,중,M112,전문 디자인
2024-03-01,중,M113,사진 촬영
2024-03-01,중,M114,인쇄·제품제작
2024-03-01,중,M115,기타 전문 과학
2024-03-01,중,N101,시설관리
2024-03-01,중,N102,청소·방제
2024-03-01,중,N103,조경·유지
2024-03-01,중,N104,고용 알선
2024-03-01,중,N105,여행사·보조
2024-03-01,중,N107,사무 지원
2024-03-01,중,N108,기타 사업 서비스
2024-03-01,중,N109,운송장비 대여
2024-03-01,중,N110,가정용품 대여
2024-03-01,중,N111,산업용품 대여
2024-03-01,중,P105,일반 교육
2024-03-01,중,P106,기타 교육
2024-03-01,중,P107,교육 지원
2024-03-01,중,Q101,병원
2024-03-01,중,Q102,의원
2024-03-01,중,Q104,기타 보건
2024-03-01,중,R102,도서관·사적지
2024-03-01,중,R103,스포츠 서비스
2024-03-01,중,R104,유원지·오락
2024-03-01,중,S201,컴퓨터 수리
2024-03-01,중,S202,통신장비 수리
2024-03-01,중,S203,자동차 수리·세차
2024-03-01,중,S204,모터사이클 수리
2024-03-01,중,S205,가전제품 수리
2024-03-01,중,S206,기타 가정용품 수리
2024-03-01,중,S207,이용·미용
2024-03-01,중,S208,욕탕·신체관리
2024-03-01,중,S209,세탁
2024-03-01,중,S210,장례식장
2024-03-01,중,S211,기타 개인
2024-06-01,대,G2,소매
2024-06-01,대,I1,숙박
2024-06-01,대,I2,음식
2024-06-01,대,L1,부동산
2024-06-01,대,M1,과학·기술
2024-06-01,대,N1,시설관리·임대
2024-06-01,대,P1,교육
2024-06-01,대,Q1,보건의료
2024-06-01,대,R1,예술·스포츠
2024-06-01,대,S2,수리·개인
2024-06-01,소,G20201,타이어 소매업
2024-06-01,소,G20202,자동차 부품 소매업
2024-06-01,소,G20301,모터사이클 및 부품 소매업
2024-06-01,소,G20404,슈퍼마켓
2024-06-01,소,G20405,편의점
2024-06-01,소,G20499,그 외 기타 종합 소매업
2024-06-01,소,G20501,곡물/곡분 소매업
2024-06-01,소,G20502,가축 사료 소매업
2024-06-01,소,G20503,정육점
2024-06-01,소,G20504,건어물/젓갈 소매업
2024-06-01,소,G20505,수산물 소매업
2024-06-01,소,G20506,채소/과일 소매업
2024-06-01,소,G20507,아이스크림 할인점
2024-06-01,소,G20508,건강보조식품 소매업
2024-06-01,소,G20509,반찬/식료품 소매업
2024-06-01,소,G20601,얼음 소매업
2024-06-01,소,G20602,주류 소매업
2024-06-01,소,G20603,생수/음료 소매업
2024-06-01,소,G20604,우유 소매업
2024-06-01,소,G20701,담배/전자담배 소매업
2024-06-01,소,G20801,컴퓨터/소프트웨어 소매업
2024-06-01,소,G20802,핸드폰 소매업
2024-06-01,소,G20803,가전제품 소매업
2024-06-01,소,G20901,남성 의류 소매업
2024-06-01,소,G20902,여성 의류 소매업
2024-06-01,소,G20903,유아용 의류 소매업
2024-06-01,소,G20904,한복 소매업
2024-06-01,소,G20905,기타 의류 소매업
2024-06-01,소,G20906,침구류/커튼 소매업
2024-06-01,소,G20907,액세서리/잡화 소매업
2024-06-01,소,G20908,가발 소매업
2024-06-01,소,G20909,실/섬유제품 소매업
2024-06-01,소,G20910,신발 소매업
2024-06-01,소,G20911,가방 소매업
2024-06-01,소,G21001,철물/공구 소매업
2024-06-01,소,G21002,벽지/장판/마루 소매업
2024-06-01,소,G21003,건설/건축자재 소매업
2024-06-01,소,G21099,기타 건설/건축자재 소매업
2024-06-01,소,G21101,가구 소매업
2024-06-01,소,G21201,전기용품/조명장치 소매업
2024-06-01,소,G21202,주방/가정용품 소매업
2024-06-01,소,G21203,악기 소매업
2024-06-01,소,G21301,서점
2024-06-01,소,G21302,문구/회화용품 소매업
2024-06-01,소,G21303,음반/비디오물 소매업
2024-06-01,소,G21304,운동용품 소매업
2024-06-01,소,G21305,자전거 소매업
2024-06-01,소,G21306,장난감 소매업
2024-06-01,소,G21401,주유소
2024-06-01,소,G21402,가스 충전소
2024-06-01,소,G21403,가정용 연료 소매업
2024-06-01,소,G21501,약국
2024-06-01,소,G21502,의료기기 소매업
2024-06-01,소,G21503,화장품 소매업
2024-06-01,소,G21601,사무기기 소매업
2024-06-01,소,G21602,안경렌즈 소매업
2024-06-01,소,G21603,사진기/기타 광학기기 소매업
2024-06-01,소,G21701,시계/귀금속 소매업
2024-06-01,소,G21801,예술품 소매업
2024-06-01,소,G21802,기념품점
2024-06-01,소,G21901,꽃집
2024-06-01,소,G22001,애완동물/애완용품 소매업
2024-06-01,소,G22199,그 외 기타 상품 전문 소매업
2024-06-01,소,G22201,중고 상품 소매업
2024-06-01,소,I10101,호텔/리조트
2024-06-01,소,I10102,여관/모텔
2024-06-01,소,I10103,펜션
2024-06-01,소,I10104,캠핑/글램핑
2024-06-01,소,I10201,기숙사/고시원
2024-06-01,소,I10299,그 외 기타 숙박업
2024-06-01,소,I20101,백반/한정식
2024-06-01,소,I20102,국/탕/찌개류
2024-06-01,소,I20103,족발/보쌈
2024-06-01,소,I20104,전/부침개
2024-06-01,소,I20105,국수/칼국수
2024-06-01,소,I20106,냉면/밀면
2024-06-01,소,I20107,돼지고기 구이/찜
2024-06-01,소,I20108,소고기 구이/찜
2024-06-01,소,I20109,곱창 전골/구이
2024-06-01,소,I20110,닭/오리고기 구이/찜
2024-06-01,소,I20111,횟집
2024-06-01,소,I20112,해산물 구이/찜
2024-06-01,소,I20113,복 요리 전문
2024-06-01,소,I20199,기타 한식 음식점
2024-06-01,소,I20201,중국집
2024-06-01,소,I20202,마라탕/훠궈
2024-06-01,소,I20301,일식 회/초밥
2024-06-01,소,I20302,일식 카레/돈가스/덮밥
2024-06-01,소,I20303,일식 면 요리
2024-06-01,소,I20399,기타 일식 음식점
2024-06-01,소,I20401,경양식
2024-06-01,소,I20402,파스타/스테이크
2024-06-01,소,I20403,패밀리레스토랑
2024-06-01,소,I20499,기타 서양식 음식점
2024-06-01,소,I20501,베트남식 전문
2024-06-01,소,I20599,기타 동남아식 전문
2024-06-01,소,I20701,구내식당
2024-06-01,소,I20702,뷔페
2024-06-01,소,I21001,빵/도넛
2024-06-01,소,I21002,떡/한과
2024-06-01,소,I21003,피자
2024-06-01,소,I21004,버거
2024-06-01,소,I21005,토스트/샌드위치/샐러드
2024-06-01,소,I21006,치킨
2024-06-01,소,I21007,김밥/만두/분식
2024-06-01,소,I21008,아이스크림/빙수
2024-06-01,소,I21099,그 외 기타 간이 음식점
2024-06-01,소,I21101,일반 유흥 주점
2024-06-01,소,I21102,무도 유흥 주점
2024-06-01,소,I21103,생맥주 전문
2024-06-01,소,I21104,요리 주점
2024-06-01,소,I21201,카페
2024-06-01,소,L10203,부동산 중개/대리업
2024-06-01,소,M10301,변호사
2024-06-01,소,M10302,변리사
2024-06-01,소,M10303,법무사
2024-06-01,소,M10306,행정사
2024-06-01,소,M10307,공인노무사
2024-06-01,소,M10399,기타 법무관련 서비스업
2024-06-01,소,M10401,공인회계사
2024-06-01,소,M10402,세무사
2024-06-01,소,M10499,기타 회계 관련 서비스업
2024-06-01,소,M10501,광고 대행업
2024-06-01,소,M10502,옥외/전시 광고 대행업
2024-06-01,소,M10503,광고 매체 판매업
2024-06-01,소,M10504,광고물 설계/제작업
2024-06-01,소,M10599,기타 광고 관련 서비스업
2024-06-01,소,M10601,시장 조사 및 여론 조사업
2024-06-01,소,M10703,경영 컨설팅업
2024-06-01,소,M10901,건축 설계 및 관련 서비스업
2024-06-01,소,M10902,도시 계획 및 조경 설계 서비스업
2024-06-01,소,M10903,건물 및 토목 엔지니어링 서비스업
2024-06-01,소,M10904,환경 관련 엔지니어링 서비스업
2024-06-01,소,M10999,기타 엔지니어링 서비스업
2024-06-01,소,M11101,동물병원
2024-06-01,소,M11201,인테리어 디자인업
2024-06-01,소,M11202,제품 디자인업
2024-06-01,소,M11203,시각 디자인업
2024-06-01,소,M11204,패션/섬유/기타 전문 디자인업
2024-06-01,소,M11301,사진촬영업
2024-06-01,소,M11401,명함/간판/광고물 제작
2024-06-01,소,M11502,번역/통역 서비스업
2024-06-01,소,M11504,사업/무형 재산권 중개업
2024-06-01,소,N10101,사업시설 유지·관리 서비스업
2024-06-01,소,N10201,건축물 일반 청소업
2024-06-01,소,N10202,산업설비; 운송장비 및 공공장소 청소업
2024-06-01,소,N10203,소독; 구충 및 방제 서비스업
2024-06-01,소,N10301,조경 유지·관리 서비스업
2024-06-01,소,N10401,고용 알선업
2024-06-01,소,N10402,임시/일용 인력 공급업
2024-06-01,소,N10403,상용 인력 공급 및 인사관리 서비스업
2024-06-01,소,N10501,여행사
2024-06-01,소,N10599,기타 여행 보조/예약 서비스업
2024-06-01,소,N10703,복사업
2024-06-01,소,N10799,기타 사무 지원 서비스업
2024-06-01,소,N10802,전시/컨벤션/행사 대행 서비스업
2024-06-01,소,N10805,포장/충전업
2024-06-01,소,N10901,자동차 대여업
2024-06-01,소,N10999,기타 운송장비 대여업
2024-06-01,소,N11001,스포츠/레크리에이션 용품 대여업
2024-06-01,소,N11002,음반/비디오물 대여업
2024-06-01,소,N11003,만화방
2024-06-01,소,N11004,의류 대여업
2024-06-01,소,N11099,기타 개인/가정용품 대여업
2024-06-01,소,N11101,건설기계/장비 대여업
2024-06-01,소,N11102,컴퓨터/사무기기 대여업
2024-06-01,소,N11199,기타 산업용 기계/장비 대여업
2024-06-01,소,P10501,입시·교과학원
2024-06-01,소,P10601,태권도/무술학원
2024-06-01,소,P10603,요가/필라테스 학원
2024-06-01,소,P10605,레크리에이션 교육기관
2024-06-01,소,P10607,청소년 수련시설
2024-06-01,소,P10609,음악학원
2024-06-01,소,P10611,미술학원
2024-06-01,소,P10613,기타 예술/스포츠 교육기관
2024-06-01,소,P10615,외국어학원
2024-06-01,소,P10617,전문자격/고시학원
2024-06-01,소,P10619,사회교육시설
2024-06-01,소,P10621,직원 훈련기관
2024-06-01,소,P10623,운전학원
2024-06-01,소,P10625,기타 기술/직업 훈련학원
2024-06-01,소,P10627,컴퓨터 학원
2024-06-01,소,P10629,그 외 기타 교육기관
2024-06-01,소,P10701,교육컨설팅업
2024-06-01,소,P10799,기타 교육지원 서비스업
2024-06-01,소,Q10101,종합병원
2024-06-01,소,Q10102,일반병원
2024-06-01,소,Q10103,치과병원
2024-06-01,소,Q10104,한방병원
2024-06-01,소,Q10105,요양병원
2024-06-01,소,Q10201,내과/소아과 의원
2024-06-01,소,Q10202,외과 의원
2024-06-01,소,Q10203,신경/정신과 의원
2024-06-01,소,Q10204,피부/비뇨기과 의원
2024-06-01,소,Q10205,안과 의원
2024-06-01,소,Q10206,이비인후과 의원
2024-06-01,소,Q10207,산부인과 의원
2024-06-01,소,Q10208,성형외과 의원
2024-06-01,소,Q10209,기타 의원
2024-06-01,소,Q10210,치과의원
2024-06-01,소,Q10211,한의원
2024-06-01,소,Q10212,방사선 진단/병리 검사 의원
2024-06-01,소,Q10402,유사 의료업
2024-06-01,소,R10202,독서실/스터디 카페
2024-06-01,소,R10306,종합 스포츠시설
2024-06-01,소,R10307,헬스장
2024-06-01,소,R10308,수영장
2024-06-01,소,R10309,볼링장
2024-06-01,소,R10310,당구장
2024-06-01,소,R10311,골프 연습장
2024-06-01,소,R10312,테니스장
2024-06-01,소,R10313,탁구장
2024-06-01,소,R10314,기타 스포츠시설 운영업
2024-06-01,소,R10316,스쿼시/라켓볼장
2024-06-01,소,R10402,비디오방
2024-06-01,소,R10404,전자 게임장
2024-06-01,소,R10405,기타 오락장
2024-06-01,소,R10406,PC방
2024-06-01,소,R10407,노래방
2024-06-01,소,R10408,낚시터 운영업
2024-06-01,소,R10409,수상/해양 레저업
2024-06-01,소,R10410,복권 발행/판매업
2024-06-01,소,R10414,바둑/장기/체스 경기 운영업
2024-06-01,소,R10499,기타 오락관련 서비스업
2024-06-01,소,S20101,컴퓨터/노트북/프린터 수리업
2024-06-01,소,S20201,핸드폰/통신장비 수리업
2024-06-01,소,S20301,자동차 정비소
2024-06-01,소,S20302,자동차 세차장
2024-06-01,소,S20401,모터사이클 수리업
2024-06-01,소,S20501,가전제품 수리업
2024-06-01,소,S20601,의류/이불 수선업
2024-06-01,소,S20602,가죽/가방/신발 수선업
2024-06-01,소,S20603,시계/귀금속/악기 수리업
2024-06-01,소,S20699,그 외 기타 개인/가정용품 수리업
2024-06-01,소,S20701,미용실
2024-06-01,소,S20702,피부 관리실
2024-06-01,소,S20703,네일숍
2024-06-01,소,S20801,목욕탕/사우나
2024-06-01,소,S20802,마사지/안마
2024-06-01,소,S20803,체형/비만 관리
2024-06-01,소,S20901,세탁소
2024-06-01,소,S20902,셀프 빨래방
2024-06-01,소,S21001,장례식장
2024-06-01,소,S21002,화장터/묘지/납골당
2024-06-01,소,S21101,예식장업
2024-06-01,소,S21105,결혼 상담 서비스업
2024-06-01,중,G202,자동차 부품 소매
2024-06-01,중,G203,모터사이클 소매
2024-06-01,중,G204,종합 소매
2024-06-01,중,G205,식료품 소매
2024-06-01,중,G206,음료 소매
2024-06-01,중,G207,담배 소매
2024-06-01,중,G208,가전·통신 소매
2024-06-01,중,G209,섬유·의복·신발 소매
2024-06-01,중,G210,철물·건설자재 소매
2024-06-01,중,G211,가구 소매
2024-06-01,중,G212,기타 생활용품 소매
2024-06-01,중,G213,오락용품 소매
2024-06-01,중,G214,연료 소매
2024-06-01,중,G215,의약·화장품 소매
2024-06-01,중,G216,안경·정밀기기 소매
2024-06-01,중,G217,시계·귀금속 소매
2024-06-01,중,G218,장식품 소매
2024-06-01,중,G219,식물 소매
2024-06-01,중,G220,애완동물·용품 소매
2024-06-01,중,G221,기타 상품 소매
2024-06-01,중,G222,중고 상품 소매
2024-06-01,중,I101,일반 숙박
2024-06-01,중,I102,기타 숙박
2024-06-01,중,I201,한식
2024-06-01,중,I202,중식
2024-06-01,중,I203,일식
2024-06-01,중,I204,서양식
2024-06-01,중,I205,동남아시아
2024-06-01,중,I207,구내식당·뷔페
2024-06-01,중,I210,기타 간이
2024-06-01,중,I211,주점
2024-06-01,중,I212,비알코올
2024-06-01,중,L102,부동산 서비스
2024-06-01,중,M103,법무관련
2024-06-01,중,M104,회계·세무
2024-06-01,중,M105,광고
2024-06-01,중,M106,시장 조사
2024-06-01,중,M107,본사·경영 컨설팅
2024-06-01,중,M109,기술 서비스
2024-06-01,중,M111,수의
2024-06-01,중,M112,전문 디자인
2024-06-01,중,M113,사진 촬영
2024-06-01,중,M114,인쇄·제품제작
2024-06-01,중,M115,기타 전문 과학
2024-06-01,중,N101,시설관리
2024-06-01,중,N102,청소·방제
2024-06-01,중,N103,조경·유지
2024-06-01,중,N104,고용 알선
2024-06-01,중,N105,여행사·보조
2024-06-01,중,N107,사무 지원
2024-06-01,중,N108,기타 사업 서비스
2024-06-01,중,N109,운송장비 대여
2024-06-01,중,N110,가정용품 대여
2024-06-01,중,N111,산업용품 대여
2024-06-01,중,P105,일반 교육
2024-06-01,중,P106,기타 교육
2024-06-01,중,P107,교육 지원
2024-06-01,중,Q101,병원
2024-06-01,중,Q102,의원
2024-06-01,중,Q104,기타 보건
2024-06-01,중,R102,도서관·사적지
2024-06-01,중,R103,스포츠 서비스
2024-06-01,중,R104,유원지·오락
2024-06-01,중,S201,컴퓨터 수리
2024-06-01,중,S202,통신장비 수리
2024-06-01,중,S203,자동차 수리·세차
2024-06-01,중,S204,모터사이클 수리
2024-06-01,중,S205,가전제품 수리
2024-06-01,중,S206,기타 가정용품 수리
2024-06-01,중,S207,이용·미용
2024-06-01,중,S208,욕탕·신체관리
2024-06-01,중,S209,세탁
2024-06-01,중,S210,장례식장
2024-06-01,중,S211,기타 개인
2024-09-01,대,G2,소매
2024-09-01,대,I1,숙박
2024-09-01,대,I2,음식
2024-09-01,대,L1,부동산
2024-09-01,대,M1,과학·기술
2024-09-01,대,N1,시설관리·임대
2024-09-01,대,P1,교육
2024-09-01,대,Q1,보건의료
2024-09-01,대,R1,예술·스포츠
2024-09-01,대,S2,수리·개인
2024-09-01,소,G20201,타이어 소매업
2024-09-01,소,G20202,자동차 부품 소매업
2024-09-01,소,G20301,모터사이클 및 부품 소매업
2024-09-01,소,G20404,슈퍼마켓
2024-09-01,소,G20405,편의점
2024-09-01,소,G20499,그 외 기타 종합 소매업
2024-09-01,소,G20501,곡물/곡분 소매업
2024-09-01,소,G20502,가축 사료 소매업
2024-09-01,소,G20503,정육점
2024-09-01,소,G20504,건어물/젓갈 소매업
2024-09-01,소,G20505,수산물 소매업
2024-09-01,소,G20506,채소/과일 소매업
2024-09-01,소,G20507,아이스크림 할인점
2024-09-01,소,G20508,건강보조식품 소매업
2024-09-01,소,G20509,반찬/식료품 소매업
2024-09-01,소,G20601,얼음 소매업
2024-09-01,소,G20602,주류 소매업
2024-09-01,소,G20603,생수/음료 소매업
2024-09-01,소,G20604,우유 소매업
2024-09-01,소,G20701,담배/전자담배 소매업
2024-09-01,소,G20801,컴퓨터/소프트웨어 소매업
2024-09-01,소,G20802,핸드폰 소매업
2024-09-01,소,G20803,가전제품 소매업
2024-09-01,소,G20901,남성 의류 소매업
2024-09-01,소,G20902,여성 의류 소매업
2024-09-01,소,G20903,유아용 의류 소매업
2024-09-01,소,G20904,한복 소매업
2024-09-01,소,G20905,기타 의류 소매업
2024-09-01,소,G20906,침구류/커튼 소매업
2024-09-01,소,G20907,액세서리/잡화 소매업
2024-09-01,소,G20908,가발 소매업
2024-09-01,소,G20909,실/섬유제품 소매업
2024-09-01,소,G20910,신발 소매업
2024-09-01,소,G20911,가방 소매업
2024-09-01,소,G21001,철물/공구 소매업
2024-09-01,소,G21002,벽지/장판/마루 소매업
2024-09-01,소,G21003,건설/건축자재 소매업
2024-09-01,소,G21099,기타 건설/건축자재 소매업
2024-09-01,소,G21101,가구 소매업
2024-09-01,소,G21201,전기용품/조명장치 소매업
2024-09-01,소,G21202,주방/가정용품 소매업
2024-09-01,소,G21203,악기 소매업
2024-09-01,소,G21301,서점
2024-09-01,소,G21302,문구/회화용품 소매업
2024-09-01,소,G21303,음반/비디오물 소매업
2024-09-01,소,G21304,운동용품 소매업
2024-09-01,소,G21305,자전거 소매업
2024-09-01,소,G21306,장난감 소매업
2024-09-01,소,G21401,주유소
2024-09-01,소,G21402,가스 충전소
2024-09-01,소,G21403,가정용 연료 소매업
2024-09-01,소,G21501,약국
2024-09-01,소,G21502,의료기기 소매업
2024-09-01,소,G21503,화장품 소매업
2024-09-01,소,G21601,사무기기 소매업
2024-09-01,소,G21602,안경렌즈 소매업
2024-09-01,소,G21603,사진기/기타 광학기기 소매업
2024-09-01,소,G21701,시계/귀금속 소매업
2024-09-01,소,G21801,예술품 소매업
2024-09-01,소,G21802,기념품점
2024-09-01,소,G21901,꽃집
2024-09-01,소,G22001,애완동물/애완용품 소매업
2024-09-01,소,G22199,그 외 기타 상품 전문 소매업
2024-09-01,소,G22201,중고 상품 소매업
2024-09-01,소,I10101,호텔/리조트
2024-09-01,소,I10102,여관/모텔
2024-09-01,소,I10103,펜션
2024-09-01,소,I10104,캠핑/글램핑
2024-09-01,소,I10201,기숙사/고시원
2024-09-01,소,I10299,그 외 기타 숙박업
2024-09-01,소,I20101,백반/한정식
2024-09-01,소,I20102,국/탕/찌개류
2024-09-01,소,I20103,족발/보쌈
2024-09-01,소,I20104,전/부침개
2024-09-01,소,I20105,국수/칼국수
2024-09-01,소,I20106,냉면/밀면
2024-09-01,소,I20107,돼지고기 구이/찜
2024-09-01,소,I20108,소고기 구이/찜
2024-09-01,소,I20109,곱창 전골/구이
2024-09-01,소,I20110,닭/오리고기 구이/찜
2024-09-01,소,I20111,횟집
2024-09-01,소,I20112,해산물 구이/찜
2024-09-01,소,I20113,복 요리 전문
2024-09-01,소,I20199,기타 한식 음식점
2024-09-01,소,I20201,중국집
2024-09-01,소,I20202,마라탕/훠궈
2024-09-01,소,I20301,일식 회/초밥
2024-09-01,소,I20302,일식 카레/돈가스/덮밥
2024-09-01,소,I20303,일식 면 요리
2024-09-01,소,I20399,기타 일식 음식점
2024-09-01,소,I20401,경양식
2024-09-01,소,I20402,파스타/스테이크
2024-09-01,소,I20403,패밀리레스토랑
2024-09-01,소,I20499,기타 서양식 음식점
2024-09-01,소,I20501,베트남식 전문
2024-09-01,소,I20599,기타 동남아식 전문
2024-09-01,소,I20701,구내식당
2024-09-01,소,I20702,뷔페
2024-09-01,소,I21001,빵/도넛
2024-09-01,소,I21002,떡/한과
2024-09-01,소,I21003,피자
2024-09-01,소,I21004,버거
2024-09-01,소,I21005,토스트/샌드위치/샐러드
2024-09-01,소,I21006,치킨
2024-09-01,소,I21007,김밥/만두/분식
2024-09-01,소,I21008,아이스크림/빙수
2024-09-01,소,I21099,그 외 기타 간이 음식점
2024-09-01,소,I21101,일반 유흥 주점
2024-09-01,소,I21102,무도 유흥 주점
2024-09-01,소,I21103,생맥주 전문
2024-09-01,소,I21104,요리 주점
2024-09-01,소,I21201,카페
2024-09-01,소,L10203,부동산 중개/대리업
2024-09-01,소,M10301,변호사
2024-09-01,소,M10302,변리사
2024-09-01,소,M10303,법무사
2024-09-01,소,M10306,행정사
2024-09-01,소,M10307,공인노무사
2024-09-01,소,M10399,기타 법무관련 서비스업
2024-09-01,소,M10401,공인회계사
2024-09-01,소,M10402,세무사
2024-09-01,소,M10499,기타 회계 관련 서비스업
2024-09-01,소,M10501,광고 대행업
2024-09-01,소,M10502,옥외/전시 광고 대행업
2024-09-01,소,M10503,광고 매체 판매업
2024-09-01,소,M10504,광고물 설계/제작업
2024-09-01,소,M10599,기타 광고 관련 서비스업
2024-09-01,소,M10601,시장 조사 및 여론 조사업
2024-09-01,소,M10703,경영 컨설팅업
2024-09-01,소,M10901,건축 설계 및 관련 서비스업
2024-09-01,소,M10902,도시 계획 및 조경 설계 서비스업
2024-09-01,소,M10903,건물 및 토목 엔지니어링 서비스업
2024-09-01,소,M10904,환경 관련 엔지니어링 서비스업
2024-09-01,소,M10999,기타 엔지니어링 서비스업
2024-09-01,소,M11101,동물병원
2024-09-01,소,M11201,인테리어 디자인업
2024-09-01,소,M11202,제품 디자인업
2024-09-01,소,M11203,시각 디자인업
2024-09-01,소,M11204,패션/섬유/기타 전문 디자인업
2024-09-01,소,M11301,사진촬영업
2024-09-01,소,M11401,명함/간판/광고물 제작
2024-09-01,소,M11502,번역/통역 서비스업
2024-09-01,소,M11504,사업/무형 재산권 중개업
2024-09-01,소,N10101,사업시설 유지·관리 서비스업
2024-09-01,소,N10201,건축물 일반 청소업
2024-09-01,소,N10202,산업설비; 운송장비 및 공공장소 청소업
2024-09-01,소,N10203,소독; 구충 및 방제 서비스업
2024-09-01,소,N10301,조경 유지·관리 서비스업
2024-09-01,소,N10401,고용 알선업
2024-09-01,소,N10402,임시/일용 인력 공급업
2024-09-01,소,N10403,상용 인력 공급 및 인사관리 서비스업
2024-09-01,소,N10501,여행사
2024-09-01,소,N10599,기타 여행 보조/예약 서비스업
2024-09-01,소,N10703,복사업
2024-09-01,소,N10799,기타 사무 지원 서비스업
2024-09-01,소,N10802,전시/컨벤션/행사 대행 서비스업
2024-09-01,소,N10805,포장/충전업
2024-09-01,소,N10901,자동차 대여업
2024-09-01,소,N10999,기타 운송장비 대여업
2024-09-01,소,N11001,스포츠/레크리에이션 용품 대여업
2024-09-01,소,N11002,음반/비디오물 대여업
2024-09-01,소,N11003,만화방
2024-09-01,소,N11004,의류 대여업
2024-09-01,소,N11099,기타 개인/가정용품 대여업
2024-09-01,소,N11101,건설기계/장비 대여업
2024-09-01,소,N11102,컴퓨터/사무기기 대여업
2024-09-01,소,N11199,기타 산업용 기계/장비 대여업
2024-09-01,소,P10501,입시·교과학원
2024-09-01,소,P10601,태권도/무술학원
2024-09-01,소,P10603,요가/필라테스 학원
2024-09-01,소,P10605,레크리에이션 교육기관
2024-09-01,소,P10607,청소년 수련시설
2024-09-01,소,P10609,음악학원
2024-09-01,소,P10611,미술학원
2024-09-01,소,P10613,기타 예술/스포츠 교육기관
2024-09-01,소,P10615,외국어학원
2024-09-01,소,P10617,전문자격/고시학원
2024-09-01,소,P10619,사회교육시설
2024-09-01,소,P10621,직원 훈련기관
2024-09-01,소,P10623,운전학원
2024-09-01,소,P10625,기타 기술/직업 훈련학원
2024-09-01,소,P10627,컴퓨터 학원
2024-09-01,소,P10629,그 외 기타 교육기관
2024-09-01,소,P10701,교육컨설팅업
2024-09-01,소,P10799,기타 교육지원 서비스업
2024-09-01,소,Q10101,종합병원
2024-09-01,소,Q10102,일반병원
2024-09-01,소,Q10103,치과병원
2024-09-01,소,Q10104,한방병원
2024-09-01,소,Q10105,요양병원
2024-09-01,소,Q10201,내과/소아과 의원
2024-09-01,소,Q10202,외과 의원
2024-09-01,소,Q10203,신경/정신과 의원
2024-09-01,소,Q10204,피부/비뇨기과 의원
2024-09-01,소,Q10205,안과 의원
2024-09-01,소,Q10206,이비인후과 의원
2024-09-01,소,Q10207,산부인과 의원
2024-09-01,소,Q10208,성형외과 의원
2024-09-01,소,Q10209,기타 의원
2024-09-01,소,Q10210,치과의원
2024-09-01,소,Q10211,한의원
2024-09-01,소,Q10212,방사선 진단/병리 검사 의원
2024-09-01,소,Q10402,유사 의료업
2024-09-01,소,R10202,독서실/스터디 카페
2024-09-01,소,R10306,종합 스포츠시설
2024-09-01,소,R10307,헬스장
2024-09-01,소,R10308,수영장
2024-09-01,소,R10309,볼링장
2024-09-01,소,R10310,당구장
2024-09-01,소,R10311,골프 연습장
2024-09-01,소,R10312,테니스장
2024-09-01,소,R10313,탁구장
2024-09-01,소,R10314,기타 스포츠시설 운영업
2024-09-01,소,R10316,스쿼시/라켓볼장
2024-09-01,소,R10402,비디오방
2024-09-01,소,R10404,전자 게임장
2024-09-01,소,R10405,기타 오락장
2024-09-01,소,R10406,PC방
2024-09-01,소,R10407,노래방
2024-09-01,소,R10408,낚시터 운영업
2024-09-01,소,R10409,수상/해양 레저업
2024-09-01,소,R10410,복권 발행/판매업
2024-09-01,소,R10414,바둑/장기/체스 경기 운영업
2024-09-01,소,R10499,기타 오락관련 서비스업
2024-09-01,소,S20101,컴퓨터/노트북/프린터 수리업
2024-09-01,소,S20201,핸드폰/통신장비 수리업
2024-09-01,소,S20301,자동차 정비소
2024-09-01,소,S20302,자동차 세차장
2024-09-01,소,S20401,모터사이클 수리업
2024-09-01,소,S20501,가전제품 수리업
2024-09-01,소,S20601,의류/이불 수선업
2024-09-01,소,S20602,가죽/가방/신발 수선업
2024-09-01,소,S20603,시계/귀금속/악기 수리업
2024-09-01,소,S20699,그 외 기타 개인/가정용품 수리업
2024-09-01,소,S20701,미용실
2024-09-01,소,S20702,피부 관리실
2024-09-01,소,S20703,네일숍
2024-09-01,소,S20801,목욕탕/사우나
2024-09-01,소,S20802,마사지/안마
2024-09-01,소,S20803,체형/비만 관리
2024-09-01,소,S20901,세탁소
2024-09-01,소,S20902,셀프 빨래방
2024-09-01,소,S21001,장례식장
2024-09-01,소,S21002,화장터/묘지/납골당
2024-09-01,소,S21101,예식장업
2024-09-01,소,S21105,결혼 상담 서비스업
2024-09-01,중,G202,자동차 부품 소매
2024-09-01,중,G203,모터사이클 소매
2024-09-01,중,G204,종합 소매
2024-09-01,중,G205,식료품 소매
2024-09-01,중,G206,음료 소매
2024-09-01,중,G207,담배 소매
2024-09-01,중,G208,가전·통신 소매
2024-09-01,중,G209,섬유·의복·신발 소매
2024-09-01,중,G210,철물·건설자재 소매
2024-09-01,중,G211,가구 소매
2024-09-01,중,G212,기타 생활용품 소매
2024-09-01,중,G213,오락용품 소매
2024-09-01,중,G214,연료 소매
2024-09-01,중,G215,의약·화장품 소매
2024-09-01,중,G216,안경·정밀기기 소매
2024-09-01,중,G217,시계·귀금속 소매
2024-09-01,중,G218,장식품 소매
2024-09-01,중,G219,식물 소매
2024-09-01,중,G220,애완동물·용품 소매
2024-09-01,중,G221,기타 상품 소매
2024-09-01,중,G222,중고 상품 소매
2024-09-01,중,I101,일반 숙박
2024-09-01,중,I102,기타 숙박
2024-09-01,중,I201,한식
2024-09-01,중,I202,중식
2024-09-01,중,I203,일식
2024-09-01,중,I204,서양식
2024-09-01,중,I205,동남아시아
2024-09-01,중,I207,구내식당·뷔페
2024-09-01,중,I210,기타 간이
2024-09-01,중,I211,주점
2024-09-01,중,I212,비알코올
2024-09-01,중,L102,부동산 서비스
2024-09-01,중,M103,법무관련
2024-09-01,중,M104,회계·세무
2024-09-01,중,M105,광고
2024-09-01,중,M106,시장 조사
2024-09-01,중,M107,본사·경영 컨설팅
2024-09-01,중,M109,기술 서비스
2024-09-01,중,M111,수의
2024-09-01,중,M112,전문 디자인
2024-09-01,중,M113,사진 촬영
2024-09-01,중,M114,인쇄·제품제작
2024-09-01,중,M115,기타 전문 과학
2024-09-01,중,N101,시설관리
2024-09-01,중,N102,청소·방제
2024-09-01,중,N103,조경·유지
2024-09-01,중,N104,고용 알선
2024-09-01,중,N105,여행사·보조
2024-09-01,중,N107,사무 지원
2024-09-01,중,N108,기타 사업 서비스
2024-09-01,중,N109,운송장비 대여
2024-09-01,중,N110,가정용품 대여
2024-09-01,중,N111,산업용품 대여
2024-09-01,중,P105,일반 교육
2024-09-01,중,P106,기타 교육
2024-09-01,중,P107,교육 지원
2024-09-01,중,Q101,병원
2024-09-01,중,Q102,의원
2024-09-01,중,Q104,기타 보건
2024-09-01,중,R102,도서관·사적지
2024-09-01,중,R103,스포츠 서비스
2024-09-01,중,R104,유원지·오락
2024-09-01,중,S201,컴퓨터 수리
2024-09-01,중,S202,통신장비 수리
2024-09-01,중,S203,자동차 수리·세차
2024-09-01,중,S204,모터사이클 수리
2024-09-01,중,S205,가전제품 수리
2024-09-01,중,S206,기타 가정용품 수리
2024-09-01,중,S207,이용·미용
2024-09-01,중,S208,욕탕·신체관리
2024-09-01,중,S209,세탁
2024-09-01,중,S210,장례식장
2024-09-01,중,S211,기타 개인
2024-12-01,대,G2,소매
2024-12-01,대,I1,숙박
2024-12-01,대,I2,음식
2024-12-01,대,L1,부동산
2024-12-01,대,M1,과학·기술
2024-12-01,대,N1,시설관리·임대
2024-12-01,대,P1,교육
2024-12-01,대,Q1,보건의료
2024-12-01,대,R1,예술·스포츠
2024-12-01,대,S2,수리·개인
2024-12-01,소,G20201,타이어 소매업
2024-12-01,소,G20202,자동차 부품 소매업
2024-12-01,소,G20301,모터사이클 및 부품 소매업
2024-12-01,소,G20404,슈퍼마켓
2024-12-01,소,G20405,편의점
2024-12-01,소,G20499,그 외 기타 종합 소매업
2024-12-01,소,G20501,곡물/곡분 소매업
2024-12-01,소,G20502,가축 사료 소매업
2024-12-01,소,G20503,정육점
2024-12-01,소,G20504,건어물/젓갈 소매업
2024-12-01,소,G20505,수산물 소매업
2024-12-01,소,G20506,채소/과일 소매업
2024-12-01,소,G20507,아이스크림 할인점
2024-12-01,소,G20508,건강보조식품 소매업
2024-12-01,소,G20509,반찬/식료품 소매업
2024-12-01,소,G20601,얼음 소매업
2024-12-01,소,G20602,주류 소매업
2024-12-01,소,G20603,생수/음료 소매업
2024-12-01,소,G20604,우유 소매업
2024-12-01,소,G20701,담배/전자담배 소매업
2024-12-01,소,G20801,컴퓨터/소프트웨어 소매업
2024-12-01,소,G20802,핸드폰 소매업
2024-12-01,소,G20803,가전제품 소매업
2024-12-01,소,G20901,남성 의류 소매업
2024-12-01,소,G20902,여성 의류 소매업
2024-12-01,소,G20903,유아용 의류 소매업
2024-12-01,소,G20904,한복 소매업
2024-12-01,소,G20905,기타 의류 소매업
2024-12-01,소,G20906,침구류/커튼 소매업
2024-12-01,소,G20907,액세서리/잡화 소매업
2024-12-01,소,G20908,가발 소매업
2024-12-01,소,G20909,실/섬유제품 소매업
2024-12-01,소,G20910,신발 소매업
2024-12-01,소,G20911,가방 소매업
2024-12-01,소,G21001,철물/공구 소매업
2024-12-01,소,G21002,벽지/장판/마루 소매업
2024-12-01,소,G21003,건설/건축자재 소매업
2024-12-01,소,G21099,기타 건설/건축자재 소매업
2024-12-01,소,G21101,가구 소매업
2024-12-01,소,G21201,전기용품/조명장치 소매업
2024-12-01,소,G21202,주방/가정용품 소매업
2024-12-01,소,G21203,악기 소매업
2024-12-01,소,G21301,서점
2024-12-01,소,G21302,문구/회화용품 소매업
2024-12-01,소,G21303,음반/비디오물 소매업
2024-12-01,소,G21304,운동용품 소매업
2024-12-01,소,G21305,자전거 소매업
2024-12-01,소,G21306,장난감 소매업
2024-12-01,소,G21401,주유소
2024-12-01,소,G21402,가스 충전소
2024-12-01,소,G21403,가정용 연료 소매업
2024-12-01,소,G21501,약국
2024-12-01,소,G21502,의료기기 소매업
2024-12-01,소,G21503,화장품 소매업
2024-12-01,소,G21601,사무기기 소매업
2024-12-01,소,G21602,안경렌즈 소매업
2024-12-01,소,G21603,사진기/기타 광학기기 소매업
2024-12-01,소,G21701,시계/귀금속 소매업
2024-12-01,소,G21801,예술품 소매업
2024-12-01,소,G21802,기념품점
2024-12-01,소,G21901,꽃집
2024-12-01,소,G22001,애완동물/애완용품 소매업
2024-12-01,소,G22199,그 외 기타 상품 전문 소매업
2024-12-01,소,G22201,중고 상품 소매업
2024-12-01,소,I10101,호텔/리조트
2024-12-01,소,I10102,여관/모텔
2024-12-01,소,I10103,펜션
2024-12-01,소,I10104,캠핑/글램핑
2024-12-01,소,I10201,기숙사/고시원
2024-12-01,소,I10299,그 외 기타 숙박업
2024-12-01,소,I20101,백반/한정식
2024-12-01,소,I20102,국/탕/찌개류
2024-12-01,소,I20103,족발/보쌈
2024-12-01,소,I20104,전/부침개
2024-12-01,소,I20105,국수/칼국수
2024-12-01,소,I20106,냉면/밀면
2024-12-01,소,I20107,돼지고기 구이/찜
2024-12-01,소,I20108,소고기 구이/찜
2024-12-01,소,I20109,곱창 전골/구이
2024-12-01,소,I20110,닭/오리고기 구이/찜
2024-12-01,소,I20111,횟집
2024-12-01,소,I20112,해산물 구이/찜
2024-12-01,소,I20113,복 요리 전문
2024-12-01,소,I20199,기타 한식 음식점
2024-12-01,소,I20201,중국집
2024-12-01,소,I20202,마라탕/훠궈
2024-12-01,소,I20301,일식 회/초밥
2024-12-01,소,I20302,일식 카레/돈가스/덮밥
2024-12-01,소,I20303,일식 면 요리
2024-12-01,소,I20399,기타 일식 음식점
2024-12-01,소,I20401,경양식
2024-12-01,소,I20402,파스타/스테이크
2024-12-01,소,I20403,패밀리레스토랑
2024-12-01,소,I20499,기타 서양식 음식점
2024-12-01,소,I20501,베트남식 전문
2024-12-01,소,I20599,기타 동남아식 전문
2024-12-01,소,I20701,구내식당
2024-12-01,소,I20702,뷔페
2024-12-01,소,I21001,빵/도넛
2024-12-01,소,I21002,떡/한과
2024-12-01,소,I21003,피자
2024-12-01,소,I21004,버거
2024-12-01,소,I21005,토스트/샌드위치/샐러드
2024-12-01,소,I21006,치킨
2024-12-01,소,I21007,김밥/만두/분식
2024-12-01,소,I21008,아이스크림/빙수
2024-12-01,소,I21099,그 외 기타 간이 음식점
2024-12-01,소,I21101,일반 유흥 주점
2024-12-01,소,I21102,무도 유흥 주점
2024-12-01,소,I21103,생맥주 전문
2024-12-01,소,I21104,요리 주점
2024-12-01,소,I21201,카페
2024-12-01,소,L10203,부동산 중개/대리업
2024-12-01,소,M10301,변호사
2024-12-01,소,M10302,변리사
2024-12-01,소,M10303,법무사
2024-12-01,소,M10306,행정사
2024-12-01,소,M10307,공인노무사
2024-12-01,소,M10399,기타 법무관련 서비스업
2024-12-01,소,M10401,공인회계사
2024-12-01,소,M10402,세무사
2024-12-01,소,M10499,기타 회계 관련 서비스업
2024-12-01,소,M10501,광고 대행업
2024-12-01,소,M10502,옥외/전시 광고 대행업
2024-12-01,소,M10503,광고 매체 판매업
2024-12-01,소,M10504,광고물 설계/제작업
2024-12-01,소,M10599,기타 광고 관련 서비스업
2024-12-01,소,M10601,시장 조사 및 여론 조사업
2024-12-01,소,M10703,경영 컨설팅업
2024-12-01,소,M10901,건축 설계 및 관련 서비스업
2024-12-01,소,M10902,도시 계획 및 조경 설계 서비스업
2024-12-01,소,M10903,건물 및 토목 엔지니어링 서비스업
2024-12-01,소,M10904,환경 관련 엔지니어링 서비스업
2024-12-01,소,M10999,기타 엔지니어링 서비스업
2024-12-01,소,M11101,동물병원
2024-12-01,소,M11201,인테리어 디자인업
2024-12-01,소,M11202,제품 디자인업
2024-12-01,소,M11203,시각 디자인업
2024-12-01,소,M11204,패션/섬유/기타 전문 디자인업
2024-12-01,소,M11301,사진촬영업
2024-12-01,소,M11401,명함/간판/광고물 제작
2024-12-01,소,M11502,번역/통역 서비스업
2024-12-01,소,M11504,사업/무형 재산권 중개업
2024-12-01,소,N10101,사업시설 유지·관리 서비스업
2024-12-01,소,N10201,건축물 일반 청소업
2024-12-01,소,N10202,산업설비; 운송장비 및 공공장소 청소업
2024-12-01,소,N10203,소독; 구충 및 방제 서비스업
2024-12-01,소,N10301,조경 유지·관리 서비스업
2024-12-01,소,N10401,고용 알선업
2024-12-01,소,N10402,임시/일용 인력 공급업
2024-12-01,소,N10403,상용 인력 공급 및 인사관리 서비스업
2024-12-01,소,N10501,여행사
2024-12-01,소,N10599,기타 여행 보조/예약 서비스업
2024-12-01,소,N10703,복사업
2024-12-01,소,N10799,기타 사무 지원 서비스업
2024-12-01,소,N10802,전시/컨벤션/행사 대행 서비스업
2024-12-01,소,N10805,포장/충전업
2024-12-01,소,N10901,자동차 대여업
2024-12-01,소,N10999,기타 운송장비 대여업
2024-12-01,소,N11001,스포츠/레크리에이션 용품 대여업
2024-12-01,소,N11002,음반/비디오물 대여업
2024-12-01,소,N11003,만화방
2024-12-01,소,N11004,의류 대여업
2024-12-01,소,N11099,기타 개인/가정용품 대여업
2024-12-01,소,N11101,건설기계/장비 대여업
2024-12-01,소,N11102,컴퓨터/사무기기 대여업
2024-12-01,소,N11199,기타 산업용 기계/장비 대여업
2024-12-01,소,P10501,입시·교과학원
2024-12-01,소,P10601,태권도/무술학원
2024-12-01,소,P10603,요가/필라테스 학원
2024-12-01,소,P10605,레크리에이션 교육기관
2024-12-01,소,P10607,청소년 수련시설
2024-12-01,소,P10609,음악학원
2024-12-01,소,P10611,미술학원
2024-12-01,소,P10613,기타 예술/스포츠 교육기관
2024-12-01,소,P10615,외국어학원
2024-12-01,소,P10617,전문자격/고시학원
2024-12-01,소,P10619,사회교육시설
2024-12-01,소,P10621,직원 훈련기관
2024-12-01,소,P10623,운전학원
2024-12-01,소,P10625,기타 기술/직업 훈련학원
2024-12-01,소,P10627,컴퓨터 학원
2024-12-01,소,P10629,그 외 기타 교육기관
2024-12-01,소,P10701,교육컨설팅업
2024-12-01,소,P10799,기타 교육지원 서비스업
2024-12-01,소,Q10101,종합병원
2024-12-01,소,Q10102,일반병원
2024-12-01,소,Q10103,치과병원
2024-12-01,소,Q10104,한방병원
2024-12-01,소,Q10105,요양병원
2024-12-01,소,Q10201,내과/소아과 의원
2024-12-01,소,Q10202,외과 의원
2024-12-01,소,Q10203,신경/정신과 의원
2024-12-01,소,Q10204,피부/비뇨기과 의원
2024-12-01,소,Q10205,안과 의원
2024-12-01,소,Q10206,이비인후과 의원
2024-12-01,소,Q10207,산부인과 의원
2024-12-01,소,Q10208,성형외과 의원
2024-12-01,소,Q10209,기타 의원
2024-12-01,소,Q10210,치과의원
2024-12-01,소,Q10211,한의원
2024-12-01,소,Q10212,방사선 진단/병리 검사 의원
2024-12-01,소,Q10402,유사 의료업
2024-12-01,소,R10202,독서실/스터디 카페
2024-12-01,소,R10306,종합 스포츠시설
2024-12-01,소,R10307,헬스장
2024-12-01,소,R10308,수영장
2024-12-01,소,R10309,볼링장
2024-12-01,소,R10310,당구장
2024-12-01,소,R10311,골프 연습장
2024-12-01,소,R10312,테니스장
2024-12-01,소,R10313,탁구장
2024-12-01,소,R10314,기타 스포츠시설 운영업
2024-12-01,소,R10316,스쿼시/라켓볼장
2024-12-01,소,R10402,비디오방
2024-12-01,소,R10404,전자 게임장
2024-12-01,소,R10405,기타 오락장
2024-12-01,소,R10406,PC방
2024-12-01,소,R10407,노래방
2024-12-01,소,R10408,낚시터 운영업
2024-12-01,소,R10409,수상/해양 레저업
2024-12-01,소,R10410,복권 발행/판매업
2024-12-01,소,R10414,바둑/장기/체스 경기 운영업
2024-12-01,소,R10499,기타 오락관련 서비스업
2024-12-01,소,S20101,컴퓨터/노트북/프린터 수리업
2024-12-01,소,S20201,핸드폰/통신장비 수리업
2024-12-01,소,S20301,자동차 정비소
2024-12-01,소,S20302,자동차 세차장
2024-12-01,소,S20401,모터사이클 수리업
2024-12-01,소,S20501,가전제품 수리업
2024-12-01,소,S20601,의류/이불 수선업
2024-12-01,소,S20602,가죽/가방/신발 수선업
2024-12-01,소,S20603,시계/귀금속/악기 수리업
2024-12-01,소,S20699,그 외 기타 개인/가정용품 수리업
2024-12-01,소,S20701,미용실
2024-12-01,소,S20702,피부 관리실
2024-12-01,소,S20703,네일숍
2024-12-01,소,S20801,목욕탕/사우나
2024-12-01,소,S20802,마사지/안마
2024-12-01,소,S20803,체형/비만 관리
2024-12-01,소,S20901,세탁소
2024-12-01,소,S20902,셀프 빨래방
2024-12-01,소,S21001,장례식장
2024-12-01,소,S21002,화장터/묘지/납골당
2024-12-01,소,S21101,예식장업
2024-12-01,소,S21105,결혼 상담 서비스업
2024-12-01,중,G202,자동차 부품 소매
2024-12-01,중,G203,모터사이클 소매
2024-12-01,중,G204,종합 소매
2024-12-01,중,G205,식료품 소매
2024-12-01,중,G206,음료 소매
2024-12-01,중,G207,담배 소매
2024-12-01,중,G208,가전·통신 소매
2024-12-01,중,G209,섬유·의복·신발 소매
2024-12-01,중,G210,철물·건설자재 소매
2024-12-01,중,G211,가구 소매
2024-12-01,중,G212,기타 생활용품 소매
2024-12-01,중,G213,오락용품 소매
2024-12-01,중,G214,연료 소매
2024-12-01,중,G215,의약·화장품 소매
2024-12-01,중,G216,안경·정밀기기 소매
2024-12-01,중,G217,시계·귀금속 소매
2024-12-01,중,G218,장식품 소매
2024-12-01,중,G219,식물 소매
2024-12-01,중,G220,애완동물·용품 소매
2024-12-01,중,G221,기타 상품 소매
2024-12-01,중,G222,중고 상품 소매
2024-12-01,중,I101,일반 숙박
2024-12-01,중,I102,기타 숙박
2024-12-01,중,I201,한식
2024-12-01,중,I202,중식
2024-12-01,중,I203,일식
2024-12-01,중,I204,서양식
2024-12-01,중,I205,동남아시아
2024-12-01,중,I207,구내식당·뷔페
2024-12-01,중,I210,기타 간이
2024-12-01,중,I211,주점
2024-12-01,중,I212,비알코올
2024-12-01,중,L102,부동산 서비스
2024-12-01,중,M103,법무관련
2024-12-01,중,M104,회계·세무
2024-12-01,중,M105,광고
2024-12-01,중,M106,시장 조사
2024-12-01,중,M107,본사·경영 컨설팅
2024-12-01,중,M109,기술 서비스
2024-12-01,중,M111,수의
2024-12-01,중,M112,전문 디자인
2024-12-01,중,M113,사진 촬영
2024-12-01,중,M114,인쇄·제품제작
2024-12-01,중,M115,기타 전문 과학
2024-12-01,중,N101,시설관리
2024-12-01,중,N102,청소·방제
2024-12-01,중,N103,조경·유지
2024-12-01,중,N104,고용 알선
2024-12-01,중,N105,여행사·보조
2024-12-01,중,N107,사무 지원
2024-12-01,중,N108,기타 사업 서비스
2024-12-01,중,N109,운송장비 대여
2024-12-01,중,N110,가정용품 대여
2024-12-01,중,N111,산업용품 대여
2024-12-01,중,P105,일반 교육
2024-12-01,중,P106,기타 교육
2024-12-01,중,P107,교육 지원
2024-12-01,중,Q101,병원
2024-12-01,중,Q102,의원
2024-12-01,중,Q104,기타 보건
2024-12-01,중,R102,도서관·사적지
2024-12-01,중,R103,스포츠 서비스
2024-12-01,중,R104,유원지·오락
2024-12-01,중,S201,컴퓨터 수리
2024-12-01,중,S202,통신장비 수리
2024-12-01,중,S203,자동차 수리·세차
2024-12-01,중,S204,모터사이클 수리
2024-12-01,중,S205,가전제품 수리
2024-12-01,중,S206,기타 가정용품 수리
2024-12-01,중,S207,이용·미용
2024-12-01,중,S208,욕탕·신체관리
2024-12-01,중,S209,세탁
2024-12-01,중,S210,장례식장
2024-12-01,중,S211,기타 개인
2025-03-01,대,G2,소매
2025-03-01,대,I1,숙박
2025-03-01,대,I2,음식
2025-03-01,대,L1,부동산
2025-03-01,대,M1,과학·기술
2025-03-01,대,N1,시설관리·임대
2025-03-01,대,P1,교육
2025-03-01,대,Q1,보건의료
2025-03-01,대,R1,예술·스포츠
2025-03-01,대,S2,수리·개인
2025-03-01,소,G20201,타이어 소매업
2025-03-01,소,G20202,자동차 부품 소매업
2025-03-01,소,G20301,모터사이클 및 부품 소매업
2025-03-01,소,G20404,슈퍼마켓
2025-03-01,소,G20405,편의점
2025-03-01,소,G20499,그 외 기타 종합 소매업
2025-03-01,소,G20501,곡물/곡분 소매업
2025-03-01,소,G20502,가축 사료 소매업
2025-03-01,소,G20503,정육점
2025-03-01,소,G20504,건어물/젓갈 소매업
2025-03-01,소,G20505,수산물 소매업
2025-03-01,소,G20506,채소/과일 소매업
2025-03-01,소,G20507,아이스크림 할인점
2025-03-01,소,G20508,건강보조식품 소매업
2025-03-01,소,G20509,반찬/식료품 소매업
2025-03-01,소,G20601,얼음 소매업
2025-03-01,소,G20602,주류 소매업
2025-03-01,소,G20603,생수/음료 소매업
2025-03-01,소,G20604,우유 소매업
2025-03-01,소,G20701,담배/전자담배 소매업
2025-03-01,소,G20801,컴퓨터/소프트웨어 소매업
2025-03-01,소,G20802,핸드폰 소매업
2025-03-01,소,G20803,가전제품 소매업
2025-03-01,소,G20901,남성 의류 소매업
2025-03-01,소,G20902,여성 의류 소매업
2025-03-01,소,G20903,유아용 의류 소매업
2025-03-01,소,G20904,한복 소매업
2025-03-01,소,G20905,기타 의류 소매업
2025-03-01,소,G20906,침구류/커튼 소매업
2025-03-01,소,G20907,액세서리/잡화 소매업
2025-03-01,소,G20908,가발 소매업
2025-03-01,소,G20909,실/섬유제품 소매업
2025-03-01,소,G20910,신발 소매업
2025-03-01,소,G20911,가방 소매업
2025-03-01,소,G21001,철물/공구 소매업
2025-03-01,소,G21002,벽지/장판/마루 소매업
2025-03-01,소,G21003,건설/건축자재 소매업
2025-03-01,소,G21099,기타 건설/건축자재 소매업
2025-03-01,소,G21101,가구 소매업
2025-03-01,소,G21201,전기용품/조명장치 소매업
2025-03-01,소,G21202,주방/가정용품 소매업
2025-03-01,소,G21203,악기 소매업
2025-03-01,소,G21301,서점
2025-03-01,소,G21302,문구/회화용품 소매업
2025-03-01,소,G21303,음반/비디오물 소매업
2025-03-01,소,G21304,운동용품 소매업
2025-03-01,소,G21305,자전거 소매업
2025-03-01,소,G21306,장난감 소매업
2025-03-01,소,G21401,주유소
2025-03-01,소,G21402,가스 충전소
2025-03-01,소,G21403,가정용 연료 소매업
2025-03-01,소,G21501,약국
2025-03-01,소,G21502,의료기기 소매업
2025-03-01,소,G21503,화장품 소매업
2025-03-01,소,G21601,사무기기 소매업
2025-03-01,소,G21602,안경렌즈 소매업
2025-03-01,소,G21603,사진기/기타 광학기기 소매업
2025-03-01,소,G21701,시계/귀금속 소매업
2025-03-01,소,G21801,예술품 소매업
2025-03-01,소,G21802,기념품점
2025-03-01,소,G21901,꽃집
2025-03-01,소,G22001,애완동물/애완용품 소매업
2025-03-01,소,G22199,그 외 기타 상품 전문 소매업
2025-03-01,소,G22201,중고 상품 소매업
2025-03-01,소,I10101,호텔/리조트
2025-03-01,소,I10102,여관/모텔
2025-03-01,소,I10103,펜션
2025-03-01,소,I10104,캠핑/글램핑
2025-03-01,소,I10201,기숙사/고시원
2025-03-01,소,I10299,그 외 기타 숙박업
2025-03-01,소,I20101,백반/한정식
2025-03-01,소,I20102,국/탕/찌개류
2025-03-01,소,I20103,족발/보쌈
2025-03-01,소,I20104,전/부침개
2025-03-01,소,I20105,국수/칼국수
2025-03-01,소,I20106,냉면/밀면
2025-03-01,소,I20107,돼지고기 구이/찜
2025-03-01,소,I20108,소고기 구이/찜
2025-03-01,소,I20109,곱창 전골/구이
2025-03-01,소,I20110,닭/오리고기 구이/찜
2025-03-01,소,I20111,횟집
2025-03-01,소,I20112,해산물 구이/찜
2025-03-01,소,I20113,복 요리 전문
2025-03-01,소,I20199,기타 한식 음식점
2025-03-01,소,I20201,중국집
2025-03-01,소,I20202,마라탕/훠궈
2025-03-01,소,I20301,일식 회/초밥
2025-03-01,소,I20302,일식 카레/돈가스/덮밥
2025-03-01,소,I20303,일식 면 요리
2025-03-01,소,I20399,기타 일식 음식점
2025-03-01,소,I20401,경양식
2025-03-01,소,I20402,파스타/스테이크
2025-03-01,소,I20403,패밀리레스토랑
2025-03-01,소,I20499,기타 서양식 음식점
2025-03-01,소,I20501,베트남식 전문
2025-03-01,소,I20599,기타 동남아식 전문
2025-03-01,소,I20701,구내식당
2025-03-01,소,I20702,뷔페
2025-03-01,소,I21001,빵/도넛
2025-03-01,소,I21002,떡/한과
2025-03-01,소,I21003,피자
2025-03-01,소,I21004,버거
2025-03-01,소,I21005,토스트/샌드위치/샐러드
2025-03-01,소,I21006,치킨
2025-03-01,소,I21007,김밥/만두/분식
2025-03-01,소,I21008,아이스크림/빙수
2025-03-01,소,I21099,그 외 기타 간이 음식점
2025-03-01,소,I21101,일반 유흥 주점
2025-03-01,소,I21102,무도 유흥 주점
2025-03-01,소,I21103,생맥주 전문
2025-03-01,소,I21104,요리 주점
2025-03-01,소,I21201,카페
2025-03-01,소,L10203,부동산 중개/대리업
2025-03-01,소,M10301,변호사
2025-03-01,소,M10302,변리사
2025-03-01,소,M10303,법무사
2025-03-01,소,M10306,행정사
2025-03-01,소,M10307,공인노무사
2025-03-01,소,M10399,기타 법무관련 서비스업
2025-03-01,소,M10401,공인회계사
2025-03-01,소,M10402,세무사
2025-03-01,소,M10499,기타 회계 관련 서비스업
2025-03-01,소,M10501,광고 대행업
2025-03-01,소,M10502,옥외/전시 광고 대행업
2025-03-01,소,M10503,광고 매체 판매업
2025-03-01,소,M10504,광고물 설계/제작업
2025-03-01,소,M10599,기타 광고 관련 서비스업
2025-03-01,소,M10601,시장 조사 및 여론 조사업
2025-03-01,소,M10703,경영 컨설팅업
2025-03-01,소,M10901,건축 설계 및 관련 서비스업
2025-03-01,소,M10902,도시 계획 및 조경 설계 서비스업
2025-03-01,소,M10903,건물 및 토목 엔지니어링 서비스업
2025-03-01,소,M10904,환경 관련 엔지니어링 서비스업
2025-03-01,소,M10999,기타 엔지니어링 서비스업
2025-03-01,소,M11101,동물병원
2025-03-01,소,M11201,인테리어 디자인업
2025-03-01,소,M11202,제품 디자인업
2025-03-01,소,M11203,시각 디자인업
2025-03-01,소,M11204,패션/섬유/기타 전문 디자인업
2025-03-01,소,M11301,사진촬영업
2025-03-01,소,M11401,명함/간판/광고물 제작
2025-03-01,소,M11502,번역/통역 서비스업
2025-03-01,소,M11504,사업/무형 재산권 중개업
2025-03-01,소,N10101,사업시설 유지·관리 서비스업
2025-03-01,소,N10201,건축물 일반 청소업
2025-03-01,소,N10202,산업설비; 운송장비 및 공공장소 청소업
2025-03-01,소,N10203,소독; 구충 및 방제 서비스업
2025-03-01,소,N10301,조경 유지·관리 서비스업
2025-03-01,소,N10401,고용 알선업
2025-03-01,소,N10402,임시/일용 인력 공급업
2025-03-01,소,N10403,상용 인력 공급 및 인사관리 서비스업
2025-03-01,소,N10501,여행사
2025-03-01,소,N10599,기타 여행 보조/예약 서비스업
2025-03-01,소,N10703,복사업
2025-03-01,소,N10799,기타 사무 지원 서비스업
2025-03-01,소,N10802,전시/컨벤션/행사 대행 서비스업
2025-03-01,소,N10805,포장/충전업
2025-03-01,소,N10901,자동차 대여업
2025-03-01,소,N10999,기타 운송장비 대여업
2025-03-01,소,N11001,스포츠/레크리에이션 용품 대여업
2025-03-01,소,N11002,음반/비디오물 대여업
2025-03-01,소,N11003,만화방
2025-03-01,소,N11004,의류 대여업
2025-03-01,소,N11099,기타 개인/가정용품 대여업
2025-03-01,소,N11101,건설기계/장비 대여업
2025-03-01,소,N11102,컴퓨터/사무기기 대여업
2025-03-01,소,N11199,기타 산업용 기계/장비 대여업
2025-03-01,소,P10501,입시·교과학원
2025-03-01,소,P10601,태권도/무술학원
2025-03-01,소,P10603,요가/필라테스 학원
2025-03-01,소,P10605,레크리에이션 교육기관
2025-03-01,소,P10607,청소년 수련시설
2025-03-01,소,P10609,음악학원
2025-03-01,소,P10611,미술학원
2025-03-01,소,P10613,기타 예술/스포츠 교육기관
2025-03-01,소,P10615,외국어학원
2025-03-01,소,P10617,전문자격/고시학원
2025-03-01,소,P10619,사회교육시설
2025-03-01,소,P10621,직원 훈련기관
2025-03-01,소,P10623,운전학원
2025-03-01,소,P10625,기타 기술/직업 훈련학원
2025-03-01,소,P10627,컴퓨터 학원
2025-03-01,소,P10629,그 외 기타 교육기관
2025-03-01,소,P10701,교육컨설팅업
2025-03-01,소,P10799,기타 교육지원 서비스업
2025-03-01,소,Q10101,종합병원
2025-03-01,소,Q10102,일반병원
2025-03-01,소,Q10103,치과병원
2025-03-01,소,Q10104,한방병원
2025-03-01,소,Q10105,요양병원
2025-03-01,소,Q10201,내과/소아과 의원
2025-03-01,소,Q10202,외과 의원
2025-03-01,소,Q10203,신경/정신과 의원
2025-03-01,소,Q10204,피부/비뇨기과 의원
2025-03-01,소,Q10205,안과 의원
2025-03-01,소,Q10206,이비인후과 의원
2025-03-01,소,Q10207,산부인과 의원
2025-03-01,소,Q10208,성형외과 의원
2025-03-01,소,Q10209,기타 의원
2025-03-01,소,Q10210,치과의원
2025-03-01,소,Q10211,한의원
2025-03-01,소,Q10212,방사선 진단/병리 검사 의원
2025-03-01,소,Q10402,유사 의료업
2025-03-01,소,R10202,독서실/스터디 카페
2025-03-01,소,R10306,종합 스포츠시설
2025-03-01,소,R10307,헬스장
2025-03-01,소,R10308,수영장
2025-03-01,소,R10309,볼링장
2025-03-01,소,R10310,당구장
2025-03-01,소,R10311,골프 연습장
2025-03-01,소,R10312,테니스장
2025-03-01,소,R10313,탁구장
2025-03-01,소,R10314,기타 스포츠시설 운영업
2025-03-01,소,R10316,스쿼시/라켓볼장
2025-03-01,소,R10402,비디오방
2025-03-01,소,R10404,전자 게임장
2025-03-01,소,R10405,기타 오락장
2025-03-01,소,R10406,PC방
2025-03-01,소,R10407,노래방
2025-03-01,소,R10408,낚시터 운영업
2025-03-01,소,R10409,수상/해양 레저업
2025-03-01,소,R10410,복권 발행/판매업
2025-03-01,소,R10414,바둑/장기/체스 경기 운영업
2025-03-01,소,R10499,기타 오락관련 서비스업
2025-03-01,소,S20101,컴퓨터/노트북/프린터 수리업
2025-03-01,소,S20201,핸드폰/통신장비 수리업
2025-03-01,소,S20301,자동차 정비소
2025-03-01,소,S20302,자동차 세차장
2025-03-01,소,S20401,모터사이클 수리업
2025-03-01,소,S20501,가전제품 수리업
2025-03-01,소,S20601,의류/이불 수선업
2025-03-01,소,S20602,가죽/가방/신발 수선업
2025-03-01,소,S20603,시계/귀금속/악기 수리업
2025-03-01,소,S20699,그 외 기타 개인/가정용품 수리업
2025-03-01,소,S20701,미용실
2025-03-01,소,S20702,피부 관리실
2025-03-01,소,S20703,네일숍
2025-03-01,소,S20801,목욕탕/사우나
2025-03-01,소,S20802,마사지/안마
2025-03-01,소,S20803,체형/비만 관리
2025-03-01,소,S20901,세탁소
2025-03-01,소,S20902,셀프 빨래방
2025-03-01,소,S21001,장례식장
2025-03-01,소,S21002,화장터/묘지/납골당
2025-03-01,소,S21101,예식장업
2025-03-01,소,S21105,결혼 상담 서비스업
2025-03-01,중,G202,자동차 부품 소매
2025-03-01,중,G203,모터사이클 소매
2025-03-01,중,G204,종합 소매
2025-03-01,중,G205,식료품 소매
2025-03-01,중,G206,음료 소매
2025-03-01,중,G207,담배 소매
2025-03-01,중,G208,가전·통신 소매
2025-03-01,중,G209,섬유·의복·신발 소매
2025-03-01,중,G210,철물·건설자재 소매
2025-03-01,중,G211,가구 소매
2025-03-01,중,G212,기타 생활용품 소매
2025-03-01,중,G213,오락용품 소매
2025-03-01,중,G214,연료 소매
2025-03-01,중,G215,의약·화장품 소매
2025-03-01,중,G216,안경·정밀기기 소매
2025-03-01,중,G217,시계·귀금속 소매
2025-03-01,중,G218,장식품 소매
2025-03-01,중,G219,식물 소매
2025-03-01,중,G220,애완동물·용품 소매
2025-03-01,중,G221,기타 상품 소매
2025-03-01,중,G222,중고 상품 소매
2025-03-01,중,I101,일반 숙박
2025-03-01,중,I102,기타 숙박
2025-03-01,중,I201,한식
2025-03-01,중,I202,중식
2025-03-01,중,I203,일식
2025-03-01,중,I204,서양식
2025-03-01,중,I205,동남아시아
2025-03-01,중,I207,구내식당·뷔페
2025-03-01,중,I210,기타 간이
2025-03-01,중,I211,주점
2025-03-01,중,I212,비알코올
2025-03-01,중,L102,부동산 서비스
2025-03-01,중,M103,법무관련
2025-03-01,중,M104,회계·세무
2025-03-01,중,M105,광고
2025-03-01,중,M106,시장 조사
2025-03-01,중,M107,본사·경영 컨설팅
2025-03-01,중,M109,기술 서비스
2025-03-01,중,M111,수의
2025-03-01,중,M112,전문 디자인
2025-03-01,중,M113,사진 촬영
2025-03-01,중,M114,인쇄·제품제작
2025-03-01,중,M115,기타 전문 과학
2025-03-01,중,N101,시설관리
2025-03-01,중,N102,청소·방제
2025-03-01,중,N103,조경·유지
2025-03-01,중,N104,고용 알선
2025-03-01,중,N105,여행사·보조
2025-03-01,중,N107,사무 지원
2025-03-01,중,N108,기타 사업 서비스
2025-03-01,중,N109,운송장비 대여
2025-03-01,중,N110,가정용품 대여
2025-03-01,중,N111,산업용품 대여
2025-03-01,중,P105,일반 교육
2025-03-01,중,P106,기타 교육
2025-03-01,중,P107,교육 지원
2025-03-01,중,Q101,병원
2025-03-01,중,Q102,의원
2025-03-01,중,Q104,기타 보건
2025-03-01,중,R102,도서관·사적지
2025-03-01,중,R103,스포츠 서비스
2025-03-01,중,R104,유원지·오락
2025-03-01,중,S201,컴퓨터 수리
2025-03-01,중,S202,통신장비 수리
2025-03-01,중,S203,자동차 수리·세차
2025-03-01,중,S204,모터사이클 수리
2025-03-01,중,S205,가전제품 수리
2025-03-01,중,S206,기타 가정용품 수리
2025-03-01,중,S207,이용·미용
2025-03-01,중,S208,욕탕·신체관리
2025-03-01,중,S209,세탁
2025-03-01,중,S210,장례식장
2025-03-01,중,S211,기타 개인
2025-06-01,대,G2,소매
2025-06-01,대,I1,숙박
2025-06-01,대,I2,음식
2025-06-01,대,L1,부동산
2025-06-01,대,M1,과학·기술
2025-06-01,대,N1,시설관리·임대
2025-06-01,대,P1,교육
2025-06-01,대,Q1,보건의료
2025-06-01,대,R1,예술·스포츠
2025-06-01,대,S2,수리·개인
2025-06-01,소,G20201,타이어 소매업
2025-06-01,소,G20202,자동차 부품 소매업
2025-06-01,소,G20301,모터사이클 및 부품 소매업
2025-06-01,소,G20404,슈퍼마켓
2025-06-01,소,G20405,편의점
2025-06-01,소,G20499,그 외 기타 종합 소매업
2025-06-01,소,G20501,곡물/곡분 소매업
2025-06-01,소,G20502,가축 사료 소매업
2025-06-01,소,G20503,정육점
2025-06-01,소,G20504,건어물/젓갈 소매업
2025-06-01,소,G20505,수산물 소매업
2025-06-01,소,G20506,채소/과일 소매업
2025-06-01,소,G20507,아이스크림 할인점
2025-06-01,소,G20508,건강보조식품 소매업
2025-06-01,소,G20509,반찬/식료품 소매업
2025-06-01,소,G20601,얼음 소매업
2025-06-01,소,G20602,주류 소매업
2025-06-01,소,G20603,생수/음료 소매업
2025-06-01,소,G20604,우유 소매업
2025-06-01,소,G20701,담배/전자담배 소매업
2025-06-01,소,G20801,컴퓨터/소프트웨어 소매업
2025-06-01,소,G20802,핸드폰 소매업
2025-06-01,소,G20803,가전제품 소매업
2025-06-01,소,G20901,남성 의류 소매업
2025-06-01,소,G20902,여성 의류 소매업
2025-06-01,소,G20903,유아용 의류 소매업
2025-06-01,소,G20904,한복 소매업
2025-06-01,소,G20905,기타 의류 소매업
2025-06-01,소,G20906,침구류/커튼 소매업
2025-06-01,소,G20907,액세서리/잡화 소매업
2025-06-01,소,G20908,가발 소매업
2025-06-01,소,G20909,실/섬유제품 소매업
2025-06-01,소,G20910,신발 소매업
2025-06-01,소,G20911,가방 소매업
2025-06-01,소,G21001,철물/공구 소매업
2025-06-01,소,G21002,벽지/장판/마루 소매업
2025-06-01,소,G21003,건설/건축자재 소매업
2025-06-01,소,G21099,기타 건설/건축자재 소매업
2025-06-01,소,G21101,가구 소매업
2025-06-01,소,G21201,전기용품/조명장치 소매업
2025-06-01,소,G21202,주방/가정용품 소매업
2025-06-01,소,G21203,악기 소매업
2025-06-01,소,G21301,서점
2025-06-01,소,G21302,문구/회화용품 소매업
2025-06-01,소,G21303,음반/비디오물 소매업
2025-06-01,소,G21304,운동용품 소매업
2025-06-01,소,G21305,자전거 소매업
2025-06-01,소,G21306,장난감 소매업
2025-06-01,소,G21401,주유소
2025-06-01,소,G21402,가스 충전소
2025-06-01,소,G21403,가정용 연료 소매업
2025-06-01,소,G21501,약국
2025-06-01,소,G21502,의료기기 소매업
2025-06-01,소,G21503,화장품 소매업
2025-06-01,소,G21601,사무기기 소매업
2025-06-01,소,G21602,안경렌즈 소매업
2025-06-01,소,G21603,사진기/기타 광학기기 소매업
2025-06-01,소,G21701,시계/귀금속 소매업
2025-06-01,소,G21801,예술품 소매업
2025-06-01,소,G21802,기념품점
2025-06-01,소,G21901,꽃집
2025-06-01,소,G22001,애완동물/애완용품 소매업
2025-06-01,소,G22199,그 외 기타 상품 전문 소매업
2025-06-01,소,G22201,중고 상품 소매업
2025-06-01,소,I10101,호텔/리조트
2025-06-01,소,I10102,여관/모텔
2025-06-01,소,I10103,펜션
2025-06-01,소,I10104,캠핑/글램핑
2025-06-01,소,I10201,기숙사/고시원
2025-06-01,소,I10299,그 외 기타 숙박업
2025-06-01,소,I20101,백반/한정식
2025-06-01,소,I20102,국/탕/찌개류
2025-06-01,소,I20103,족발/보쌈
2025-06-01,소,I20104,전/부침개
2025-06-01,소,I20105,국수/칼국수
2025-06-01,소,I20106,냉면/밀면
2025-06-01,소,I20107,돼지고기 구이/찜
2025-06-01,소,I20108,소고기 구이/찜
2025-06-01,소,I20109,곱창 전골/구이
2025-06-01,소,I20110,닭/오리고기 구이/찜
2025-06-01,소,I20111,횟집
2025-06-01,소,I20112,해산물 구이/찜
2025-06-01,소,I20113,복 요리 전문
2025-06-01,소,I20199,기타 한식 음식점
2025-06-01,소,I20201,중국집
2025-06-01,소,I20202,마라탕/훠궈
2025-06-01,소,I20301,일식 회/초밥
2025-06-01,소,I20302,일식 카레/돈가스/덮밥
2025-06-01,소,I20303,일식 면 요리
2025-06-01,소,I20399,기타 일식 음식점
2025-06-01,소,I20401,경양식
2025-06-01,소,I20402,파스타/스테이크
2025-06-01,소,I20403,패밀리레스토랑
2025-06-01,소,I20499,기타 서양식 음식점
2025-06-01,소,I20501,베트남식 전문
2025-06-01,소,I20599,기타 동남아식 전문
2025-06-01,소,I20701,구내식당
2025-06-01,소,I20702,뷔페
2025-06-01,소,I21001,빵/도넛
2025-06-01,소,I21002,떡/한과
2025-06-01,소,I21003,피자
2025-06-01,소,I21004,버거
2025-06-01,소,I21005,토스트/샌드위치/샐러드
2025-06-01,소,I21006,치킨
2025-06-01,소,I21007,김밥/만두/분식
2025-06-01,소,I21008,아이스크림/빙수
2025-06-01,소,I21099,그 외 기타 간이 음식점
2025-06-01,소,I21101,일반 유흥 주점
2025-06-01,소,I21102,무도 유흥 주점
2025-06-01,소,I21103,생맥주 전문
2025-06-01,소,I21104,요리 주점
2025-06-01,소,I21201,카페
2025-06-01,소,L10203,부동산 중개/대리업
2025-06-01,소,M10301,변호사
2025-06-01,소,M10302,변리사
2025-06-01,소,M10303,법무사
2025-06-01,소,M10306,행정사
2025-06-01,소,M10307,공인노무사
2025-06-01,소,M10399,기타 법무관련 서비스업
2025-06-01,소,M10401,공인회계사
2025-06-01,소,M10402,세무사
2025-06-01,소,M10499,기타 회계 관련 서비스업
2025-06-01,소,M10501,광고 대행업
2025-06-01,소,M10502,옥외/전시 광고 대행업
2025-06-01,소,M10503,광고 매체 판매업
2025-06-01,소,M10504,광고물 설계/제작업
2025-06-01,소,M10599,기타 광고 관련 서비스업
2025-06-01,소,M10601,시장 조사 및 여론 조사업
2025-06-01,소,M10703,경영 컨설팅업
2025-06-01,소,M10901,건축 설계 및 관련 서비스업
2025-06-01,소,M10902,도시 계획 및 조경 설계 서비스업
2025-06-01,소,M10903,건물 및 토목 엔지니어링 서비스업
2025-06-01,소,M10904,환경 관련 엔지니어링 서비스업
2025-06-01,소,M10999,기타 엔지니어링 서비스업
2025-06-01,소,M11101,동물병원
2025-06-01,소,M11201,인테리어 디자인업
2025-06-01,소,M11202,제품 디자인업
2025-06-01,소,M11203,시각 디자인업
2025-06-01,소,M11204,패션/섬유/기타 전문 디자인업
2025-06-01,소,M11301,사진촬영업
2025-06-01,소,M11401,명함/간판/광고물 제작
2025-06-01,소,M11502,번역/통역 서비스업
2025-06-01,소,M11504,사업/무형 재산권 중개업
2025-06-01,소,N10101,사업시설 유지·관리 서비스업
2025-06-01,소,N10201,건축물 일반 청소업
2025-06-01,소,N10202,산업설비; 운송장비 및 공공장소 청소업
2025-06-01,소,N10203,소독; 구충 및 방제 서비스업
2025-06-01,소,N10301,조경 유지·관리 서비스업
2025-06-01,소,N10401,고용 알선업
2025-06-01,소,N10402,임시/일용 인력 공급업
2025-06-01,소,N10403,상용 인력 공급 및 인사관리 서비스업
2025-06-01,소,N10501,여행사
2025-06-01,소,N10599,기타 여행 보조/예약 서비스업
2025-06-01,소,N10703,복사업
2025-06-01,소,N10799,기타 사무 지원 서비스업
2025-06-01,소,N10802,전시/컨벤션/행사 대행 서비스업
2025-06-01,소,N10805,포장/충전업
2025-06-01,소,N10901,자동차 대여업
2025-06-01,소,N10999,기타 운송장비 대여업
2025-06-01,소,N11001,스포츠/레크리에이션 용품 대여업
2025-06-01,소,N11002,음반/비디오물 대여업
2025-06-01,소,N11003,만화방
2025-06-01,소,N11004,의류 대여업
2025-06-01,소,N11099,기타 개인/가정용품 대여업
2025-06-01,소,N11101,건설기계/장비 대여업
2025-06-01,소,N11102,컴퓨터/사무기기 대여업
2025-06-01,소,N11199,기타 산업용 기계/장비 대여업
2025-06-01,소,P10501,입시·교과학원
2025-06-01,소,P10601,태권도/무술학원
2025-06-01,소,P10603,요가/필라테스 학원
2025-06-01,소,P10605,레크리에이션 교육기관
2025-06-01,소,P10607,청소년 수련시설
2025-06-01,소,P10609,음악학원
2025-06-01,소,P10611,미술학원
2025-06-01,소,P10613,기타 예술/스포츠 교육기관
2025-06-01,소,P10615,외국어학원
2025-06-01,소,P10617,전문자격/고시학원
2025-06-01,소,P10619,사회교육시설
2025-06-01,소,P10621,직원 훈련기관
2025-06-01,소,P10623,운전학원
2025-06-01,소,P10625,기타 기술/직업 훈련학원
2025-06-01,소,P10627,컴퓨터 학원
2025-06-01,소,P10629,그 외 기타 교육기관
2025-06-01,소,P10701,교육컨설팅업
2025-06-01,소,P10799,기타 교육지원 서비스업
2025-06-01,소,Q10101,종합병원
2025-06-01,소,Q10102,일반병원
2025-06-01,소,Q10103,치과병원
2025-06-01,소,Q10104,한방병원
2025-06-01,소,Q10105,요양병원
2025-06-01,소,Q10201,내과/소아과 의원
2025-06-01,소,Q10202,외과 의원
2025-06-01,소,Q10203,신경/정신과 의원
2025-06-01,소,Q10204,피부/비뇨기과 의원
2025-06-01,소,Q10205,안과 의원
2025-06-01,소,Q10206,이비인후과 의원
2025-06-01,소,Q10207,산부인과 의원
2025-06-01,소,Q10208,성형외과 의원
2025-06-01,소,Q10209,기타 의원
2025-06-01,소,Q10210,치과의원
2025-06-01,소,Q10211,한의원
2025-06-01,소,Q10212,방사선 진단/병리 검사 의원
2025-06-01,소,Q10402,유사 의료업
2025-06-01,소,R10202,독서실/스터디 카페
2025-06-01,소,R10306,종합 스포츠시설
2025-06-01,소,R10307,헬스장
2025-06-01,소,R10308,수영장
2025-06-01,소,R10309,볼링장
2025-06-01,소,R10310,당구장
2025-06-01,소,R10311,골프 연습장
2025-06-01,소,R10312,테니스장
2025-06-01,소,R10313,탁구장
2025-06-01,소,R10314,기타 스포츠시설 운영업
2025-06-01,소,R10316,스쿼시/라켓볼장
2025-06-01,소,R10402,비디오방
2025-06-01,소,R10404,전자 게임장
2025-06-01,소,R10405,기타 오락장
2025-06-01,소,R10406,PC방
2025-06-01,소,R10407,노래방
2025-06-01,소,R10408,낚시터 운영업
2025-06-01,소,R10409,수상/해양 레저업
2025-06-01,소,R10410,복권 발행/판매업
2025-06-01,소,R10414,바둑/장기/체스 경기 운영업
2025-06-01,소,R10499,기타 오락관련 서비스업
2025-06-01,소,S20101,컴퓨터/노트북/프린터 수리업
2025-06-01,소,S20201,핸드폰/통신장비 수리업
2025-06-01,소,S20301,자동차 정비소
2025-06-01,소,S20302,자동차 세차장
2025-06-01,소,S20401,모터사이클 수리업
2025-06-01,소,S20501,가전제품 수리업
2025-06-01,소,S20601,의류/이불 수선업
2025-06-01,소,S20602,가죽/가방/신발 수선업
2025-06-01,소,S20603,시계/귀금속/악기 수리업
2025-06-01,소,S20699,그 외 기타 개인/가정용품 수리업
2025-06-01,소,S20701,미용실
2025-06-01,소,S20702,피부 관리실
2025-06-01,소,S20703,네일숍
2025-06-01,소,S20801,목욕탕/사우나
2025-06-01,소,S20802,마사지/안마
2025-06-01,소,S20803,체형/비만 관리
2025-06-01,소,S20901,세탁소
2025-06-01,소,S20902,셀프 빨래방
2025-06-01,소,S21001,장례식장
2025-06-01,소,S21002,화장터/묘지/납골당
2025-06-01,소,S21101,예식장업
2025-06-01,소,S21105,결혼 상담 서비스업
2025-06-01,중,G202,자동차 부품 소매
2025-06-01,중,G203,모터사이클 소매
2025-06-01,중,G204,종합 소매
2025-06-01,중,G205,식료품 소매
2025-06-01,중,G206,음료 소매
2025-06-01,중,G207,담배 소매
2025-06-01,중,G208,가전·통신 소매
2025-06-01,중,G209,섬유·의복·신발 소매
2025-06-01,중,G210,철물·건설자재 소매
2025-06-01,중,G211,가구 소매
2025-06-01,중,G212,기타 생활용품 소매
2025-06-01,중,G213,오락용품 소매
2025-06-01,중,G214,연료 소매
2025-06-01,중,G215,의약·화장품 소매
2025-06-01,중,G216,안경·정밀기기 소매
2025-06-01,중,G217,시계·귀금속 소매
2025-06-01,중,G218,장식품 소매
2025-06-01,중,G219,식물 소매
2025-06-01,중,G220,애완동물·용품 소매
2025-06-01,중,G221,기타 상품 소매
2025-06-01,중,G222,중고 상품 소매
2025-06-01,중,I101,일반 숙박
2025-06-01,중,I102,기타 숙박
2025-06-01,중,I201,한식
2025-06-01,중,I202,중식
2025-06-01,중,I203,일식
2025-06-01,중,I204,서양식
2025-06-01,중,I205,동남아시아
2025-06-01,중,I207,구내식당·뷔페
2025-06-01,중,I210,기타 간이
2025-06-01,중,I211,주점
2025-06-01,중,I212,비알코올
2025-06-01,중,L102,부동산 서비스
2025-06-01,중,M103,법무관련
2025-06-01,중,M104,회계·세무
2025-06-01,중,M105,광고
2025-06-01,중,M106,시장 조사
2025-06-01,중,M107,본사·경영 컨설팅
2025-06-01,중,M109,기술 서비스
2025-06-01,중,M111,수의
2025-06-01,중,M112,전문 디자인
2025-06-01,중,M113,사진 촬영
2025-06-01,중,M114,인쇄·제품제작
2025-06-01,중,M115,기타 전문 과학
2025-06-01,중,N101,시설관리
2025-06-01,중,N102,청소·방제
2025-06-01,중,N103,조경·유지
2025-06-01,중,N104,고용 알선
2025-06-01,중,N105,여행사·보조
2025-06-01,중,N107,사무 지원
2025-06-01,중,N108,기타 사업 서비스
2025-06-01,중,N109,운송장비 대여
2025-06-01,중,N110,가정용품 대여
2025-06-01,중,N111,산업용품 대여
2025-06-01,중,P105,일반 교육
2025-06-01,중,P106,기타 교육
2025-06-01,중,P107,교육 지원
2025-06-01,중,Q101,병원
2025-06-01,중,Q102,의원
2025-06-01,중,Q104,기타 보건
2025-06-01,중,R102,도서관·사적지
2025-06-01,중,R103,스포츠 서비스
2025-06-01,중,R104,유원지·오락
2025-06-01,중,S201,컴퓨터 수리
2025-06-01,중,S202,통신장비 수리
2025-06-01,중,S203,자동차 수리·세차
2025-06-01,중,S204,모터사이클 수리
2025-06-01,중,S205,가전제품 수리
2025-06-01,중,S206,기타 가정용품 수리
2025-06-01,중,S207,이용·미용
2025-06-01,중,S208,욕탕·신체관리
2025-06-01,중,S209,세탁
2025-06-01,중,S210,장례식장
2025-06-01,중,S211,기타 개인
2025-10-01,대,G2,소매
2025-10-01,대,I1,숙박
2025-10-01,대,I2,음식
2025-10-01,대,L1,부동산
2025-10-01,대,M1,과학·기술
2025-10-01,대,N1,시설관리·임대
2025-10-01,대,P1,교육
2025-10-01,대,Q1,보건의료
2025-10-01,대,R1,예술·스포츠
2025-10-01,대,S2,수리·개인
2025-10-01,소,G20201,타이어 소매업
2025-10-01,소,G20202,자동차 부품 소매업
2025-10-01,소,G20301,모터사이클 및 부품 소매업
2025-10-01,소,G20404,슈퍼마켓
2025-10-01,소,G20405,편의점
2025-10-01,소,G20499,그 외 기타 종합 소매업
2025-10-01,소,G20501,곡물/곡분 소매업
2025-10-01,소,G20502,가축 사료 소매업
2025-10-01,소,G20503,정육점
2025-10-01,소,G20504,건어물/젓갈 소매업
2025-10-01,소,G20505,수산물 소매업
2025-10-01,소,G20506,채소/과일 소매업
2025-10-01,소,G20507,아이스크림 할인점
2025-10-01,소,G20508,건강보조식품 소매업
2025-10-01,소,G20509,반찬/식료품 소매업
2025-10-01,소,G20601,얼음 소매업
2025-10-01,소,G20602,주류 소매업
2025-10-01,소,G20603,생수/음료 소매업
2025-10-01,소,G20604,우유 소매업
2025-10-01,소,G20701,담배/전자담배 소매업
2025-10-01,소,G20801,컴퓨터/소프트웨어 소매업
2025-10-01,소,G20802,핸드폰 소매업
2025-10-01,소,G20803,가전제품 소매업
2025-10-01,소,G20901,남성 의류 소매업
2025-10-01,소,G20902,여성 의류 소매업
2025-10-01,소,G20903,유아용 의류 소매업
2025-10-01,소,G20904,한복 소매업
2025-10-01,소,G20905,기타 의류 소매업
2025-10-01,소,G20906,침구류/커튼 소매업
2025-10-01,소,G20907,액세서리/잡화 소매업
2025-10-01,소,G20908,가발 소매업
2025-10-01,소,G20909,실/섬유제품 소매업
2025-10-01,소,G20910,신발 소매업
2025-10-01,소,G20911,가방 소매업
2025-10-01,소,G21001,철물/공구 소매업
2025-10-01,소,G21002,벽지/장판/마루 소매업
2025-10-01,소,G21003,건설/건축자재 소매업
2025-10-01,소,G21099,기타 건설/건축자재 소매업
2025-10-01,소,G21101,가구 소매업
2025-10-01,소,G21201,전기용품/조명장치 소매업
2025-10-01,소,G21202,주방/가정용품 소매업
2025-10-01,소,G21203,악기 소매업
2025-10-01,소,G21301,서점
2025-10-01,소,G21302,문구/회화용품 소매업
2025-10-01,소,G21303,음반/비디오물 소매업
2025-10-01,소,G21304,운동용품 소매업
2025-10-01,소,G21305,자전거 소매업
2025-10-01,소,G21306,장난감 소매업
2025-10-01,소,G21401,주유소
2025-10-01,소,G21402,가스 충전소
2025-10-01,소,G21403,가정용 연료 소매업
2025-10-01,소,G21501,약국
2025-10-01,소,G21502,의료기기 소매업
2025-10-01,소,G21503,화장품 소매업
2025-10-01,소,G21601,사무기기 소매업
2025-10-01,소,G21602,안경렌즈 소매업
2025-10-01,소,G21603,사진기/기타 광학기기 소매업
2025-10-01,소,G21701,시계/귀금속 소매업
2025-10-01,소,G21801,예술품 소매업
2025-10-01,소,G21802,기념품점
2025-10-01,소,G21901,꽃집
2025-10-01,소,G22001,애완동물/애완용품 소매업
2025-10-01,소,G22199,그 외 기타 상품 전문 소매업
2025-10-01,소,G22201,중고 상품 소매업
2025-10-01,소,I10101,호텔/리조트
2025-10-01,소,I10102,여관/모텔
2025-10-01,소,I10103,펜션
2025-10-01,소,I10104,캠핑/글램핑
2025-10-01,소,I10201,기숙사/고시원
2025-10-01,소,I10299,그 외 기타 숙박업
2025-10-01,소,I20101,백반/한정식
2025-10-01,소,I20102,국/탕/찌개류
2025-10-01,소,I20103,족발/보쌈
2025-10-01,소,I20104,전/부침개
2025-10-01,소,I20105,국수/칼국수
2025-10-01,소,I20106,냉면/밀면
2025-10-01,소,I20107,돼지고기 구이/찜
2025-10-01,소,I20108,소고기 구이/찜
2025-10-01,소,I20109,곱창 전골/구이
2025-10-01,소,I20110,닭/오리고기 구이/찜
2025-10-01,소,I20111,횟집
2025-10-01,소,I20112,해산물 구이/찜
2025-10-01,소,I20113,복 요리 전문
2025-10-01,소,I20199,기타 한식 음식점
2025-10-01,소,I20201,중국집
2025-10-01,소,I20202,마라탕/훠궈
2025-10-01,소,I20301,일식 회/초밥
2025-10-01,소,I20302,일식 카레/돈가스/덮밥
2025-10-01,소,I20303,일식 면 요리
2025-10-01,소,I20399,기타 일식 음식점
2025-10-01,소,I20401,경양식
2025-10-01,소,I20402,파스타/스테이크
2025-10-01,소,I20403,패밀리레스토랑
2025-10-01,소,I20499,기타 서양식 음식점
2025-10-01,소,I20501,베트남식 전문
2025-10-01,소,I20599,기타 동남아식 전문
2025-10-01,소,I20701,구내식당
2025-10-01,소,I20702,뷔페
2025-10-01,소,I21001,빵/도넛
2025-10-01,소,I21002,떡/한과
2025-10-01,소,I21003,피자
2025-10-01,소,I21004,버거
2025-10-01,소,I21005,토스트/샌드위치/샐러드
2025-10-01,소,I21006,치킨
2025-10-01,소,I21007,김밥/만두/분식
2025-10-01,소,I21008,아이스크림/빙수
2025-10-01,소,I21099,그 외 기타 간이 음식점
2025-10-01,소,I21101,일반 유흥 주점
2025-10-01,소,I21102,무도 유흥 주점
2025-10-01,소,I21103,생맥주 전문
2025-10-01,소,I21104,요리 주점
2025-10-01,소,I21201,카페
2025-10-01,소,L10203,부동산 중개/대리업
2025-10-01,소,M10301,변호사
2025-10-01,소,M10302,변리사
2025-10-01,소,M10303,법무사
2025-10-01,소,M10306,행정사
2025-10-01,소,M10307,공인노무사
2025-10-01,소,M10399,기타 법무관련 서비스업
2025-10-01,소,M10401,공인회계사
2025-10-01,소,M10402,세무사
2025-10-01,소,M10499,기타 회계 관련 서비스업
2025-10-01,소,M10501,광고 대행업
2025-10-01,소,M10502,옥외/전시 광고 대행업
2025-10-01,소,M10503,광고 매체 판매업
2025-10-01,소,M10504,광고물 설계/제작업
2025-10-01,소,M10599,기타 광고 관련 서비스업
2025-10-01,소,M10601,시장 조사 및 여론 조사업
2025-10-01,소,M10703,경영 컨설팅업
2025-10-01,소,M10901,건축 설계 및 관련 서비스업
2025-10-01,소,M10902,도시 계획 및 조경 설계 서비스업
2025-10-01,소,M10903,건물 및 토목 엔지니어링 서비스업
2025-10-01,소,M10904,환경 관련 엔지니어링 서비스업
2025-10-01,소,M10999,기타 엔지니어링 서비스업
2025-10-01,소,M11101,동물병원
2025-10-01,소,M11201,인테리어 디자인업
2025-10-01,소,M11202,제품 디자인업
2025-10-01,소,M11203,시각 디자인업
2025-10-01,소,M11204,패션/섬유/기타 전문 디자인업
2025-10-01,소,M11301,사진촬영업
2025-10-01,소,M11401,명함/간판/광고물 제작
2025-10-01,소,M11502,번역/통역 서비스업
2025-10-01,소,M11504,사업/무형 재산권 중개업
2025-10-01,소,N10101,사업시설 유지·관리 서비스업
2025-10-01,소,N10201,건축물 일반 청소업
2025-10-01,소,N10202,산업설비; 운송장비 및 공공장소 청소업
2025-10-01,소,N10203,소독; 구충 및 방제 서비스업
2025-10-01,소,N10301,조경 유지·관리 서비스업
2025-10-01,소,N10401,고용 알선업
2025-10-01,소,N10402,임시/일용 인력 공급업
2025-10-01,소,N10403,상용 인력 공급 및 인사관리 서비스업
2025-10-01,소,N10501,여행사
2025-10-01,소,N10599,기타 여행 보조/예약 서비스업
2025-10-01,소,N10703,복사업
2025-10-01,소,N10799,기타 사무 지원 서비스업
2025-10-01,소,N10802,전시/컨벤션/행사 대행 서비스업
2025-10-01,소,N10805,포장/충전업
2025-10-01,소,N10901,자동차 대여업
2025-10-01,소,N10999,기타 운송장비 대여업
2025-10-01,소,N11001,스포츠/레크리에이션 용품 대여업
2025-10-01,소,N11002,음반/비디오물 대여업
2025-10-01,소,N11003,만화방
2025-10-01,소,N11004,의류 대여업
2025-10-01,소,N11099,기타 개인/가정용품 대여업
2025-10-01,소,N11101,건설기계/장비 대여업
2025-10-01,소,N11102,컴퓨터/사무기기 대여업
2025-10-01,소,N11199,기타 산업용 기계/장비 대여업
2025-10-01,소,P10501,입시·교과학원
2025-10-01,소,P10601,태권도/무술학원
2025-10-01,소,P10603,요가/필라테스 학원
2025-10-01,소,P10605,레크리에이션 교육기관
2025-10-01,소,P10607,청소년 수련시설
2025-10-01,소,P10609,음악학원
2025-10-01,소,P10611,미술학원
2025-10-01,소,P10613,기타 예술/스포츠 교육기관
2025-10-01,소,P10615,외국어학원
2025-10-01,소,P10617,전문자격/고시학원
2025-10-01,소,P10619,사회교육시설
2025-10-01,소,P10621,직원 훈련기관
2025-10-01,소,P10623,운전학원
2025-10-01,소,P10625,기타 기술/직업 훈련학원
2025-10-01,소,P10627,컴퓨터 학원
2025-10-01,소,P10629,그 외 기타 교육기관
2025-10-01,소,P10701,교육컨설팅업
2025-10-01,소,P10799,기타 교육지원 서비스업
2025-10-01,소,Q10101,종합병원
2025-10-01,소,Q10102,일반병원
2025-10-01,소,Q10103,치과병원
2025-10-01,소,Q10104,한방병원
2025-10-01,소,Q10105,요양병원
2025-10-01,소,Q10201,내과/소아과 의원
2025-10-01,소,Q10202,외과 의원
2025-10-01,소,Q10203,신경/정신과 의원
2025-10-01,소,Q10204,피부/비뇨기과 의원
2025-10-01,소,Q10205,안과 의원
2025-10-01,소,Q10206,이비인후과 의원
2025-10-01,소,Q10207,산부인과 의원
2025-10-01,소,Q10208,성형외과 의원
2025-10-01,소,Q10209,기타 의원
2025-10-01,소,Q10210,치과의원
2025-10-01,소,Q10211,한의원
2025-10-01,소,Q10212,방사선 진단/병리 검사 의원
2025-10-01,소,Q10402,유사 의료업
2025-10-01,소,R10202,독서실/스터디 카페
2025-10-01,소,R10306,종합 스포츠시설
2025-10-01,소,R10307,헬스장
2025-10-01,소,R10308,수영장
2025-10-01,소,R10309,볼링장
2025-10-01,소,R10310,당구장
2025-10-01,소,R10311,골프 연습장
2025-10-01,소,R10312,테니스장
2025-10-01,소,R10313,탁구장
2025-10-01,소,R10314,기타 스포츠시설 운영업
2025-10-01,소,R10316,스쿼시/라켓볼장
2025-10-01,소,R10402,비디오방
2025-10-01,소,R10404,전자 게임장
2025-10-01,소,R10405,기타 오락장
2025-10-01,소,R10406,PC방
2025-10-01,소,R10407,노래방
2025-10-01,소,R10408,낚시터 운영업
2025-10-01,소,R10409,수상/해양 레저업
2025-10-01,소,R10410,복권 발행/판매업
2025-10-01,소,R10414,바둑/장기/체스 경기 운영업
2025-10-01,소,R10499,기타 오락관련 서비스업
2025-10-01,소,S20101,컴퓨터/노트북/프린터 수리업
2025-10-01,소,S20201,핸드폰/통신장비 수리업
2025-10-01,소,S20301,자동차 정비소
2025-10-01,소,S20302,자동차 세차장
2025-10-01,소,S20401,모터사이클 수리업
2025-10-01,소,S20501,가전제품 수리업
2025-10-01,소,S20601,의류/이불 수선업
2025-10-01,소,S20602,가죽/가방/신발 수선업
2025-10-01,소,S20603,시계/귀금속/악기 수리업
2025-10-01,소,S20699,그 외 기타 개인/가정용품 수리업
2025-10-01,소,S20701,미용실
2025-10-01,소,S20702,피부 관리실
2025-10-01,소,S20703,네일숍
2025-10-01,소,S20801,목욕탕/사우나
2025-10-01,소,S20802,마사지/안마
2025-10-01,소,S20803,체형/비만 관리
2025-10-01,소,S20901,세탁소
2025-10-01,소,S20902,셀프 빨래방
2025-10-01,소,S21001,장례식장
2025-10-01,소,S21002,화장터/묘지/납골당
2025-10-01,소,S21101,예식장업
2025-10-01,소,S21105,결혼 상담 서비스업
2025-10-01,중,G202,자동차 부품 소매
2025-10-01,중,G203,모터사이클 소매
2025-10-01,중,G204,종합 소매
2025-10-01,중,G205,식료품 소매
2025-10-01,중,G206,음료 소매
2025-10-01,중,G207,담배 소매
2025-10-01,중,G208,가전·통신 소매
2025-10-01,중,G209,섬유·의복·신발 소매
2025-10-01,중,G210,철물·건설자재 소매
2025-10-01,중,G211,가구 소매
2025-10-01,중,G212,기타 생활용품 소매
2025-10-01,중,G213,오락용품 소매
2025-10-01,중,G214,연료 소매
2025-10-01,중,G215,의약·화장품 소매
2025-10-01,중,G216,안경·정밀기기 소매
2025-10-01,중,G217,시계·귀금속 소매
2025-10-01,중,G218,장식품 소매
2025-10-01,중,G219,식물 소매
2025-10-01,중,G220,애완동물·용품 소매
2025-10-01,중,G221,기타 상품 소매
2025-10-01,중,G222,중고 상품 소매
2025-10-01,중,I101,일반 숙박
2025-10-01,중,I102,기타 숙박
2025-10-01,중,I201,한식
2025-10-01,중,I202,중식
2025-10-01,중,I203,일식
2025-10-01,중,I204,서양식
2025-10-01,중,I205,동남아시아
2025-10-01,중,I207,구내식당·뷔페
2025-10-01,중,I210,기타 간이
2025-10-01,중,I211,주점
2025-10-01,중,I212,비알코올
2025-10-01,중,L102,부동산 서비스
2025-10-01,중,M103,법무관련
2025-10-01,중,M104,회계·세무
2025-10-01,중,M105,광고
2025-10-01,중,M106,시장 조사
2025-10-01,중,M107,본사·경영 컨설팅
2025-10-01,중,M109,기술 서비스
2025-10-01,중,M111,수의
2025-10-01,중,M112,전문 디자인
2025-10-01,중,M113,사진 촬영
2025-10-01,중,M114,인쇄·제품제작
2025-10-01,중,M115,기타 전문 과학
2025-10-01,중,N101,시설관리
2025-10-01,중,N102,청소·방제
2025-10-01,중,N103,조경·유지
2025-10-01,중,N104,고용 알선
2025-10-01,중,N105,여행사·보조
2025-10-01,중,N107,사무 지원
2025-10-01,중,N108,기타 사업 서비스
2025-10-01,중,N109,운송장비 대여
2025-10-01,중,N110,가정용품 대여
2025-10-01,중,N111,산업용품 대여
2025-10-01,중,P105,일반 교육
2025-10-01,중,P106,기타 교육
2025-10-01,중,P107,교육 지원
2025-10-01,중,Q101,병원
2025-10-01,중,Q102,의원
2025-10-01,중,Q104,기타 보건
2025-10-01,중,R102,도서관·사적지
2025-10-01,중,R103,스포츠 서비스
2025-10-01,중,R104,유원지·오락
2025-10-01,중,S201,컴퓨터 수리
2025-10-01,중,S202,통신장비 수리
2025-10-01,중,S203,자동차 수리·세차
2025-10-01,중,S204,모터사이클 수리
2025-10-01,중,S205,가전제품 수리
2025-10-01,중,S206,기타 가정용품 수리
2025-10-01,중,S207,이용·미용
2025-10-01,중,S208,욕탕·신체관리
2025-10-01,중,S209,세탁
2025-10-01,중,S210,장례식장
2025-10-01,중,S211,기타 개인
2025-12-01,대,G2,소매
2025-12-01,대,I1,숙박
2025-12-01,대,I2,음식
2025-12-01,대,L1,부동산
2025-12-01,대,M1,과학·기술
2025-12-01,대,N1,시설관리·임대
2025-12-01,대,P1,교육
2025-12-01,대,Q1,보건의료
2025-12-01,대,R1,예술·스포츠
2025-12-01,대,S2,수리·개인
2025-12-01,소,G20201,타이어 소매업
2025-12-01,소,G20202,자동차 부품 소매업
2025-12-01,소,G20301,모터사이클 및 부품 소매업
2025-12-01,소,G20404,슈퍼마켓
2025-12-01,소,G20405,편의점
2025-12-01,소,G20499,그 외 기타 종합 소매업
2025-12-01,소,G20501,곡물/곡분 소매업
2025-12-01,소,G20502,가축 사료 소매업
2025-12-01,소,G20503,정육점
2025-12-01,소,G20504,건어물/젓갈 소매업
2025-12-01,소,G20505,수산물 소매업
2025-12-01,소,G20506,채소/과일 소매업
2025-12-01,소,G20507,아이스크림 할인점
2025-12-01,소,G20508,건강보조식품 소매업
2025-12-01,소,G20509,반찬/식료품 소매업
2025-12-01,소,G20601,얼음 소매업
2025-12-01,소,G20602,주류 소매업
2025-12-01,소,G20603,생수/음료 소매업
2025-12-01,소,G20604,우유 소매업
2025-12-01,소,G20701,담배/전자담배 소매업
2025-12-01,소,G20801,컴퓨터/소프트웨어 소매업
2025-12-01,소,G20802,핸드폰 소매업
2025-12-01,소,G20803,가전제품 소매업
2025-12-01,소,G20901,남성 의류 소매업
2025-12-01,소,G20902,여성 의류 소매업
2025-12-01,소,G20903,유아용 의류 소매업
2025-12-01,소,G20904,한복 소매업
2025-12-01,소,G20905,기타 의류 소매업
2025-12-01,소,G20906,침구류/커튼 소매업
2025-12-01,소,G20907,액세서리/잡화 소매업
2025-12-01,소,G20908,가발 소매업
2025-12-01,소,G20909,실/섬유제품 소매업
2025-12-01,소,G20910,신발 소매업
2025-12-01,소,G20911,가방 소매업
2025-12-01,소,G21001,철물/공구 소매업
2025-12-01,소,G21002,벽지/장판/마루 소매업
2025-12-01,소,G21003,건설/건축자재 소매업
2025-12-01,소,G21099,기타 건설/건축자재 소매업
2025-12-01,소,G21101,가구 소매업
2025-12-01,소,G21201,전기용품/조명장치 소매업
2025-12-01,소,G21202,주방/가정용품 소매업
2025-12-01,소,G21203,악기 소매업
2025-12-01,소,G21301,서점
2025-12-01,소,G21302,문구/회화용품 소매업
2025-12-01,소,G21303,음반/비디오물 소매업
2025-12-01,소,G21304,운동용품 소매업
2025-12-01,소,G21305,자전거 소매업
2025-12-01,소,G21306,장난감 소매업
2025-12-01,소,G21401,주유소
2025-12-01,소,G21402,가스 충전소
2025-12-01,소,G21403,가정용 연료 소매업
2025-12-01,소,G21501,약국
2025-12-01,소,G21502,의료기기 소매업
2025-12-01,소,G21503,화장품 소매업
2025-12-01,소,G21601,사무기기 소매업
2025-12-01,소,G21602,안경렌즈 소매업
2025-12-01,소,G21603,사진기/기타 광학기기 소매업
2025-12-01,소,G21701,시계/귀금속 소매업
2025-12-01,소,G21801,예술품 소매업
2025-12-01,소,G21802,기념품점
2025-12-01,소,G21901,꽃집
2025-12-01,소,G22001,애완동물/애완용품 소매업
2025-12-01,소,G22199,그 외 기타 상품 전문 소매업
2025-12-01,소,G22201,중고 상품 소매업
2025-12-01,소,I10101,호텔/리조트
2025-12-01,소,I10102,여관/모텔
2025-12-01,소,I10103,펜션
2025-12-01,소,I10104,캠핑/글램핑
2025-12-01,소,I10201,기숙사/고시원
2025-12-01,소,I10299,그 외 기타 숙박업
2025-12-01,소,I20101,백반/한정식
2025-12-01,소,I20102,국/탕/찌개류
2025-12-01,소,I20103,족발/보쌈
2025-12-01,소,I20104,전/부침개
2025-12-01,소,I20105,국수/칼국수
2025-12-01,소,I20106,냉면/밀면
2025-12-01,소,I20107,돼지고기 구이/찜
2025-12-01,소,I20108,소고기 구이/찜
2025-12-01,소,I20109,곱창 전골/구이
2025-12-01,소,I20110,닭/오리고기 구이/찜
2025-12-01,소,I20111,횟집
2025-12-01,소,I20112,해산물 구이/찜
2025-12-01,소,I20113,복 요리 전문
2025-12-01,소,I20199,기타 한식 음식점
2025-12-01,소,I20201,중국집
2025-12-01,소,I20202,마라탕/훠궈
2025-12-01,소,I20301,일식 회/초밥
2025-12-01,소,I20302,일식 카레/돈가스/덮밥
2025-12-01,소,I20303,일식 면 요리
2025-12-01,소,I20399,기타 일식 음식점
2025-12-01,소,I20401,경양식
2025-12-01,소,I20402,파스타/스테이크
2025-12-01,소,I20403,패밀리레스토랑
2025-12-01,소,I20499,기타 서양식 음식점
2025-12-01,소,I20501,베트남식 전문
2025-12-01,소,I20599,기타 동남아식 전문
2025-12-01,소,I20701,구내식당
2025-12-01,소,I20702,뷔페
2025-12-01,소,I21001,빵/도넛
2025-12-01,소,I21002,떡/한과
2025-12-01,소,I21003,피자
2025-12-01,소,I21004,버거
2025-12-01,소,I21005,토스트/샌드위치/샐러드
2025-12-01,소,I21006,치킨
2025-12-01,소,I21007,김밥/만두/분식
2025-12-01,소,I21008,아이스크림/빙수
2025-12-01,소,I21099,그 외 기타 간이 음식점
2025-12-01,소,I21101,일반 유흥 주점
2025-12-01,소,I21102,무도 유흥 주점
2025-12-01,소,I21103,생맥주 전문
2025-12-01,소,I21104,요리 주점
2025-12-01,소,I21201,카페
2025-12-01,소,L10203,부동산 중개/대리업
2025-12-01,소,M10301,변호사
2025-12-01,소,M10302,변리사
2025-12-01,소,M10303,법무사
2025-12-01,소,M10306,행정사
2025-12-01,소,M10307,공인노무사
2025-12-01,소,M10399,기타 법무관련 서비스업
2025-12-01,소,M10401,공인회계사
2025-12-01,소,M10402,세무사
2025-12-01,소,M10499,기타 회계 관련 서비스업
2025-12-01,소,M10501,광고 대행업
2025-12-01,소,M10502,옥외/전시 광고 대행업
2025-12-01,소,M10503,광고 매체 판매업
2025-12-01,소,M10504,광고물 설계/제작업
2025-12-01,소,M10599,기타 광고 관련 서비스업
2025-12-01,소,M10601,시장 조사 및 여론 조사업
2025-12-01,소,M10703,경영 컨설팅업
2025-12-01,소,M10901,건축 설계 및 관련 서비스업
2025-12-01,소,M10902,도시 계획 및 조경 설계 서비스업
2025-12-01,소,M10903,건물 및 토목 엔지니어링 서비스업
2025-12-01,소,M10904,환경 관련 엔지니어링 서비스업
2025-12-01,소,M10999,기타 엔지니어링 서비스업
2025-12-01,소,M11101,동물병원
2025-12-01,소,M11201,인테리어 디자인업
2025-12-01,소,M11202,제품 디자인업
2025-12-01,소,M11203,시각 디자인업
2025-12-01,소,M11204,패션/섬유/기타 전문 디자인업
2025-12-01,소,M11301,사진촬영업
2025-12-01,소,M11401,명함/간판/광고물 제작
2025-12-01,소,M11502,번역/통역 서비스업
2025-12-01,소,M11504,사업/무형 재산권 중개업
2025-12-01,소,N10101,사업시설 유지·관리 서비스업
2025-12-01,소,N10201,건축물 일반 청소업
2025-12-01,소,N10202,산업설비; 운송장비 및 공공장소 청소업
2025-12-01,소,N10203,소독; 구충 및 방제 서비스업
2025-12-01,소,N10301,조경 유지·관리 서비스업
2025-12-01,소,N10401,고용 알선업
2025-12-01,소,N10402,임시/일용 인력 공급업
2025-12-01,소,N10403,상용 인력 공급 및 인사관리 서비스업
2025-12-01,소,N10501,여행사
2025-12-01,소,N10599,기타 여행 보조/예약 서비스업
2025-12-01,소,N10703,복사업
2025-12-01,소,N10799,기타 사무 지원 서비스업
2025-12-01,소,N10802,전시/컨벤션/행사 대행 서비스업
2025-12-01,소,N10805,포장/충전업
2025-12-01,소,N10901,자동차 대여업
2025-12-01,소,N10999,기타 운송장비 대여업
2025-12-01,소,N11001,스포츠/레크리에이션 용품 대여업
2025-12-01,소,N11002,음반/비디오물 대여업
2025-12-01,소,N11003,만화방
2025-12-01,소,N11004,의류 대여업
2025-12-01,소,N11099,기타 개인/가정용품 대여업
2025-12-01,소,N11101,건설기계/장비 대여업
2025-12-01,소,N11102,컴퓨터/사무기기 대여업
2025-12-01,소,N11199,기타 산업용 기계/장비 대여업
2025-12-01,소,P10501,입시·교과학원
2025-12-01,소,P10601,태권도/무술학원
2025-12-01,소,P10603,요가/필라테스 학원
2025-12-01,소,P10605,레크리에이션 교육기관
2025-12-01,소,P10607,청소년 수련시설
2025-12-01,소,P10609,음악학원
2025-12-01,소,P10611,미술학원
2025-12-01,소,P10613,기타 예술/스포츠 교육기관
2025-12-01,소,P10615,외국어학원
2025-12-01,소,P10617,전문자격/고시학원
2025-12-01,소,P10619,사회교육시설
2025-12-01,소,P10621,직원 훈련기관
2025-12-01,소,P10623,운전학원
2025-12-01,소,P10625,기타 기술/직업 훈련학원
2025-12-01,소,P10627,컴퓨터 학원
2025-12-01,소,P10629,그 외 기타 교육기관
2025-12-01,소,P10701,교육컨설팅업
2025-12-01,소,P10799,기타 교육지원 서비스업
2025-12-01,소,Q10101,종합병원
2025-12-01,소,Q10102,일반병원
2025-12-01,소,Q10103,치과병원
2025-12-01,소,Q10104,한방병원
2025-12-01,소,Q10105,요양병원
2025-12-01,소,Q10201,내과/소아과 의원
2025-12-01,소,Q10202,외과 의원
2025-12-01,소,Q10203,신경/정신과 의원
2025-12-01,소,Q10204,피부/비뇨기과 의원
2025-12-01,소,Q10205,안과 의원
2025-12-01,소,Q10206,이비인후과 의원
2025-12-01,소,Q10207,산부인과 의원
2025-12-01,소,Q10208,성형외과 의원
2025-12-01,소,Q10209,기타 의원
2025-12-01,소,Q10210,치과의원
2025-12-01,소,Q10211,한의원
2025-12-01,소,Q10212,방사선 진단/병리 검사 의원
2025-12-01,소,Q10402,유사 의료업
2025-12-01,소,R10202,독서실/스터디 카페
2025-12-01,소,R10306,종합 스포츠시설
2025-12-01,소,R10307,헬스장
2025-12-01,소,R10308,수영장
2025-12-01,소,R10309,볼링장
2025-12-01,소,R10310,당구장
2025-12-01,소,R10311,골프 연습장
2025-12-01,소,R10312,테니스장
2025-12-01,소,R10313,탁구장
2025-12-01,소,R10314,기타 스포츠시설 운영업
2025-12-01,소,R10316,스쿼시/라켓볼장
2025-12-01,소,R10402,비디오방
2025-12-01,소,R10404,전자 게임장
2025-12-01,소,R10405,기타 오락장
2025-12-01,소,R10406,PC방
2025-12-01,소,R10407,노래방
2025-12-01,소,R10408,낚시터 운영업
2025-12-01,소,R10409,수상/해양 레저업
2025-12-01,소,R10410,복권 발행/판매업
2025-12-01,소,R10414,바둑/장기/체스 경기 운영업
2025-12-01,소,R10499,기타 오락관련 서비스업
2025-12-01,소,S20101,컴퓨터/노트북/프린터 수리업
2025-12-01,소,S20201,핸드폰/통신장비 수리업
2025-12-01,소,S20301,자동차 정비소
2025-12-01,소,S20302,자동차 세차장
2025-12-01,소,S20401,모터사이클 수리업
2025-12-01,소,S20501,가전제품 수리업
2025-12-01,소,S20601,의류/이불 수선업
2025-12-01,소,S20602,가죽/가방/신발 수선업
2025-12-01,소,S20603,시계/귀금속/악기 수리업
2025-12-01,소,S20699,그 외 기타 개인/가정용품 수리업
2025-12-01,소,S20701,미용실
2025-12-01,소,S20702,피부 관리실
2025-12-01,소,S20703,네일숍
2025-12-01,소,S20801,목욕탕/사우나
2025-12-01,소,S20802,마사지/안마
2025-12-01,소,S20803,체형/비만 관리
2025-12-01,소,S20901,세탁소
2025-12-01,소,S20902,셀프 빨래방
2025-12-01,소,S21001,장례식장
2025-12-01,소,S21002,화장터/묘지/납골당
2025-12-01,소,S21101,예식장업
2025-12-01,소,S21105,결혼 상담 서비스업
2025-12-01,중,G202,자동차 부품 소매
2025-12-01,중,G203,모터사이클 소매
2025-12-01,중,G204,종합 소매
2025-12-01,중,G205,식료품 소매
2025-12-01,중,G206,음료 소매
2025-12-01,중,G207,담배 소매
2025-12-01,중,G208,가전·통신 소매
2025-12-01,중,G209,섬유·의복·신발 소매
2025-12-01,중,G210,철물·건설자재 소매
2025-12-01,중,G211,가구 소매
2025-12-01,중,G212,기타 생활용품 소매
2025-12-01,중,G213,오락용품 소매
2025-12-01,중,G214,연료 소매
2025-12-01,중,G215,의약·화장품 소매
2025-12-01,중,G216,안경·정밀기기 소매
2025-12-01,중,G217,시계·귀금속 소매
2025-12-01,중,G218,장식품 소매
2025-12-01,중,G219,식물 소매
2025-12-01,중,G220,애완동물·용품 소매
2025-12-01,중,G221,기타 상품 소매
2025-12-01,중,G222,중고 상품 소매
2025-12-01,중,I101,일반 숙박
2025-12-01,중,I102,기타 숙박
2025-12-01,중,I201,한식
2025-12-01,중,I202,중식
2025-12-01,중,I203,일식
2025-12-01,중,I204,서양식
2025-12-01,중,I205,동남아시아
2025-12-01,중,I207,구내식당·뷔페
2025-12-01,중,I210,기타 간이
2025-12-01,중,I211,주점
2025-12-01,중,I212,비알코올
2025-12-01,중,L102,부동산 서비스
2025-12-01,중,M103,법무관련
2025-12-01,중,M104,회계·세무
2025-12-01,중,M105,광고
2025-12-01,중,M106,시장 조사
2025-12-01,중,M107,본사·경영 컨설팅
2025-12-01,중,M109,기술 서비스
2025-12-01,중,M111,수의
2025-12-01,중,M112,전문 디자인
2025-12-01,중,M113,사진 촬영
2025-12-01,중,M114,인쇄·제품제작
2025-12-01,중,M115,기타 전문 과학
2025-12-01,중,N101,시설관리
2025-12-01,중,N102,청소·방제
2025-12-01,중,N103,조경·유지
2025-12-01,중,N104,고용 알선
2025-12-01,중,N105,여행사·보조
2025-12-01,중,N107,사무 지원
2025-12-01,중,N108,기타 사업 서비스
2025-12-01,중,N109,운송장비 대여
2025-12-01,중,N110,가정용품 대여
2025-12-01,중,N111,산업용품 대여
2025-12-01,중,P105,일반 교육
2025-12-01,중,P106,기타 교육
2025-12-01,중,P107,교육 지원
2025-12-01,중,Q101,병원
2025-12-01,중,Q102,의원
2025-12-01,중,Q104,기타 보건
2025-12-01,중,R102,도서관·사적지
2025-12-01,중,R103,스포츠 서비스
2025-12-01,중,R104,유원지·오락
2025-12-01,중,S201,컴퓨터 수리
2025-12-01,중,S202,통신장비 수리
2025-12-01,중,S203,자동차 수리·세차
2025-12-01,중,S204,모터사이클 수리
2025-12-01,중,S205,가전제품 수리
2025-12-01,중,S206,기타 가정용품 수리
2025-12-01,중,S207,이용·미용
2025-12-01,중,S208,욕탕·신체관리
2025-12-01,중,S209,세탁
2025-12-01,중,S210,장례식장
2025-12-01,중,S211,기타 개인
2026-03-01,대,G2,소매
2026-03-01,대,I1,숙박
2026-03-01,대,I2,음식
2026-03-01,대,L1,부동산
2026-03-01,대,M1,과학·기술
2026-03-01,대,N1,시설관리·임대
2026-03-01,대,P1,교육
2026-03-01,대,Q1,보건의료
2026-03-01,대,R1,예술·스포츠
2026-03-01,대,S2,수리·개인
2026-03-01,소,G20201,타이어 소매업
2026-03-01,소,G20202,자동차 부품 소매업
2026-03-01,소,G20301,모터사이클 및 부품 소매업
2026-03-01,소,G20404,슈퍼마켓
2026-03-01,소,G20405,편의점
2026-03-01,소,G20499,그 외 기타 종합 소매업
2026-03-01,소,G20501,곡물/곡분 소매업
2026-03-01,소,G20502,가축 사료 소매업
2026-03-01,소,G20503,정육점
2026-03-01,소,G20504,건어물/젓갈 소매업
2026-03-01,소,G20505,수산물 소매업
2026-03-01,소,G20506,채소/과일 소매업
2026-03-01,소,G20507,아이스크림 할인점
2026-03-01,소,G20508,건강보조식품 소매업
2026-03-01,소,G20509,반찬/식료품 소매업
2026-03-01,소,G20601,얼음 소매업
2026-03-01,소,G20602,주류 소매업
2026-03-01,소,G20603,생수/음료 소매업
2026-03-01,소,G20604,우유 소매업
2026-03-01,소,G20701,담배/전자담배 소매업
2026-03-01,소,G20801,컴퓨터/소프트웨어 소매업
2026-03-01,소,G20802,핸드폰 소매업
2026-03-01,소,G20803,가전제품 소매업
2026-03-01,소,G20901,남성 의류 소매업
2026-03-01,소,G20902,여성 의류 소매업
2026-03-01,소,G20903,유아용 의류 소매업
2026-03-01,소,G20904,한복 소매업
2026-03-01,소,G20905,기타 의류 소매업
2026-03-01,소,G20906,침구류/커튼 소매업
2026-03-01,소,G20907,액세서리/잡화 소매업
2026-03-01,소,G20908,가발 소매업
2026-03-01,소,G20909,실/섬유제품 소매업
2026-03-01,소,G20910,신발 소매업
2026-03-01,소,G20911,가방 소매업
2026-03-01,소,G21001,철물/공구 소매업
2026-03-01,소,G21002,벽지/장판/마루 소매업
2026-03-01,소,G21003,건설/건축자재 소매업
2026-03-01,소,G21099,기타 건설/건축자재 소매업
2026-03-01,소,G21101,가구 소매업
2026-03-01,소,G21201,전기용품/조명장치 소매업
2026-03-01,소,G21202,주방/가정용품 소매업
2026-03-01,소,G21203,악기 소매업
2026-03-01,소,G21301,서점
2026-03-01,소,G21302,문구/회화용품 소매업
2026-03-01,소,G21303,음반/비디오물 소매업
2026-03-01,소,G21304,운동용품 소매업
2026-03-01,소,G21305,자전거 소매업
2026-03-01,소,G21306,장난감 소매업
2026-03-01,소,G21401,주유소
2026-03-01,소,G21402,가스 충전소
2026-03-01,소,G21403,가정용 연료 소매업
2026-03-01,소,G21501,약국
2026-03-01,소,G21502,의료기기 소매업
2026-03-01,소,G21503,화장품 소매업
2026-03-01,소,G21601,사무기기 소매업
2026-03-01,소,G21602,안경렌즈 소매업
2026-03-01,소,G21603,사진기/기타 광학기기 소매업
2026-03-01,소,G21701,시계/귀금속 소매업
2026-03-01,소,G21801,예술품 소매업
2026-03-01,소,G21802,기념품점
2026-03-01,소,G21901,꽃집
2026-03-01,소,G22001,애완동물/애완용품 소매업
2026-03-01,소,G22199,그 외 기타 상품 전문 소매업
2026-03-01,소,G22201,중고 상품 소매업
2026-03-01,소,I10101,호텔/리조트
2026-03-01,소,I10102,여관/모텔
2026-03-01,소,I10103,펜션
2026-03-01,소,I10104,캠핑/글램핑
2026-03-01,소,I10201,기숙사/고시원
2026-03-01,소,I10299,그 외 기타 숙박업
2026-03-01,소,I20101,백반/한정식
2026-03-01,소,I20102,국/탕/찌개류
2026-03-01,소,I20103,족발/보쌈
2026-03-01,소,I20104,전/부침개
2026-03-01,소,I20105,국수/칼국수
2026-03-01,소,I20106,냉면/밀면
2026-03-01,소,I20107,돼지고기 구이/찜
2026-03-01,소,I20108,소고기 구이/찜
2026-03-01,소,I20109,곱창 전골/구이
2026-03-01,소,I20110,닭/오리고기 구이/찜
2026-03-01,소,I20111,횟집
2026-03-01,소,I20112,해산물 구이/찜
2026-03-01,소,I20113,복 요리 전문
2026-03-01,소,I20199,기타 한식 음식점
2026-03-01,소,I20201,중국집
2026-03-01,소,I20202,마라탕/훠궈
2026-03-01,소,I20301,일식 회/초밥
2026-03-01,소,I20302,일식 카레/돈가스/덮밥
2026-03-01,소,I20303,일식 면 요리
2026-03-01,소,I20399,기타 일식 음식점
2026-03-01,소,I20401,경양식
2026-03-01,소,I20402,파스타/스테이크
2026-03-01,소,I20403,패밀리레스토랑
2026-03-01,소,I20499,기타 서양식 음식점
2026-03-01,소,I20501,베트남식 전문
2026-03-01,소,I20599,기타 동남아식 전문
2026-03-01,소,I20701,구내식당
2026-03-01,소,I20702,뷔페
2026-03-01,소,I21001,빵/도넛
2026-03-01,소,I21002,떡/한과
2026-03-01,소,I21003,피자
2026-03-01,소,I21004,버거
2026-03-01,소,I21005,토스트/샌드위치/샐러드
2026-03-01,소,I21006,치킨
2026-03-01,소,I21007,김밥/만두/분식
2026-03-01,소,I21008,아이스크림/빙수
2026-03-01,소,I21099,그 외 기타 간이 음식점
2026-03-01,소,I21101,일반 유흥 주점
2026-03-01,소,I21102,무도 유흥 주점
2026-03-01,소,I21103,생맥주 전문
2026-03-01,소,I21104,요리 주점
2026-03-01,소,I21201,카페
2026-03-01,소,L10203,부동산 중개/대리업
2026-03-01,소,M10301,변호사
2026-03-01,소,M10302,변리사
2026-03-01,소,M10303,법무사
2026-03-01,소,M10306,행정사
2026-03-01,소,M10307,공인노무사
2026-03-01,소,M10399,기타 법무관련 서비스업
2026-03-01,소,M10401,공인회계사
2026-03-01,소,M10402,세무사
2026-03-01,소,M10499,기타 회계 관련 서비스업
2026-03-01,소,M10501,광고 대행업
2026-03-01,소,M10502,옥외/전시 광고 대행업
2026-03-01,소,M10503,광고 매체 판매업
2026-03-01,소,M10504,광고물 설계/제작업
2026-03-01,소,M10599,기타 광고 관련 서비스업
2026-03-01,소,M10601,시장 조사 및 여론 조사업
2026-03-01,소,M10703,경영 컨설팅업
2026-03-01,소,M10901,건축 설계 및 관련 서비스업
2026-03-01,소,M10902,도시 계획 및 조경 설계 서비스업
2026-03-01,소,M10903,건물 및 토목 엔지니어링 서비스업
2026-03-01,소,M10904,환경 관련 엔지니어링 서비스업
2026-03-01,소,M10999,기타 엔지니어링 서비스업
2026-03-01,소,M11101,동물병원
2026-03-01,소,M11201,인테리어 디자인업
2026-03-01,소,M11202,제품 디자인업
2026-03-01,소,M11203,시각 디자인업
2026-03-01,소,M11204,패션/섬유/기타 전문 디자인업
2026-03-01,소,M11301,사진촬영업
2026-03-01,소,M11401,명함/간판/광고물 제작
2026-03-01,소,M11502,번역/통역 서비스업
2026-03-01,소,M11504,사업/무형 재산권 중개업
2026-03-01,소,N10101,사업시설 유지·관리 서비스업
2026-03-01,소,N10201,건축물 일반 청소업
2026-03-01,소,N10202,산업설비; 운송장비 및 공공장소 청소업
2026-03-01,소,N10203,소독; 구충 및 방제 서비스업
2026-03-01,소,N10301,조경 유지·관리 서비스업
2026-03-01,소,N10401,고용 알선업
2026-03-01,소,N10402,임시/일용 인력 공급업
2026-03-01,소,N10403,상용 인력 공급 및 인사관리 서비스업
2026-03-01,소,N10501,여행사
2026-03-01,소,N10599,기타 여행 보조/예약 서비스업
2026-03-01,소,N10703,복사업
2026-03-01,소,N10799,기타 사무 지원 서비스업
2026-03-01,소,N10802,전시/컨벤션/행사 대행 서비스업
2026-03-01,소,N10805,포장/충전업
2026-03-01,소,N10901,자동차 대여업
2026-03-01,소,N10999,기타 운송장비 대여업
2026-03-01,소,N11001,스포츠/레크리에이션 용품 대여업
2026-03-01,소,N11002,음반/비디오물 대여업
2026-03-01,소,N11003,만화방
2026-03-01,소,N11004,의류 대여업
2026-03-01,소,N11099,기타 개인/가정용품 대여업
2026-03-01,소,N11101,건설기계/장비 대여업
2026-03-01,소,N11102,컴퓨터/사무기기 대여업
2026-03-01,소,N11199,기타 산업용 기계/장비 대여업
2026-03-01,소,P10501,입시·교과학원
2026-03-01,소,P10601,태권도/무술학원
2026-03-01,소,P10603,요가/필라테스 학원
2026-03-01,소,P10605,레크리에이션 교육기관
2026-03-01,소,P10607,청소년 수련시설
2026-03-01,소,P10609,음악학원
2026-03-01,소,P10611,미술학원
2026-03-01,소,P10613,기타 예술/스포츠 교육기관
2026-03-01,소,P10615,외국어학원
2026-03-01,소,P10617,전문자격/고시학원
2026-03-01,소,P10619,사회교육시설
2026-03-01,소,P10621,직원 훈련기관
2026-03-01,소,P10623,운전학원
2026-03-01,소,P10625,기타 기술/직업 훈련학원
2026-03-01,소,P10627,컴퓨터 학원
2026-03-01,소,P10629,그 외 기타 교육기관
2026-03-01,소,P10701,교육컨설팅업
2026-03-01,소,P10799,기타 교육지원 서비스업
2026-03-01,소,Q10101,종합병원
2026-03-01,소,Q10102,일반병원
2026-03-01,소,Q10103,치과병원
2026-03-01,소,Q10104,한방병원
2026-03-01,소,Q10105,요양병원
2026-03-01,소,Q10201,내과/소아과 의원
2026-03-01,소,Q10202,외과 의원
2026-03-01,소,Q10203,신경/정신과 의원
2026-03-01,소,Q10204,피부/비뇨기과 의원
2026-03-01,소,Q10205,안과 의원
2026-03-01,소,Q10206,이비인후과 의원
2026-03-01,소,Q10207,산부인과 의원
2026-03-01,소,Q10208,성형외과 의원
2026-03-01,소,Q10209,기타 의원
2026-03-01,소,Q10210,치과의원
2026-03-01,소,Q10211,한의원
2026-03-01,소,Q10212,방사선 진단/병리 검사 의원
2026-03-01,소,Q10402,유사 의료업
2026-03-01,소,R10202,독서실/스터디 카페
2026-03-01,소,R10306,종합 스포츠시설
2026-03-01,소,R10307,헬스장
2026-03-01,소,R10308,수영장
2026-03-01,소,R10309,볼링장
2026-03-01,소,R10310,당구장
2026-03-01,소,R10311,골프 연습장
2026-03-01,소,R10312,테니스장
2026-03-01,소,R10313,탁구장
2026-03-01,소,R10314,기타 스포츠시설 운영업
2026-03-01,소,R10316,스쿼시/라켓볼장
2026-03-01,소,R10402,비디오방
2026-03-01,소,R10404,전자 게임장
2026-03-01,소,R10405,기타 오락장
2026-03-01,소,R10406,PC방
2026-03-01,소,R10407,노래방
2026-03-01,소,R10408,낚시터 운영업
2026-03-01,소,R10409,수상/해양 레저업
2026-03-01,소,R10410,복권 발행/판매업
2026-03-01,소,R10414,바둑/장기/체스 경기 운영업
2026-03-01,소,R10499,기타 오락관련 서비스업
2026-03-01,소,S20101,컴퓨터/노트북/프린터 수리업
2026-03-01,소,S20201,핸드폰/통신장비 수리업
2026-03-01,소,S20301,자동차 정비소
2026-03-01,소,S20302,자동차 세차장
2026-03-01,소,S20401,모터사이클 수리업
2026-03-01,소,S20501,가전제품 수리업
2026-03-01,소,S20601,의류/이불 수선업
2026-03-01,소,S20602,가죽/가방/신발 수선업
2026-03-01,소,S20603,시계/귀금속/악기 수리업
2026-03-01,소,S20699,그 외 기타 개인/가정용품 수리업
2026-03-01,소,S20701,미용실
2026-03-01,소,S20702,피부 관리실
2026-03-01,소,S20703,네일숍
2026-03-01,소,S20801,목욕탕/사우나
2026-03-01,소,S20802,마사지/안마
2026-03-01,소,S20803,체형/비만 관리
2026-03-01,소,S20901,세탁소
2026-03-01,소,S20902,셀프 빨래방
2026-03-01,소,S21001,장례식장
2026-03-01,소,S21002,화장터/묘지/납골당
2026-03-01,소,S21101,예식장업
2026-03-01,소,S21105,결혼 상담 서비스업
2026-03-01,중,G202,자동차 부품 소매
2026-03-01,중,G203,모터사이클 소매
2026-03-01,중,G204,종합 소매
2026-03-01,중,G205,식료품 소매
2026-03-01,중,G206,음료 소매
2026-03-01,중,G207,담배 소매
2026-03-01,중,G208,가전·통신 소매
2026-03-01,중,G209,섬유·의복·신발 소매
2026-03-01,중,G210,철물·건설자재 소매
2026-03-01,중,G211,가구 소매
2026-03-01,중,G212,기타 생활용품 소매
2026-03-01,중,G213,오락용품 소매
2026-03-01,중,G214,연료 소매
2026-03-01,중,G215,의약·화장품 소매
2026-03-01,중,G216,안경·정밀기기 소매
2026-03-01,중,G217,시계·귀금속 소매
2026-03-01,중,G218,장식품 소매
2026-03-01,중,G219,식물 소매
2026-03-01,중,G220,애완동물·용품 소매
2026-03-01,중,G221,기타 상품 소매
2026-03-01,중,G222,중고 상품 소매
2026-03-01,중,I101,일반 숙박
2026-03-01,중,I102,기타 숙박
2026-03-01,중,I201,한식
2026-03-01,중,I202,중식
2026-03-01,중,I203,일식
2026-03-01,중,I204,서양식
2026-03-01,중,I205,동남아시아
2026-03-01,중,I207,구내식당·뷔페
2026-03-01,중,I210,기타 간이
2026-03-01,중,I211,주점
2026-03-01,중,I212,비알코올
2026-03-01,중,L102,부동산 서비스
2026-03-01,중,M103,법무관련
2026-03-01,중,M104,회계·세무
2026-03-01,중,M105,광고
2026-03-01,중,M106,시장 조사
2026-03-01,중,M107,본사·경영 컨설팅
2026-03-01,중,M109,기술 서비스
2026-03-01,중,M111,수의
2026-03-01,중,M112,전문 디자인
2026-03-01,중,M113,사진 촬영
2026-03-01,중,M114,인쇄·제품제작
2026-03-01,중,M115,기타 전문 과학
2026-03-01,중,N101,시설관리
2026-03-01,중,N102,청소·방제
2026-03-01,중,N103,조경·유지
2026-03-01,중,N104,고용 알선
2026-03-01,중,N105,여행사·보조
2026-03-01,중,N107,사무 지원
2026-03-01,중,N108,기타 사업 서비스
2026-03-01,중,N109,운송장비 대여
2026-03-01,중,N110,가정용품 대여
2026-03-01,중,N111,산업용품 대여
2026-03-01,중,P105,일반 교육
2026-03-01,중,P106,기타 교육
2026-03-01,중,P107,교육 지원
2026-03-01,중,Q101,병원
2026-03-01,중,Q102,의원
2026-03-01,중,Q104,기타 보건
2026-03-01,중,R102,도서관·사적지
2026-03-01,중,R103,스포츠 서비스
2026-03-01,중,R104,유원지·오락
2026-03-01,중,S201,컴퓨터 수리
2026-03-01,중,S202,통신장비 수리
2026-03-01,중,S203,자동차 수리·세차
2026-03-01,중,S204,모터사이클 수리
2026-03-01,중,S205,가전제품 수리
2026-03-01,중,S206,기타 가정용품 수리
2026-03-01,중,S207,이용·미용
2026-03-01,중,S208,욕탕·신체관리
2026-03-01,중,S209,세탁
2026-03-01,중,S210,장례식장
2026-03-01,중,S211,기타 개인
2026-06-01,대,G2,소매
2026-06-01,대,I1,숙박
2026-06-01,대,I2,음식
2026-06-01,대,L1,부동산
2026-06-01,대,M1,과학·기술
2026-06-01,대,N1,시설관리·임대
2026-06-01,대,P1,교육
2026-06-01,대,Q1,보건의료
2026-06-01,대,R1,예술·스포츠
2026-06-01,대,S2,수리·개인
2026-06-01,소,G20201,타이어 소매업
2026-06-01,소,G20202,자동차 부품 소매업
2026-06-01,소,G20301,모터사이클 및 부품 소매업
2026-06-01,소,G20404,슈퍼마켓
2026-06-01,소,G20405,편의점
2026-06-01,소,G20499,그 외 기타 종합 소매업
2026-06-01,소,G20501,곡물/곡분 소매업
2026-06-01,소,G20502,가축 사료 소매업
2026-06-01,소,G20503,정육점
2026-06-01,소,G20504,건어물/젓갈 소매업
2026-06-01,소,G20505,수산물 소매업
2026-06-01,소,G20506,채소/과일 소매업
2026-06-01,소,G20507,아이스크림 할인점
2026-06-01,소,G20508,건강보조식품 소매업
2026-06-01,소,G20509,반찬/식료품 소매업
2026-06-01,소,G20601,얼음 소매업
2026-06-01,소,G20602,주류 소매업
2026-06-01,소,G20603,생수/음료 소매업
2026-06-01,소,G20604,우유 소매업
2026-06-01,소,G20701,담배/전자담배 소매업
2026-06-01,소,G20801,컴퓨터/소프트웨어 소매업
2026-06-01,소,G20802,핸드폰 소매업
2026-06-01,소,G20803,가전제품 소매업
2026-06-01,소,G20901,남성 의류 소매업
2026-06-01,소,G20902,여성 의류 소매업
2026-06-01,소,G20903,유아용 의류 소매업
2026-06-01,소,G20904,한복 소매업
2026-06-01,소,G20905,기타 의류 소매업
2026-06-01,소,G20906,침구류/커튼 소매업
2026-06-01,소,G20907,액세서리/잡화 소매업
2026-06-01,소,G20908,가발 소매업
2026-06-01,소,G20909,실/섬유제품 소매업
2026-06-01,소,G20910,신발 소매업
2026-06-01,소,G20911,가방 소매업
2026-06-01,소,G21001,철물/공구 소매업
2026-06-01,소,G21002,벽지/장판/마루 소매업
2026-06-01,소,G21003,건설/건축자재 소매업
2026-06-01,소,G21099,기타 건설/건축자재 소매업
2026-06-01,소,G21101,가구 소매업
2026-06-01,소,G21201,전기용품/조명장치 소매업
2026-06-01,소,G21202,주방/가정용품 소매업
2026-06-01,소,G21203,악기 소매업
2026-06-01,소,G21301,서점
2026-06-01,소,G21302,문구/회화용품 소매업
2026-06-01,소,G21303,음반/비디오물 소매업
2026-06-01,소,G21304,운동용품 소매업
2026-06-01,소,G21305,자전거 소매업
2026-06-01,소,G21306,장난감 소매업
2026-06-01,소,G21401,주유소
2026-06-01,소,G21402,가스 충전소
2026-06-01,소,G21403,가정용 연료 소매업
2026-06-01,소,G21501,약국
2026-06-01,소,G21502,의료기기 소매업
2026-06-01,소,G21503,화장품 소매업
2026-06-01,소,G21601,사무기기 소매업
2026-06-01,소,G21602,안경렌즈 소매업
2026-06-01,소,G21603,사진기/기타 광학기기 소매업
2026-06-01,소,G21701,시계/귀금속 소매업
2026-06-01,소,G21801,예술품 소매업
2026-06-01,소,G21802,기념품점
2026-06-01,소,G21901,꽃집
2026-06-01,소,G22001,애완동물/애완용품 소매업
2026-06-01,소,G22199,그 외 기타 상품 전문 소매업
2026-06-01,소,G22201,중고 상품 소매업
2026-06-01,소,I10101,호텔/리조트
2026-06-01,소,I10102,여관/모텔
2026-06-01,소,I10103,펜션
2026-06-01,소,I10104,캠핑/글램핑
2026-06-01,소,I10201,기숙사/고시원
2026-06-01,소,I10299,그 외 기타 숙박업
2026-06-01,소,I20101,백반/한정식
2026-06-01,소,I20102,국/탕/찌개류
2026-06-01,소,I20103,족발/보쌈
2026-06-01,소,I20104,전/부침개
2026-06-01,소,I20105,국수/칼국수
2026-06-01,소,I20106,냉면/밀면
2026-06-01,소,I20107,돼지고기 구이/찜
2026-06-01,소,I20108,소고기 구이/찜
2026-06-01,소,I20109,곱창 전골/구이
2026-06-01,소,I20110,닭/오리고기 구이/찜
2026-06-01,소,I20111,횟집
2026-06-01,소,I20112,해산물 구이/찜
2026-06-01,소,I20113,복 요리 전문
2026-06-01,소,I20199,기타 한식 음식점
2026-06-01,소,I20201,중국집
2026-06-01,소,I20202,마라탕/훠궈
2026-06-01,소,I20301,일식 회/초밥
2026-06-01,소,I20302,일식 카레/돈가스/덮밥
2026-06-01,소,I20303,일식 면 요리
2026-06-01,소,I20399,기타 일식 음식점
2026-06-01,소,I20401,경양식
2026-06-01,소,I20402,파스타/스테이크
2026-06-01,소,I20403,패밀리레스토랑
2026-06-01,소,I20499,기타 서양식 음식점
2026-06-01,소,I20501,베트남식 전문
2026-06-01,소,I20599,기타 동남아식 전문
2026-06-01,소,I20701,구내식당
2026-06-01,소,I20702,뷔페
2026-06-01,소,I21001,빵/도넛
2026-06-01,소,I21002,떡/한과
2026-06-01,소,I21003,피자
2026-06-01,소,I21004,버거
2026-06-01,소,I21005,토스트/샌드위치/샐러드
2026-06-01,소,I21006,치킨
2026-06-01,소,I21007,김밥/만두/분식
2026-06-01,소,I21008,아이스크림/빙수
2026-06-01,소,I21099,그 외 기타 간이 음식점
2026-06-01,소,I21101,일반 유흥 주점
2026-06-01,소,I21102,무도 유흥 주점
2026-06-01,소,I21103,생맥주 전문
2026-06-01,소,I21104,요리 주점
2026-06-01,소,I21201,카페
2026-06-01,소,L10203,부동산 중개/대리업
2026-06-01,소,M10301,변호사
2026-06-01,소,M10302,변리사
2026-06-01,소,M10303,법무사
2026-06-01,소,M10306,행정사
2026-06-01,소,M10307,공인노무사
2026-06-01,소,M10399,기타 법무관련 서비스업
2026-06-01,소,M10401,공인회계사
2026-06-01,소,M10402,세무사
2026-06-01,소,M10499,기타 회계 관련 서비스업
2026-06-01,소,M10501,광고 대행업
2026-06-01,소,M10502,옥외/전시 광고 대행업
2026-06-01,소,M10503,광고 매체 판매업
2026-06-01,소,M10504,광고물 설계/제작업
2026-06-01,소,M10599,기타 광고 관련 서비스업
2026-06-01,소,M10601,시장 조사 및 여론 조사업
2026-06-01,소,M10703,경영 컨설팅업
2026-06-01,소,M10901,건축 설계 및 관련 서비스업
2026-06-01,소,M10902,도시 계획 및 조경 설계 서비스업
2026-06-01,소,M10903,건물 및 토목 엔지니어링 서비스업
2026-06-01,소,M10904,환경 관련 엔지니어링 서비스업
2026-06-01,소,M10999,기타 엔지니어링 서비스업
2026-06-01,소,M11101,동물병원
2026-06-01,소,M11201,인테리어 디자인업
2026-06-01,소,M11202,제품 디자인업
2026-06-01,소,M11203,시각 디자인업
2026-06-01,소,M11204,패션/섬유/기타 전문 디자인업
2026-06-01,소,M11301,사진촬영업
2026-06-01,소,M11401,명함/간판/광고물 제작
2026-06-01,소,M11502,번역/통역 서비스업
2026-06-01,소,M11504,사업/무형 재산권 중개업
2026-06-01,소,N10101,사업시설 유지·관리 서비스업
2026-06-01,소,N10201,건축물 일반 청소업
2026-06-01,소,N10202,산업설비; 운송장비 및 공공장소 청소업
2026-06-01,소,N10203,소독; 구충 및 방제 서비스업
2026-06-01,소,N10301,조경 유지·관리 서비스업
2026-06-01,소,N10401,고용 알선업
2026-06-01,소,N10402,임시/일용 인력 공급업
2026-06-01,소,N10403,상용 인력 공급 및 인사관리 서비스업
2026-06-01,소,N10501,여행사
2026-06-01,소,N10599,기타 여행 보조/예약 서비스업
2026-06-01,소,N10703,복사업
2026-06-01,소,N10799,기타 사무 지원 서비스업
2026-06-01,소,N10802,전시/컨벤션/행사 대행 서비스업
2026-06-01,소,N10805,포장/충전업
2026-06-01,소,N10901,자동차 대여업
2026-06-01,소,N10999,기타 운송장비 대여업
2026-06-01,소,N11001,스포츠/레크리에이션 용품 대여업
2026-06-01,소,N11002,음반/비디오물 대여업
2026-06-01,소,N11003,만화방
2026-06-01,소,N11004,의류 대여업
2026-06-01,소,N11099,기타 개인/가정용품 대여업
2026-06-01,소,N11101,건설기계/장비 대여업
2026-06-01,소,N11102,컴퓨터/사무기기 대여업
2026-06-01,소,N11199,기타 산업용 기계/장비 대여업
2026-06-01,소,P10501,입시·교과학원
2026-06-01,소,P10601,태권도/무술학원
2026-06-01,소,P10603,요가/필라테스 학원
2026-06-01,소,P10605,레크리에이션 교육기관
2026-06-01,소,P10607,청소년 수련시설
2026-06-01,소,P10609,음악학원
2026-06-01,소,P10611,미술학원
2026-06-01,소,P10613,기타 예술/스포츠 교육기관
2026-06-01,소,P10615,외국어학원
2026-06-01,소,P10617,전문자격/고시학원
2026-06-01,소,P10619,사회교육시설
2026-06-01,소,P10621,직원 훈련기관
2026-06-01,소,P10623,운전학원
2026-06-01,소,P10625,기타 기술/직업 훈련학원
2026-06-01,소,P10627,컴퓨터 학원
2026-06-01,소,P10629,그 외 기타 교육기관
2026-06-01,소,P10701,교육컨설팅업
2026-06-01,소,P10799,기타 교육지원 서비스업
2026-06-01,소,Q10101,종합병원
2026-06-01,소,Q10102,일반병원
2026-06-01,소,Q10103,치과병원
2026-06-01,소,Q10104,한방병원
2026-06-01,소,Q10105,요양병원
2026-06-01,소,Q10201,내과/소아과 의원
2026-06-01,소,Q10202,외과 의원
2026-06-01,소,Q10203,신경/정신과 의원
2026-06-01,소,Q10204,피부/비뇨기과 의원
2026-06-01,소,Q10205,안과 의원
2026-06-01,소,Q10206,이비인후과 의원
2026-06-01,소,Q10207,산부인과 의원
2026-06-01,소,Q10208,성형외과 의원
2026-06-01,소,Q10209,기타 의원
2026-06-01,소,Q10210,치과의원
2026-06-01,소,Q10211,한의원
2026-06-01,소,Q10212,방사선 진단/병리 검사 의원
2026-06-01,소,Q10402,유사 의료업
2026-06-01,소,R10202,독서실/스터디 카페
2026-06-01,소,R10306,종합 스포츠시설
2026-06-01,소,R10307,헬스장
2026-06-01,소,R10308,수영장
2026-06-01,소,R10309,볼링장
2026-06-01,소,R10310,당구장
2026-06-01,소,R10311,골프 연습장
2026-06-01,소,R10312,테니스장
2026-06-01,소,R10313,탁구장
2026-06-01,소,R10314,기타 스포츠시설 운영업
2026-06-01,소,R10316,스쿼시/라켓볼장
2026-06-01,소,R10402,비디오방
2026-06-01,소,R10404,전자 게임장
2026-06-01,소,R10405,기타 오락장
2026-06-01,소,R10406,PC방
2026-06-01,소,R10407,노래방
2026-06-01,소,R10408,낚시터 운영업
2026-06-01,소,R10409,수상/해양 레저업
2026-06-01,소,R10410,복권 발행/판매업
2026-06-01,소,R10414,바둑/장기/체스 경기 운영업
2026-06-01,소,R10499,기타 오락관련 서비스업
2026-06-01,소,S20101,컴퓨터/노트북/프린터 수리업
2026-06-01,소,S20201,핸드폰/통신장비 수리업
2026-06-01,소,S20301,자동차 정비소
2026-06-01,소,S20302,자동차 세차장
2026-06-01,소,S20401,모터사이클 수리업
2026-06-01,소,S20501,가전제품 수리업
2026-06-01,소,S20601,의류/이불 수선업
2026-06-01,소,S20602,가죽/가방/신발 수선업
2026-06-01,소,S20603,시계/귀금속/악기 수리업
2026-06-01,소,S20699,그 외 기타 개인/가정용품 수리업
2026-06-01,소,S20701,미용실
2026-06-01,소,S20702,피부 관리실
2026-06-01,소,S20703,네일숍
2026-06-01,소,S20801,목욕탕/사우나
2026-06-01,소,S20802,마사지/안마
2026-06-01,소,S20803,체형/비만 관리
2026-06-01,소,S20901,세탁소
2026-06-01,소,S20902,셀프 빨래방
2026-06-01,소,S21001,장례식장
2026-06-01,소,S21002,화장터/묘지/납골당
2026-06-01,소,S21101,예식장업
2026-06-01,소,S21105,결혼 상담 서비스업
2026-06-01,중,G202,자동차 부품 소매
2026-06-01,중,G203,모터사이클 소매
2026-06-01,중,G204,종합 소매
2026-06-01,중,G205,식료품 소매
2026-06-01,중,G206,음료 소매
2026-06-01,중,G207,담배 소매
2026-06-01,중,G208,가전·통신 소매
2026-06-01,중,G209,섬유·의복·신발 소매
2026-06-01,중,G210,철물·건설자재 소매
2026-06-01,중,G211,가구 소매
2026-06-01,중,G212,기타 생활용품 소매
2026-06-01,중,G213,오락용품 소매
2026-06-01,중,G214,연료 소매
2026-06-01,중,G215,의약·화장품 소매
2026-06-01,중,G216,안경·정밀기기 소매
2026-06-01,중,G217,시계·귀금속 소매
2026-06-01,중,G218,장식품 소매
2026-06-01,중,G219,식물 소매
2026-06-01,중,G220,애완동물·용품 소매
2026-06-01,중,G221,기타 상품 소매
2026-06-01,중,G222,중고 상품 소매
2026-06-01,중,I101,일반 숙박
2026-06-01,중,I102,기타 숙박
2026-06-01,중,I201,한식
2026-06-01,중,I202,중식
2026-06-01,중,I203,일식
2026-06-01,중,I204,서양식
2026-06-01,중,I205,동남아시아
2026-06-01,중,I207,구내식당·뷔페
2026-06-01,중,I210,기타 간이
2026-06-01,중,I211,주점
2026-06-01,중,I212,비알코올
2026-06-01,중,L102,부동산 서비스
2026-06-01,중,M103,법무관련
2026-06-01,중,M104,회계·세무
2026-06-01,중,M105,광고
2026-06-01,중,M106,시장 조사
2026-06-01,중,M107,본사·경영 컨설팅
2026-06-01,중,M109,기술 서비스
2026-06-01,중,M111,수의
2026-06-01,중,M112,전문 디자인
2026-06-01,중,M113,사진 촬영
2026-06-01,중,M114,인쇄·제품제작
2026-06-01,중,M115,기타 전문 과학
2026-06-01,중,N101,시설관리
2026-06-01,중,N102,청소·방제
2026-06-01,중,N103,조경·유지
2026-06-01,중,N104,고용 알선
2026-06-01,중,N105,여행사·보조
2026-06-01,중,N107,사무 지원
2026-06-01,중,N108,기타 사업 서비스
2026-06-01,중,N109,운송장비 대여
2026-06-01,중,N110,가정용품 대여
2026-06-01,중,N111,산업용품 대여
2026-06-01,중,P105,일반 교육
2026-06-01,중,P106,기타 교육
2026-06-01,중,P107,교육 지원
2026-06-01,중,Q101,병원
2026-06-01,중,Q102,의원
2026-06-01,중,Q104,기타 보건
2026-06-01,중,R102,도서관·사적지
2026-06-01,중,R103,스포츠 서비스
2026-06-01,중,R104,유원지·오락
2026-06-01,중,S201,컴퓨터 수리
2026-06-01,중,S202,통신장비 수리
2026-06-01,중,S203,자동차 수리·세차
2026-06-01,중,S204,모터사이클 수리
2026-06-01,중,S205,가전제품 수리
2026-06-01,중,S206,기타 가정용품 수리
2026-06-01,중,S207,이용·미용
2026-06-01,중,S208,욕탕·신체관리
2026-06-01,중,S209,세탁
2026-06-01,중,S210,장례식장
2026-06-01,중,S211,기타 개인
