sheet_row,old_code,old_major_name,old_middle_name,old_small_name,new_code,new_major_name,new_middle_name,new_small_name,crosswalk_type
3,D23A04,소매,자동차/자동차용품,타이어판매,G20201,소매업,자동차 부품 및 내장품 소매업,타이어 소매업,유지
4,D23A03,소매,자동차/자동차용품,카오디오전문,G20202,소매업,자동차 부품 및 내장품 소매업,자동차 부품 소매업,통합
5,D23A05,소매,자동차/자동차용품,네비게이션판매,G20202,소매업,자동차 부품 및 내장품 소매업,자동차 부품 소매업,통합
6,D23A06,소매,자동차/자동차용품,자동차부품판매,G20202,소매업,자동차 부품 및 내장품 소매업,자동차 부품 소매업,통합
7,D23A07,소매,자동차/자동차용품,자동차장식품판매,G20202,소매업,자동차 부품 및 내장품 소매업,자동차 부품 소매업,통합
8,D23A08,소매,자동차/자동차용품,중고타이어판매,G20202,소매업,자동차 부품 및 내장품 소매업,자동차 부품 소매업,통합
9,D23A09,소매,자동차/자동차용품,수입자동차판매,,,,,제외
10,D23A10,소매,자동차/자동차용품,수입중고자동차판매,,,,,제외
11,D23A11,소매,자동차/자동차용품,자동차유리전문점,G20202,소매업,자동차 부품 및 내장품 소매업,자동차 부품 소매업,통합
12,F14A03,생활서비스,자동차/이륜차,오토바이판매/수리,G20301,소매업,모터사이클 및 부품 소매업,모터사이클 및 부품 소매업,분리
13,D01A01,소매,음/식료품소매,식료품점,G20404,소매업,종합 소매업,슈퍼마켓,통합
14,D01A09,소매,음/식료품소매,식자재판매,G20404,소매업,종합 소매업,슈퍼마켓,통합
15,D01A22,소매,음/식료품소매,식용유판매,G20404,소매업,종합 소매업,슈퍼마켓,통합
16,D01A23,소매,음/식료품소매,유과판매,G20404,소매업,종합 소매업,슈퍼마켓,통합
17,D01A24,소매,음/식료품소매,냉동식품판매,G20404,소매업,종합 소매업,슈퍼마켓,통합
18,D01A25,소매,음/식료품소매,두유판매,G20404,소매업,종합 소매업,슈퍼마켓,통합
19,D03A02,소매,종합소매점,수퍼마켓,G20404,소매업,종합 소매업,슈퍼마켓,통합
20,D03A01,소매,종합소매점,편의점,G20405,소매업,종합 소매업,편의점,유지
21,D01A08,소매,음/식료품소매,유기농식품판매,G20499,소매업,종합 소매업,그 외 기타 종합 소매업,통합
22,D01A26,소매,음/식료품소매,드라이아이스판매,G20499,소매업,종합 소매업,그 외 기타 종합 소매업,통합
23,D01A27,소매,음/식료품소매,제과재료판매,G20499,소매업,종합 소매업,그 외 기타 종합 소매업,통합
24,D03A03,소매,종합소매점,잡화점,G20499,소매업,종합 소매업,그 외 기타 종합 소매업,통합
25,D03A04,소매,종합소매점,생활용품판매,G20499,소매업,종합 소매업,그 외 기타 종합 소매업,통합
26,D03A05,소매,종합소매점,수입품판매점,G20499,소매업,종합 소매업,그 외 기타 종합 소매업,통합
27,D03A06,소매,종합소매점,종합소매,G20499,소매업,종합 소매업,그 외 기타 종합 소매업,통합
28,D03A07,소매,종합소매점,혼수전문점,G20499,소매업,종합 소매업,그 외 기타 종합 소매업,통합
29,D03B01,소매,종합소매점,백화점,,,,,제외
30,D03B02,소매,종합소매점,면세백화점,,,,,제외
31,D03B03,소매,종합소매점,아케이드/쇼핑센타,,,,,제외
32,D03B04,소매,종합소매점,시장/종합상가,,,,,제외
33,D03B05,소매,종합소매점,조합/연금매장,G20499,소매업,종합 소매업,그 외 기타 종합 소매업,통합
34,D03B06,소매,종합소매점,구판장/직판장,G20499,소매업,종합 소매업,그 외 기타 종합 소매업,통합
35,D03B09,소매,종합소매점,어판장,G20499,소매업,종합 소매업,그 외 기타 종합 소매업,통합
36,D03B10,소매,종합소매점,할인점,G20499,소매업,종합 소매업,그 외 기타 종합 소매업,통합
37,D01A14,소매,음/식료품소매,미곡상,G20501,소매업,식료품 소매업,곡물/곡분 소매업,통합
38,D01A15,소매,음/식료품소매,곡물소매,G20501,소매업,식료품 소매업,곡물/곡분 소매업,통합
39,D25A25,소매,기타판매업,사료소매,G20502,소매업,식료품 소매업,가축 사료 소매업,유지
40,D01A03,소매,음/식료품소매,정육점,G20503,소매업,식료품 소매업,정육점,통합
41,D01A04,소매,음/식료품소매,닭집,G20503,소매업,식료품 소매업,정육점,통합
42,D01A05,소매,음/식료품소매,머리고기전문,G20503,소매업,식료품 소매업,정육점,통합
43,D01A06,소매,음/식료품소매,육류소매,G20503,소매업,식료품 소매업,정육점,통합
44,D01A11,소매,음/식료품소매,건어물상,G20504,소매업,식료품 소매업,건어물/젓갈 소매업,유지
45,D01A10,소매,음/식료품소매,어물상,G20505,소매업,식료품 소매업,수산물 소매업,통합
46,D01A12,소매,음/식료품소매,수산물소매,G20505,소매업,식료품 소매업,수산물 소매업,통합
47,D01A13,소매,음/식료품소매,청과물소매,G20506,소매업,식료품 소매업,채소/과일 소매업,통합
48,D01A18,소매,음/식료품소매,건과류판매,G20506,소매업,식료품 소매업,채소/과일 소매업,통합
49,Q07A07,음식,패스트푸드,아이스크림판매,G20507,소매업,식료품 소매업,아이스크림 할인점,유지
50,D10A01,소매,건강/미용식품,다이어트상품판매,G20508,소매업,식료품 소매업,건강보조식품 소매업,통합
51,D10A02,소매,건강/미용식품,생식판매,G20508,소매업,식료품 소매업,건강보조식품 소매업,통합
52,D10A03,소매,건강/미용식품,선식판매,G20508,소매업,식료품 소매업,건강보조식품 소매업,통합
53,D10A04,소매,건강/미용식품,건강식품판매,G20508,소매업,식료품 소매업,건강보조식품 소매업,통합
54,D10A05,소매,건강/미용식품,인삼제품판매,G20508,소매업,식료품 소매업,건강보조식품 소매업,통합
55,D10A06,소매,건강/미용식품,녹즙판매,G20508,소매업,식료품 소매업,건강보조식품 소매업,통합
56,D10A07,소매,건강/미용식품,건강원,G20508,소매업,식료품 소매업,건강보조식품 소매업,통합
57,D10A08,소매,건강/미용식품,금연관련제품판매,G20508,소매업,식료품 소매업,건강보조식품 소매업,통합
58,D01A02,소매,음/식료품소매,김치판매,G20509,소매업,식료품 소매업,반찬/식료품 소매업,통합
59,D01A07,소매,음/식료품소매,반찬가게,G20509,소매업,식료품 소매업,반찬/식료품 소매업,통합
60,D01A20,소매,음/식료품소매,얼음가게,G20601,소매업,음료 소매업,얼음 소매업,유지
61,,,,,G20602,소매업,음료 소매업,주류 소매업,추가
62,D01A19,소매,음/식료품소매,생수판매,G20603,소매업,음료 소매업,생수/음료 소매업,유지
63,D01A21,소매,음/식료품소매,우유판매,G20604,소매업,음료 소매업,우유 소매업,유지
64,D25A04,소매,기타판매업,담배소매,G20701,소매업,담배 소매업,담배/전자담배 소매업,통합
65,D25A05,소매,기타판매업,수입담배판매,G20701,소매업,담배 소매업,담배/전자담배 소매업,통합
66,D08A04,소매,사무/문구/컴퓨터,컴퓨터/주변기기,G20801,소매업,가전제품 및 정보 통신장비 소매업,컴퓨터/소프트웨어 소매업,통합
67,D08A05,소매,사무/문구/컴퓨터,컴퓨터전문매장,G20801,소매업,가전제품 및 정보 통신장비 소매업,컴퓨터/소프트웨어 소매업,통합
68,D08A08,소매,사무/문구/컴퓨터,잉크충전,G20801,소매업,가전제품 및 정보 통신장비 소매업,컴퓨터/소프트웨어 소매업,통합
69,D08A11,소매,사무/문구/컴퓨터,컴퓨터프로그램판매,G20801,소매업,가전제품 및 정보 통신장비 소매업,컴퓨터/소프트웨어 소매업,통합
70,D12A05,소매,가전제품소매,전화기판매,G20802,소매업,가전제품 및 정보 통신장비 소매업,핸드폰 소매업,통합
71,D18A02,소매,사진/광학/정밀기기소매,핸드폰소매,G20802,소매업,가전제품 및 정보 통신장비 소매업,핸드폰 소매업,통합
72,D12A01,소매,가전제품소매,일반가전제품,G20803,소매업,가전제품 및 정보 통신장비 소매업,가전제품 소매업,통합
73,D12A02,소매,가전제품소매,오디오전문점,G20803,소매업,가전제품 및 정보 통신장비 소매업,가전제품 소매업,통합
74,D12A04,소매,가전제품소매,수입가전제품판매,G20803,소매업,가전제품 및 정보 통신장비 소매업,가전제품 소매업,통합
75,D25A06,소매,기타판매업,업소용가전제품,G20803,소매업,가전제품 및 정보 통신장비 소매업,가전제품 소매업,통합
76,D05A08,소매,의복의류,맞춤양복/양복점,G20901,소매업,"섬유, 의복, 신발 및 가죽제품 소매업",남성 의류 소매업,통합
77,D05A09,소매,의복의류,남성의류전문점,G20901,소매업,"섬유, 의복, 신발 및 가죽제품 소매업",남성 의류 소매업,통합
78,D06A07,소매,가방/신발/액세서리,양품점,G20901,소매업,"섬유, 의복, 신발 및 가죽제품 소매업",남성 의류 소매업,통합
79,D05A01,소매,의복의류,일반의류,G20902,소매업,"섬유, 의복, 신발 및 가죽제품 소매업",여성 의류 소매업,통합
80,D05A03,소매,의복의류,여성의류전문점,G20902,소매업,"섬유, 의복, 신발 및 가죽제품 소매업",여성 의류 소매업,통합
81,D05A06,소매,의복의류,맞춤양장/양장점,G20902,소매업,"섬유, 의복, 신발 및 가죽제품 소매업",여성 의류 소매업,통합
82,D05A05,소매,의복의류,아동복판매,G20903,소매업,"섬유, 의복, 신발 및 가죽제품 소매업",유아용 의류 소매업,통합
83,D11A01,소매,유아용품,유아/임부복,G20903,소매업,"섬유, 의복, 신발 및 가죽제품 소매업",유아용 의류 소매업,통합
84,D05A10,소매,의복의류,한복/갈옷/민속옷,G20904,소매업,"섬유, 의복, 신발 및 가죽제품 소매업",한복 소매업,유지
85,D05A02,소매,의복의류,캐쥬얼/스포츠의류,G20905,소매업,"섬유, 의복, 신발 및 가죽제품 소매업",기타 의류 소매업,통합
86,D05A04,소매,의복의류,여성내의전문점,G20905,소매업,"섬유, 의복, 신발 및 가죽제품 소매업",기타 의류 소매업,통합
87,D05A07,소매,의복의류,셔츠/내의/속옷,G20905,소매업,"섬유, 의복, 신발 및 가죽제품 소매업",기타 의류 소매업,통합
88,D05A11,소매,의복의류,가죽/모피의류,G20905,소매업,"섬유, 의복, 신발 및 가죽제품 소매업",기타 의류 소매업,통합
89,D05A12,소매,의복의류,예복/웨딩드레스,G20905,소매업,"섬유, 의복, 신발 및 가죽제품 소매업",기타 의류 소매업,통합
90,D05A13,소매,의복의류,청바지판매,G20905,소매업,"섬유, 의복, 신발 및 가죽제품 소매업",기타 의류 소매업,통합
91,D05A14,소매,의복의류,유니폼/맞춤복/단체복,G20905,소매업,"섬유, 의복, 신발 및 가죽제품 소매업",기타 의류 소매업,통합
92,D05A15,소매,의복의류,법복(승복)판매,G20905,소매업,"섬유, 의복, 신발 및 가죽제품 소매업",기타 의류 소매업,통합
93,D05A16,소매,의복의류,교복판매,G20905,소매업,"섬유, 의복, 신발 및 가죽제품 소매업",기타 의류 소매업,통합
94,D05A19,소매,의복의류,특수복판매,G20905,소매업,"섬유, 의복, 신발 및 가죽제품 소매업",기타 의류 소매업,통합
95,D07A01,소매,가정/주방/인테리어,인테리어/욕실용품/커튼,G20906,소매업,"섬유, 의복, 신발 및 가죽제품 소매업",침구류/커튼 소매업,유지
96,D06A05,소매,가방/신발/액세서리,액세서리판매,G20907,소매업,"섬유, 의복, 신발 및 가죽제품 소매업",액세서리/잡화 소매업,통합
97,D06A09,소매,가방/신발/액세서리,우산/우의판매,G20907,소매업,"섬유, 의복, 신발 및 가죽제품 소매업",액세서리/잡화 소매업,통합
98,D07A11,소매,가정/주방/인테리어,리본공예판매,G20907,소매업,"섬유, 의복, 신발 및 가죽제품 소매업",액세서리/잡화 소매업,통합
99,D07A12,소매,가정/주방/인테리어,십자수/뜨개,G20907,소매업,"섬유, 의복, 신발 및 가죽제품 소매업",액세서리/잡화 소매업,통합
100,D07A13,소매,가정/주방/인테리어,비즈공예,G20907,소매업,"섬유, 의복, 신발 및 가죽제품 소매업",액세서리/잡화 소매업,통합
101,D07A14,소매,가정/주방/인테리어,지물판매,G20907,소매업,"섬유, 의복, 신발 및 가죽제품 소매업",액세서리/잡화 소매업,통합
102,D06A08,소매,가방/신발/액세서리,가발판매,G20908,소매업,"섬유, 의복, 신발 및 가죽제품 소매업",가발 소매업,유지
103,D05A18,소매,의복의류,섬유/직물/주단,G20909,소매업,"섬유, 의복, 신발 및 가죽제품 소매업",실/섬유제품 소매업,유지
104,D06A01,소매,가방/신발/액세서리,신발소매,G20910,소매업,"섬유, 의복, 신발 및 가죽제품 소매업",신발 소매업,통합
105,D06A02,소매,가방/신발/액세서리,구두제화/캐주얼화,G20910,소매업,"섬유, 의복, 신발 및 가죽제품 소매업",신발 소매업,통합
106,D06A03,소매,가방/신발/액세서리,기능성신발판매,G20910,소매업,"섬유, 의복, 신발 및 가죽제품 소매업",신발 소매업,통합
107,D06A10,소매,가방/신발/액세서리,가방/가죽제품소매,G20911,소매업,"섬유, 의복, 신발 및 가죽제품 소매업",가방 소매업,통합
108,D07A15,소매,가정/주방/인테리어,유리/페인트/철물건축자재,G21001,소매업,"철물, 공구, 창호 및 건설자재 소매업",철물/공구 소매업,통합
109,D21A01,소매,철물/난방/건설자재소매,건축백화점,G21001,소매업,"철물, 공구, 창호 및 건설자재 소매업",철물/공구 소매업,통합
110,D21A02,소매,철물/난방/건설자재소매,보일러/냉난방용품,G21001,소매업,"철물, 공구, 창호 및 건설자재 소매업",철물/공구 소매업,통합
111,D21A03,소매,철물/난방/건설자재소매,목제품판매,G21001,소매업,"철물, 공구, 창호 및 건설자재 소매업",철물/공구 소매업,통합
112,D21A04,소매,철물/난방/건설자재소매,조립식앵글판매,G21001,소매업,"철물, 공구, 창호 및 건설자재 소매업",철물/공구 소매업,통합
113,D21A05,소매,철물/난방/건설자재소매,진열장판매,G21001,소매업,"철물, 공구, 창호 및 건설자재 소매업",철물/공구 소매업,통합
114,D21A06,소매,철물/난방/건설자재소매,철물/건설자재소매,G21001,소매업,"철물, 공구, 창호 및 건설자재 소매업",철물/공구 소매업,통합
115,D21A07,소매,철물/난방/건설자재소매,열쇠판매/수리,G21001,소매업,"철물, 공구, 창호 및 건설자재 소매업",철물/공구 소매업,통합
116,D21A08,소매,철물/난방/건설자재소매,셔터/새시판매,G21001,소매업,"철물, 공구, 창호 및 건설자재 소매업",철물/공구 소매업,통합
117,D21A09,소매,철물/난방/건설자재소매,심야전기보일러판매,G21001,소매업,"철물, 공구, 창호 및 건설자재 소매업",철물/공구 소매업,통합
118,D21A11,소매,철물/난방/건설자재소매,태양열온수기판매,G21001,소매업,"철물, 공구, 창호 및 건설자재 소매업",철물/공구 소매업,통합
119,D07A06,소매,가정/주방/인테리어,카페트판매,G21002,소매업,"철물, 공구, 창호 및 건설자재 소매업",벽지/장판/마루 소매업,유지
120,D22A01,소매,페인트/유리제품소매,페인트/유리제품소매,G21003,소매업,"철물, 공구, 창호 및 건설자재 소매업",건설/건축자재 소매업,통합
121,D22A02,소매,페인트/유리제품소매,도료염료,G21003,소매업,"철물, 공구, 창호 및 건설자재 소매업",건설/건축자재 소매업,통합
122,D22A03,소매,페인트/유리제품소매,유리/거울판매,G21099,소매업,"철물, 공구, 창호 및 건설자재 소매업",기타 건설/건축자재 소매업,통합
123,D23A01,소매,자동차/자동차용품,자동차판매,,,,,제외
124,D23A02,소매,자동차/자동차용품,중고자동차판매,,,,,제외
125,D15A01,소매,가구소매,일반가구소매,G21101,소매업,가구 소매업,가구 소매업,통합
126,D15A02,소매,가구소매,가구판매-사무용가구,G21101,소매업,가구 소매업,가구 소매업,통합
127,D15A03,소매,가구소매,가구판매-응접세트,G21101,소매업,가구 소매업,가구 소매업,통합
128,D15A04,소매,가구소매,가구판매-침대전문,G21101,소매업,가구 소매업,가구 소매업,통합
129,D15A05,소매,가구소매,가구판매-장농,G21101,소매업,가구 소매업,가구 소매업,통합
130,D15A06,소매,가구소매,가구판매-등가구,G21101,소매업,가구 소매업,가구 소매업,통합
131,D15A07,소매,가구소매,가구판매-수입가구,G21101,소매업,가구 소매업,가구 소매업,통합
132,D15A08,소매,가구소매,가구판매-돌침대,G21101,소매업,가구 소매업,가구 소매업,통합
133,D07A10,소매,가정/주방/인테리어,조명기구/전기용품,G21201,소매업,기타 생활용품 소매업,전기용품/조명장치 소매업,유지
134,D04A03,소매,취미/오락관련소매,이벤트용품판매,G21202,소매업,기타 생활용품 소매업,주방/가정용품 소매업,통합
135,D04A04,소매,취미/오락관련소매,그림/액자판매,G21202,소매업,기타 생활용품 소매업,주방/가정용품 소매업,통합
136,D04A05,소매,취미/오락관련소매,조립모형소매,G21202,소매업,기타 생활용품 소매업,주방/가정용품 소매업,통합
137,D04A06,소매,취미/오락관련소매,바둑/장기용품판매,G21202,소매업,기타 생활용품 소매업,주방/가정용품 소매업,통합
138,D04A11,소매,취미/오락관련소매,우표/공중전화카드수집상,G21202,소매업,기타 생활용품 소매업,주방/가정용품 소매업,통합
139,D04A12,소매,취미/오락관련소매,화폐수집상,G21202,소매업,기타 생활용품 소매업,주방/가정용품 소매업,통합
140,D04A13,소매,취미/오락관련소매,수족관,G21202,소매업,기타 생활용품 소매업,주방/가정용품 소매업,통합
141,D04A14,소매,취미/오락관련소매,전자오락기구판매,G21202,소매업,기타 생활용품 소매업,주방/가정용품 소매업,통합
142,D06A11,소매,가방/신발/액세서리,재봉용품판매,G21202,소매업,기타 생활용품 소매업,주방/가정용품 소매업,통합
143,D07A02,소매,가정/주방/인테리어,주방용품,G21202,소매업,기타 생활용품 소매업,주방/가정용품 소매업,통합
144,D07A03,소매,가정/주방/인테리어,침구/수예품,G21202,소매업,기타 생활용품 소매업,주방/가정용품 소매업,통합
145,D07A04,소매,가정/주방/인테리어,그릇판매,G21202,소매업,기타 생활용품 소매업,주방/가정용품 소매업,통합
146,D07A05,소매,가정/주방/인테리어,정수기연수기,G21202,소매업,기타 생활용품 소매업,주방/가정용품 소매업,통합
147,D07A07,소매,가정/주방/인테리어,등세공품판매,G21202,소매업,기타 생활용품 소매업,주방/가정용품 소매업,통합
148,D07A08,소매,가정/주방/인테리어,퀼트전문,G21202,소매업,기타 생활용품 소매업,주방/가정용품 소매업,통합
149,D07A09,소매,가정/주방/인테리어,홈패션,G21202,소매업,기타 생활용품 소매업,주방/가정용품 소매업,통합
150,D07A16,소매,가정/주방/인테리어,비데판매,G21202,소매업,기타 생활용품 소매업,주방/가정용품 소매업,통합
151,D07A17,소매,가정/주방/인테리어,주방가구판매,G21202,소매업,기타 생활용품 소매업,주방/가정용품 소매업,통합
152,D07A18,소매,가정/주방/인테리어,가스레인지판매,G21202,소매업,기타 생활용품 소매업,주방/가정용품 소매업,통합
153,D07A19,소매,가정/주방/인테리어,풍선도소매,G21202,소매업,기타 생활용품 소매업,주방/가정용품 소매업,통합
154,D11A02,소매,유아용품,유아식품판매,G21202,소매업,기타 생활용품 소매업,주방/가정용품 소매업,통합
155,D11A03,소매,유아용품,유아용품판매,G21202,소매업,기타 생활용품 소매업,주방/가정용품 소매업,통합
156,D11A04,소매,유아용품,유아용품/장난감대여판매,G21202,소매업,기타 생활용품 소매업,주방/가정용품 소매업,통합
157,D25A13,소매,기타판매업,파라솔판매,G21202,소매업,기타 생활용품 소매업,주방/가정용품 소매업,통합
158,D25A14,소매,기타판매업,미싱판매,G21202,소매업,기타 생활용품 소매업,주방/가정용품 소매업,통합
159,D25A20,소매,기타판매업,호신용품판매,G21202,소매업,기타 생활용품 소매업,주방/가정용품 소매업,통합
160,D25A21,소매,기타판매업,안전보호구판매,G21202,소매업,기타 생활용품 소매업,주방/가정용품 소매업,통합
161,D25A22,소매,기타판매업,세탁기구판매,G21202,소매업,기타 생활용품 소매업,주방/가정용품 소매업,통합
162,D25A23,소매,기타판매업,통신판매,,,,,제외
163,D04A09,소매,취미/오락관련소매,악기판매,G21203,소매업,기타 생활용품 소매업,악기 소매업,유지
164,D13A01,소매,책/서적/도서,서점,G21301,소매업,"문화, 오락 및 여가 용품 소매업",서점,통합
165,D13A02,소매,책/서적/도서,할인/아동도서,G21301,소매업,"문화, 오락 및 여가 용품 소매업",서점,통합
166,D13A03,소매,책/서적/도서,서적/신문소매,G21301,소매업,"문화, 오락 및 여가 용품 소매업",서점,통합
167,D13A04,소매,책/서적/도서,고서적판매,G21301,소매업,"문화, 오락 및 여가 용품 소매업",서점,통합
168,D13A05,소매,책/서적/도서,컴퓨터서적판매,G21301,소매업,"문화, 오락 및 여가 용품 소매업",서점,통합
169,D13A06,소매,책/서적/도서,잡지/신문소매,G21301,소매업,"문화, 오락 및 여가 용품 소매업",서점,통합
170,D13A07,소매,책/서적/도서,불교서적판매,G21301,소매업,"문화, 오락 및 여가 용품 소매업",서점,통합
171,D13A08,소매,책/서적/도서,기독교서적판매,G21301,소매업,"문화, 오락 및 여가 용품 소매업",서점,통합
172,D13A09,소매,책/서적/도서,천주교서적판매,G21301,소매업,"문화, 오락 및 여가 용품 소매업",서점,통합
173,D13A10,소매,책/서적/도서,중고서적판매,G21301,소매업,"문화, 오락 및 여가 용품 소매업",서점,통합
174,D13A11,소매,책/서적/도서,종교서적판매,G21301,소매업,"문화, 오락 및 여가 용품 소매업",서점,통합
175,D13A12,소매,책/서적/도서,외국서적판매,G21301,소매업,"문화, 오락 및 여가 용품 소매업",서점,통합
176,D13A13,소매,책/서적/도서,지도판매,G21301,소매업,"문화, 오락 및 여가 용품 소매업",서점,통합
177,D04A10,소매,취미/오락관련소매,지점토판매,G21302,소매업,"문화, 오락 및 여가 용품 소매업",문구/회화용품 소매업,통합
178,D08A01,소매,사무/문구/컴퓨터,사무/문구용품,G21302,소매업,"문화, 오락 및 여가 용품 소매업",문구/회화용품 소매업,통합
179,D08A10,소매,사무/문구/컴퓨터,인장/도장,G21302,소매업,"문화, 오락 및 여가 용품 소매업",문구/회화용품 소매업,통합
180,D25A01,소매,기타판매업,음반/테이프/CD,G21303,소매업,"문화, 오락 및 여가 용품 소매업",음반/비디오물 소매업,통합
181,D14A01,소매,운동/경기용품소매,운동/경기용품,G21304,소매업,"문화, 오락 및 여가 용품 소매업",운동용품 소매업,통합
182,D14A02,소매,운동/경기용품소매,건강/헬스용품,G21304,소매업,"문화, 오락 및 여가 용품 소매업",운동용품 소매업,통합
183,D14A05,소매,운동/경기용품소매,낚시용품판매,G21304,소매업,"문화, 오락 및 여가 용품 소매업",운동용품 소매업,통합
184,D14A06,소매,운동/경기용품소매,골프용품판매,G21304,소매업,"문화, 오락 및 여가 용품 소매업",운동용품 소매업,통합
185,D14A07,소매,운동/경기용품소매,수영용품판매,G21304,소매업,"문화, 오락 및 여가 용품 소매업",운동용품 소매업,통합
186,D14A08,소매,운동/경기용품소매,등산용품판매,G21304,소매업,"문화, 오락 및 여가 용품 소매업",운동용품 소매업,통합
187,D14A09,소매,운동/경기용품소매,스키장비판매,G21304,소매업,"문화, 오락 및 여가 용품 소매업",운동용품 소매업,통합
188,D14A10,소매,운동/경기용품소매,인라인스케이트판매,G21304,소매업,"문화, 오락 및 여가 용품 소매업",운동용품 소매업,통합
189,D14A11,소매,운동/경기용품소매,볼링용품판매,G21304,소매업,"문화, 오락 및 여가 용품 소매업",운동용품 소매업,통합
190,D14A12,소매,운동/경기용품소매,수상운동용품판매,G21304,소매업,"문화, 오락 및 여가 용품 소매업",운동용품 소매업,통합
191,D14A13,소매,운동/경기용품소매,석궁용품판매,G21304,소매업,"문화, 오락 및 여가 용품 소매업",운동용품 소매업,통합
192,D14A03,소매,운동/경기용품소매,자전거판매,G21305,소매업,"문화, 오락 및 여가 용품 소매업",자전거 소매업,분리
193,D04A01,소매,취미/오락관련소매,완구점,G21306,소매업,"문화, 오락 및 여가 용품 소매업",장난감 소매업,통합
194,D04A02,소매,취미/오락관련소매,오락게임기구/장난감소매,G21306,소매업,"문화, 오락 및 여가 용품 소매업",장난감 소매업,통합
195,F16A01,생활서비스,주유소/충전소,주유소,G21401,소매업,연료소매업,주유소,통합
196,F16A03,생활서비스,주유소/충전소,차량연료소매-종합,G21401,소매업,연료소매업,주유소,통합
197,F16A02,생활서비스,주유소/충전소,차량가스충전소,G21402,소매업,연료소매업,가스 충전소,유지
198,D25A07,소매,기타판매업,연탄판매,G21403,소매업,연료소매업,가정용 연료 소매업,통합
199,D25A08,소매,기타판매업,유류판매,G21403,소매업,연료소매업,가정용 연료 소매업,통합
200,D25A10,소매,기타판매업,가정용연료소매,G21403,소매업,연료소매업,가정용 연료 소매업,통합
201,D25A12,소매,기타판매업,LPG판매,G21403,소매업,연료소매업,가정용 연료 소매업,통합
202,D20B01,소매,의약/의료품소매,의약품소매,G21501,소매업,"의약품, 의료용 기구, 화장품 및 방향제 소매업",약국,통합
203,,,,,G21501,소매업,"의약품, 의료용 기구, 화장품 및 방향제 소매업",약국,통합
204,D20A01,소매,의약/의료품소매,의료용품소매,G21502,소매업,"의약품, 의료용 기구, 화장품 및 방향제 소매업",의료기기 소매업,통합
205,D20A02,소매,의약/의료품소매,보청기판매,G21502,소매업,"의약품, 의료용 기구, 화장품 및 방향제 소매업",의료기기 소매업,통합
206,D20A03,소매,의약/의료품소매,의족/의수판매,G21502,소매업,"의약품, 의료용 기구, 화장품 및 방향제 소매업",의료기기 소매업,통합
207,D20A04,소매,의약/의료품소매,건강보조기구판매,G21502,소매업,"의약품, 의료용 기구, 화장품 및 방향제 소매업",의료기기 소매업,통합
208,D25A16,소매,기타판매업,동물약품판매,G21502,소매업,"의약품, 의료용 기구, 화장품 및 방향제 소매업",의료기기 소매업,통합
209,D16A01,소매,화장품소매,화장품판매점,G21503,소매업,"의약품, 의료용 기구, 화장품 및 방향제 소매업",화장품 소매업,통합
210,D16A02,소매,화장품소매,향수전문점,G21503,소매업,"의약품, 의료용 기구, 화장품 및 방향제 소매업",화장품 소매업,통합
211,D08A02,소매,사무/문구/컴퓨터,사무용기기소매,G21601,소매업,"사무용 기기, 안경, 사진장비 및 정밀기기 소매업",사무기기 소매업,통합
212,D08A03,소매,사무/문구/컴퓨터,컴퓨터/사무용기기종합,G21601,소매업,"사무용 기기, 안경, 사진장비 및 정밀기기 소매업",사무기기 소매업,통합
213,D18A04,소매,사진/광학/정밀기기소매,안경원,G21602,소매업,"사무용 기기, 안경, 사진장비 및 정밀기기 소매업",안경렌즈 소매업,유지
214,D18A01,소매,사진/광학/정밀기기소매,사진/광학/정밀기기소매,G21603,소매업,"사무용 기기, 안경, 사진장비 및 정밀기기 소매업",사진기/기타 광학기기 소매업,통합
215,D18A03,소매,사진/광학/정밀기기소매,카메라판매,G21603,소매업,"사무용 기기, 안경, 사진장비 및 정밀기기 소매업",사진기/기타 광학기기 소매업,통합
216,D18A05,소매,사진/광학/정밀기기소매,현미경/망원경판매,G21603,소매업,"사무용 기기, 안경, 사진장비 및 정밀기기 소매업",사진기/기타 광학기기 소매업,통합
217,D18A06,소매,사진/광학/정밀기기소매,저울판매,G21603,소매업,"사무용 기기, 안경, 사진장비 및 정밀기기 소매업",사진기/기타 광학기기 소매업,통합
218,D18A07,소매,사진/광학/정밀기기소매,금고판매,G21603,소매업,"사무용 기기, 안경, 사진장비 및 정밀기기 소매업",사진기/기타 광학기기 소매업,통합
219,D18A08,소매,사진/광학/정밀기기소매,무전기(판매/수리),G21603,소매업,"사무용 기기, 안경, 사진장비 및 정밀기기 소매업",사진기/기타 광학기기 소매업,통합
220,D18A09,소매,사진/광학/정밀기기소매,필름판매점,G21603,소매업,"사무용 기기, 안경, 사진장비 및 정밀기기 소매업",사진기/기타 광학기기 소매업,통합
221,D18A10,소매,사진/광학/정밀기기소매,영사기판매,G21603,소매업,"사무용 기기, 안경, 사진장비 및 정밀기기 소매업",사진기/기타 광학기기 소매업,통합
222,D18A11,소매,사진/광학/정밀기기소매,경보기판매,G21603,소매업,"사무용 기기, 안경, 사진장비 및 정밀기기 소매업",사진기/기타 광학기기 소매업,통합
223,D18A12,소매,사진/광학/정밀기기소매,특수사진기,G21603,소매업,"사무용 기기, 안경, 사진장비 및 정밀기기 소매업",사진기/기타 광학기기 소매업,통합
224,D26A01,소매,시계/귀금속소매,시계/귀금속,G21701,소매업,시계 및 귀금속 소매업,시계/귀금속 소매업,통합
225,D26A02,소매,시계/귀금속소매,시계방,G21701,소매업,시계 및 귀금속 소매업,시계/귀금속 소매업,통합
226,D26A03,소매,시계/귀금속소매,금은방,G21701,소매업,시계 및 귀금속 소매업,시계/귀금속 소매업,통합
227,D26A04,소매,시계/귀금속소매,다이아몬드매매,G21701,소매업,시계 및 귀금속 소매업,시계/귀금속 소매업,통합
228,D04A07,소매,취미/오락관련소매,액자점,G21801,소매업,"예술품, 기념품 및 장식용품 소매업",예술품 소매업,통합
229,D08A06,소매,사무/문구/컴퓨터,화방/필방,G21801,소매업,"예술품, 기념품 및 장식용품 소매업",예술품 소매업,통합
230,D17A01,소매,예술품/골동품/수석/분재,예술품/골동품소매,G21801,소매업,"예술품, 기념품 및 장식용품 소매업",예술품 소매업,통합
231,D17A02,소매,예술품/골동품/수석/분재,골동품판매,G21801,소매업,"예술품, 기념품 및 장식용품 소매업",예술품 소매업,통합
232,D17A03,소매,예술품/골동품/수석/분재,화랑,G21801,소매업,"예술품, 기념품 및 장식용품 소매업",예술품 소매업,통합
233,D17A04,소매,예술품/골동품/수석/분재,표구점,G21801,소매업,"예술품, 기념품 및 장식용품 소매업",예술품 소매업,통합
234,D17A05,소매,예술품/골동품/수석/분재,수석판매,G21801,소매업,"예술품, 기념품 및 장식용품 소매업",예술품 소매업,통합
235,D17A06,소매,예술품/골동품/수석/분재,분재판매,G21801,소매업,"예술품, 기념품 및 장식용품 소매업",예술품 소매업,통합
236,D02A01,소매,선물/팬시/기념품,선물용품판매,G21802,소매업,"예술품, 기념품 및 장식용품 소매업",기념품점,통합
237,D02A03,소매,선물/팬시/기념품,캐릭터상품,G21802,소매업,"예술품, 기념품 및 장식용품 소매업",기념품점,통합
238,D02A04,소매,선물/팬시/기념품,기념패/휘장,G21802,소매업,"예술품, 기념품 및 장식용품 소매업",기념품점,통합
239,D02A05,소매,선물/팬시/기념품,토산품/기념품점,G21802,소매업,"예술품, 기념품 및 장식용품 소매업",기념품점,통합
240,D02A06,소매,선물/팬시/기념품,황토상품전문점,G21802,소매업,"예술품, 기념품 및 장식용품 소매업",기념품점,통합
241,D02A07,소매,선물/팬시/기념품,공예품판매,G21802,소매업,"예술품, 기념품 및 장식용품 소매업",기념품점,통합
242,D02A08,소매,선물/팬시/기념품,관광/민예품/선물용품소매,G21802,소매업,"예술품, 기념품 및 장식용품 소매업",기념품점,통합
243,D02A02,소매,선물/팬시/기념품,꽃집/꽃배달,G21901,소매업,화초 및 식물 소매업,꽃집,유지
244,D09A01,소매,애견/애완/동물,애견/애완/동물사육판매,G22001,소매업,애완용 동물 및 관련용품 소매업,애완동물/애완용품 소매업,통합
245,D09A02,소매,애견/애완/동물,애완동물 미용실,G22001,소매업,애완용 동물 및 관련용품 소매업,애완동물/애완용품 소매업,통합
246,D14A14,소매,운동/경기용품소매,총포상,G22199,소매업,기타 상품 전문 소매업,그 외 기타 상품 전문 소매업,통합
247,D19A01,소매,종교용품판매,종교용품판매,G22199,소매업,기타 상품 전문 소매업,그 외 기타 상품 전문 소매업,통합
248,D19A02,소매,종교용품판매,종교용품판매-불교,G22199,소매업,기타 상품 전문 소매업,그 외 기타 상품 전문 소매업,통합
249,D19A03,소매,종교용품판매,종교용품판매-기독교,G22199,소매업,기타 상품 전문 소매업,그 외 기타 상품 전문 소매업,통합
250,D19A04,소매,종교용품판매,종교용품판매-천주교,G22199,소매업,기타 상품 전문 소매업,그 외 기타 상품 전문 소매업,통합
251,D25A09,소매,기타판매업,제기용품판매,G22199,소매업,기타 상품 전문 소매업,그 외 기타 상품 전문 소매업,통합
252,D25A11,소매,기타판매업,성인용품판매,G22199,소매업,기타 상품 전문 소매업,그 외 기타 상품 전문 소매업,통합
253,D25A15,소매,기타판매업,농기구판매,G22199,소매업,기타 상품 전문 소매업,그 외 기타 상품 전문 소매업,통합
254,D25A17,소매,기타판매업,농자재판매,G22199,소매업,기타 상품 전문 소매업,그 외 기타 상품 전문 소매업,통합
255,D25A18,소매,기타판매업,자동판매기운영,,,,,제외
256,D25A19,소매,기타판매업,신용카드조회기판매,,,,,제외
257,D25A24,소매,기타판매업,광촉매판매,G22199,소매업,기타 상품 전문 소매업,그 외 기타 상품 전문 소매업,통합
258,D12A03,소매,가전제품소매,노래방기기판매,G22201,소매업,중고 상품 소매업,중고 상품 소매업,유지
259,D24A01,소매,중고품소매/교환,물물교환센타,G22201,소매업,중고 상품 소매업,중고 상품 소매업,통합
260,D24A02,소매,중고품소매/교환,재활용/고물수집,G22201,소매업,중고 상품 소매업,중고 상품 소매업,통합
261,D24A03,소매,중고품소매/교환,중고가전가구,G22201,소매업,중고 상품 소매업,중고 상품 소매업,통합
262,D24A04,소매,중고품소매/교환,중고명품판매교환,G22201,소매업,중고 상품 소매업,중고 상품 소매업,통합
263,O01A01,숙박,호텔/콘도,호텔/콘도,I10101,숙박업,일반 및 생활 숙박시설 운영업,호텔/리조트,유지
264,O02A01,숙박,모텔/여관/여인숙,모텔/여관/여인숙,I10102,숙박업,일반 및 생활 숙박시설 운영업,여관/모텔,유지
265,O03A01,숙박,캠프/별장/펜션,캠프/별장/펜션,I10103,숙박업,일반 및 생활 숙박시설 운영업,펜션,통합
266,O04A01,숙박,유스호스텔,유스호스텔,I10103,숙박업,일반 및 생활 숙박시설 운영업,펜션,통합
267,O05A01,숙박,민박/하숙,민박/하숙,I10103,숙박업,일반 및 생활 숙박시설 운영업,펜션,통합
268,P01A00,스포츠,운영관리시설,운동경기협회,,,,,제외
269,P01A03,스포츠,운영관리시설,프로스포츠경기운영,,,,,제외
270,P01A05,스포츠,운영관리시설,프로권투,,,,,제외
271,P01A06,스포츠,운영관리시설,프로레슬링,,,,,제외
272,P01A07,스포츠,운영관리시설,프로야구,,,,,제외
273,P01A08,스포츠,운영관리시설,프로씨름,,,,,제외
274,P01A09,스포츠,운영관리시설,프로축구,,,,,제외
275,P01A10,스포츠,운영관리시설,프로골프,,,,,제외
276,P01A11,스포츠,운영관리시설,기타경기후원업/경기단체,,,,,제외
277,P01A12,스포츠,운영관리시설,수렵장관리운영,,,,,제외
278,P01A99,스포츠,운영관리시설,기타운영설비,,,,,제외
279,O03A01,숙박,캠프/별장/펜션,캠프/별장/펜션,I10104,숙박업,일반 및 생활 숙박시설 운영업,캠핑/글램핑,유지
280,R10A02,학문/교육,도서관/독서실,고시원,I10201,숙박업,기타 숙박업,기숙사/고시원,유지
281,R10A03,학문/교육,도서관/독서실,이동도서관운영,,,,,제외
282,R10B04,학문/교육,도서관/독서실,도서관/독서실/기록보존,,,,,제외
283,R10B05,학문/교육,도서관/독서실,도서관,,,,,제외
284,R10B06,학문/교육,도서관/독서실,국립중앙도서관,,,,,제외
285,R10B07,학문/교육,도서관/독서실,국회도서관,,,,,제외
286,R10B10,학문/교육,도서관/독서실,기록보존업,,,,,제외
287,R11B01,학문/교육,학교,초등학교,,,,,제외
288,R11B02,학문/교육,학교,중학교,,,,,제외
289,R11B03,학문/교육,학교,고등학교,,,,,제외
290,R11B04,학문/교육,학교,대학교,,,,,제외
291,R11B05,학문/교육,학교,대학원,,,,,제외
292,R11B06,학문/교육,학교,전문대학,,,,,제외
293,F09A04,생활서비스,대중목욕탕/휴게,휴게텔,I10299,숙박업,기타 숙박업,그 외 기타 숙박업,통합
294,F11A01,생활서비스,개인서비스,탐정/경호,,,,,제외
295,F11A02,생활서비스,개인서비스,운명감정작명,,,,,제외
296,F11A03,생활서비스,개인서비스,호스피스,,,,,제외
297,F11A04,생활서비스,개인서비스,대서소,,,,,제외
298,Q01A01,음식,한식,한식/백반/한정식,I20101,음식점업,한식 음식점업,백반/한정식,통합
299,Q01A04,음식,한식,한정식전문,I20101,음식점업,한식 음식점업,백반/한정식,통합
300,Q01A06,음식,한식,돌솥/비빕밥전문점,I20101,음식점업,한식 음식점업,백반/한정식,통합
301,Q01A10,음식,한식,쌈밥전문,I20101,음식점업,한식 음식점업,백반/한정식,통합
302,Q01A11,음식,한식,두부요리전문,I20101,음식점업,한식 음식점업,백반/한정식,통합
303,Q01A15,음식,한식,순두부전문,I20101,음식점업,한식 음식점업,백반/한정식,통합
304,Q01A16,음식,한식,보리밥전문,I20101,음식점업,한식 음식점업,백반/한정식,통합
305,Q01A17,음식,한식,버섯전문점,I20101,음식점업,한식 음식점업,백반/한정식,통합
306,Q03A18,음식,일식/수산물,게장전문,I20101,음식점업,한식 음식점업,백반/한정식,통합
307,Q07A02,음식,패스트푸드,도시락전문점,I20101,음식점업,한식 음식점업,백반/한정식,통합
308,Q10A01,음식,별식/퓨전요리,죽전문점,I20101,음식점업,한식 음식점업,백반/한정식,통합
309,Q10A02,음식,별식/퓨전요리,샤브샤브전문,I20101,음식점업,한식 음식점업,백반/한정식,통합
310,Q10A03,음식,별식/퓨전요리,철판구이요리전문,I20101,음식점업,한식 음식점업,백반/한정식,통합
311,Q10A04,음식,별식/퓨전요리,퓨전음식전문,I20101,음식점업,한식 음식점업,백반/한정식,통합
312,Q10A05,음식,별식/퓨전요리,순대전문점,I20101,음식점업,한식 음식점업,백반/한정식,통합
313,Q10A07,음식,별식/퓨전요리,돌구이요리전문,I20101,음식점업,한식 음식점업,백반/한정식,통합
314,Q13A01,음식,음식배달서비스,야식집,I20101,음식점업,한식 음식점업,백반/한정식,통합
315,Q13A02,음식,음식배달서비스,국/찌개배달,,,,,제외
316,Q13A03,음식,음식배달서비스,음식출장조달,,,,,제외
317,Q01A05,음식,한식,해장국/감자탕,I20102,음식점업,한식 음식점업,국/탕/찌개류,통합
318,Q01A07,음식,한식,부대찌개/섞어찌개,I20102,음식점업,한식 음식점업,국/탕/찌개류,통합
319,Q01A09,음식,한식,설렁탕집,I20102,음식점업,한식 음식점업,국/탕/찌개류,통합
320,Q01A12,음식,한식,재첩국전문,I20102,음식점업,한식 음식점업,국/탕/찌개류,통합
321,Q01A14,음식,한식,추어탕전문,I20102,음식점업,한식 음식점업,국/탕/찌개류,통합
322,Q01A18,음식,한식,황태전문,I20102,음식점업,한식 음식점업,국/탕/찌개류,통합
323,Q03A08,음식,일식/수산물,매운탕전문,I20102,음식점업,한식 음식점업,국/탕/찌개류,통합
324,Q05A01,음식,닭/오리요리,삼계탕전문,I20102,음식점업,한식 음식점업,국/탕/찌개류,통합
325,Q05A03,음식,닭/오리요리,닭도리탕전문,I20102,음식점업,한식 음식점업,국/탕/찌개류,통합
326,Q10A09,음식,별식/퓨전요리,사철탕전문,I20102,음식점업,한식 음식점업,국/탕/찌개류,통합
327,Q01A08,음식,한식,족발/보쌈전문,I20103,음식점업,한식 음식점업,족발/보쌈,유지
328,Q01A13,음식,한식,파전전문,I20104,음식점업,한식 음식점업,전/부침개,유지
329,Q04A02,음식,분식,국수/만두/칼국수,I20105,음식점업,한식 음식점업,국수/칼국수,유지
330,Q01A19,음식,한식,냉면집,I20106,음식점업,한식 음식점업,냉면/밀면,유지
331,Q01A02,음식,한식,갈비/삼겹살,I20107,음식점업,한식 음식점업,돼지고기 구이/찜,통합
332,Q01A99,음식,한식,기타고기요리,I20108,음식점업,한식 음식점업,소고기 구이/찜,통합
333,Q01A03,음식,한식,곱창/양구이전문,I20109,음식점업,한식 음식점업,곱창 전골/구이,유지
334,Q05A02,음식,닭/오리요리,닭갈비전문,I20110,음식점업,한식 음식점업,닭/오리고기 구이/찜,통합
335,Q05A04,음식,닭/오리요리,찜닭전문점,I20110,음식점업,한식 음식점업,닭/오리고기 구이/찜,통합
336,Q05A05,음식,닭/오리요리,불닭전문,I20110,음식점업,한식 음식점업,닭/오리고기 구이/찜,통합
337,Q05A06,음식,닭/오리요리,옻닭전문,I20110,음식점업,한식 음식점업,닭/오리고기 구이/찜,통합
338,Q05A07,음식,닭/오리요리,토종닭전문,I20110,음식점업,한식 음식점업,닭/오리고기 구이/찜,통합
339,Q05A09,음식,닭/오리요리,오리고기전문,I20110,음식점업,한식 음식점업,닭/오리고기 구이/찜,통합
340,Q05A10,음식,닭/오리요리,닭내장/닭발요리,I20110,음식점업,한식 음식점업,닭/오리고기 구이/찜,통합
341,Q03A01,음식,일식/수산물,횟집,I20111,음식점업,한식 음식점업,횟집,통합
342,Q03A19,음식,일식/수산물,홍어전문,I20111,음식점업,한식 음식점업,횟집,통합
343,Q03A05,음식,일식/수산물,해물찜/탕전문,I20112,음식점업,한식 음식점업,해산물 구이/찜,통합
344,Q03A06,음식,일식/수산물,아구전문,I20112,음식점업,한식 음식점업,해산물 구이/찜,통합
345,Q03A07,음식,일식/수산물,민물장어전문,I20112,음식점업,한식 음식점업,해산물 구이/찜,통합
346,Q03A09,음식,일식/수산물,조개구이전문,I20112,음식점업,한식 음식점업,해산물 구이/찜,통합
347,Q03A10,음식,일식/수산물,바닷가재/게요리전문,I20112,음식점업,한식 음식점업,해산물 구이/찜,통합
348,Q03A11,음식,일식/수산물,갈치/생선구이,I20112,음식점업,한식 음식점업,해산물 구이/찜,통합
349,Q03A13,음식,일식/수산물,낙지/오징어,I20112,음식점업,한식 음식점업,해산물 구이/찜,통합
350,Q03A14,음식,일식/수산물,곰장어전문,I20112,음식점업,한식 음식점업,해산물 구이/찜,통합
351,Q03A15,음식,일식/수산물,고등어전문,I20112,음식점업,한식 음식점업,해산물 구이/찜,통합
352,Q03A16,음식,일식/수산물,굴요리전문,I20112,음식점업,한식 음식점업,해산물 구이/찜,통합
353,Q03A17,음식,일식/수산물,붕어찜전문,I20112,음식점업,한식 음식점업,해산물 구이/찜,통합
354,Q03A99,음식,일식/수산물,수산물전문음식점-종합,I20112,음식점업,한식 음식점업,해산물 구이/찜,통합
355,Q03A20,음식,일식/수산물,복전문,I20113,음식점업,한식 음식점업,복 요리 전문,유지
356,Q01A21,음식,한식,기사식당,I20199,음식점업,한식 음식점업,기타 한식 음식점,통합
357,Q02A00,음식,중식,중국음식/중국집,I20201,음식점업,중식 음식점업,중국집,통합
358,Q02A01,음식,중식,탕수육전문점,I20201,음식점업,중식 음식점업,중국집,통합
359,,,,,I20202,음식점업,중식 음식점업,마라탕/훠궈,추가
360,Q03A02,음식,일식/수산물,음식점-일식,I20301,음식점업,일식 음식점업,일식 회/초밥,통합
361,Q03A03,음식,일식/수산물,음식점-초밥전문,I20301,음식점업,일식 음식점업,일식 회/초밥,통합
362,Q03A04,음식,일식/수산물,참치전문점,I20301,음식점업,일식 음식점업,일식 회/초밥,통합
363,Q06A03,음식,양식,카레전문점,I20302,음식점업,일식 음식점업,일식 카레/돈가스/덮밥,유지
364,Q04A04,음식,분식,우동전문점,I20303,음식점업,일식 음식점업,일식 면 요리,유지
365,Q03A02,음식,일식/수산물,음식점-일식,I20399,음식점업,일식 음식점업,기타 일식 음식점,통합
366,Q06A01,음식,양식,정통양식/경양식,I20401,음식점업,서양식 음식점업,경양식,통합
367,Q06A02,음식,양식,돈가스전문점,I20401,음식점업,서양식 음식점업,경양식,통합
368,Q06A06,음식,양식,바베큐전문,I20401,음식점업,서양식 음식점업,경양식,통합
369,Q06A04,음식,양식,스파게티전문점,I20402,음식점업,서양식 음식점업,파스타/스테이크,통합
370,Q06A08,음식,양식,스테이크전문점,I20402,음식점업,서양식 음식점업,파스타/스테이크,통합
371,Q06A05,음식,양식,패밀리레스토랑,I20403,음식점업,서양식 음식점업,패밀리레스토랑,유지
372,Q06A07,음식,양식,기타전문서양음식점,I20499,음식점업,서양식 음식점업,기타 서양식 음식점,통합
373,Q10A08,음식,별식/퓨전요리,동남아음식전문점,I20501,음식점업,동남아시아 음식점업,베트남식 전문,유지
374,Q10A08,음식,별식/퓨전요리,동남아음식전문점,I20599,음식점업,동남아시아 음식점업,기타 동남아식 전문,통합
375,Q10A06,음식,별식/퓨전요리,징기스칸요리전문,I20601,음식점업,기타 외국식 음식점업,분류 안된 외국식 음식점,통합
376,Q14A01,음식,기타음식업,구내식당/자급식음식점,I20701,음식점업,구내식당 및 뷔페,구내식당,유지
377,Q15A01,음식,부페,종합부페,I20702,음식점업,구내식당 및 뷔페,뷔페,통합
378,Q15A02,음식,부페,고기부페,I20702,음식점업,구내식당 및 뷔페,뷔페,통합
379,Q15A03,음식,부페,한식부페,I20702,음식점업,구내식당 및 뷔페,뷔페,통합
380,Q15A04,음식,부페,채식/한식부페,I20702,음식점업,구내식당 및 뷔페,뷔페,통합
381,Q15A05,음식,부페,해물부페,I20702,음식점업,구내식당 및 뷔페,뷔페,통합
382,Q07A06,음식,패스트푸드,도너츠전문,I21001,음식점업,기타 간이 음식점업,빵/도넛,통합
383,Q07A09,음식,패스트푸드,생과자점,I21001,음식점업,기타 간이 음식점업,빵/도넛,통합
384,Q08A01,음식,제과제빵떡케익,제과점,I21001,음식점업,기타 간이 음식점업,빵/도넛,통합
385,Q08A02,음식,제과제빵떡케익,케익전문점,I21001,음식점업,기타 간이 음식점업,빵/도넛,통합
386,Q08A05,음식,제과제빵떡케익,찐빵전문,I21001,음식점업,기타 간이 음식점업,빵/도넛,통합
387,Q08A03,음식,제과제빵떡케익,떡전문,I21002,음식점업,기타 간이 음식점업,떡/한과,통합
388,Q08A04,음식,제과제빵떡케익,떡/한과집,I21002,음식점업,기타 간이 음식점업,떡/한과,통합
389,Q07A01,음식,패스트푸드,피자전문,I21003,음식점업,기타 간이 음식점업,피자,유지
390,Q07A04,음식,패스트푸드,패스트푸드,I21004,음식점업,기타 간이 음식점업,버거,유지
391,Q07A03,음식,패스트푸드,핫도그,I21005,음식점업,기타 간이 음식점업,토스트/샌드위치/샐러드,통합
392,Q07A05,음식,패스트푸드,샌드위치전문점,I21005,음식점업,기타 간이 음식점업,토스트/샌드위치/샐러드,통합
393,Q07A10,음식,패스트푸드,토스트전문,I21005,음식점업,기타 간이 음식점업,토스트/샌드위치/샐러드,통합
394,Q05A08,음식,닭/오리요리,후라이드/양념치킨,I21006,음식점업,기타 간이 음식점업,치킨,유지
395,Q04A01,음식,분식,라면김밥분식,I21007,음식점업,기타 간이 음식점업,김밥/만두/분식,통합
396,Q04A03,음식,분식,떡볶이전문,I21007,음식점업,기타 간이 음식점업,김밥/만두/분식,통합
397,Q04A05,음식,분식,스낵,I21008,음식점업,기타 간이 음식점업,아이스크림/빙수,통합
398,Q07A07,음식,패스트푸드,아이스크림판매,I21008,음식점업,기타 간이 음식점업,아이스크림/빙수,통합
399,Q07A08,음식,패스트푸드,유산균아이스크림전문,I21008,음식점업,기타 간이 음식점업,아이스크림/빙수,통합
400,Q14A02,음식,기타음식업,고속도로휴게소,I21099,음식점업,기타 간이 음식점업,그 외 기타 간이 음식점,통합
401,Q14A03,음식,기타음식업,국도휴게소,I21099,음식점업,기타 간이 음식점업,그 외 기타 간이 음식점,통합
402,Q09A02,음식,유흥주점,소주방/포장마차,I21101,음식점업,주점업,일반 유흥 주점,통합
403,Q09A04,음식,유흥주점,민속주점,I21101,음식점업,주점업,일반 유흥 주점,통합
404,Q09A05,음식,유흥주점,로바다야끼,I21101,음식점업,주점업,일반 유흥 주점,통합
405,Q09A06,음식,유흥주점,관광/유흥주점,I21101,음식점업,주점업,일반 유흥 주점,통합
406,Q09A07,음식,유흥주점,기타일반유흥주점,I21101,음식점업,주점업,일반 유흥 주점,통합
407,Q09A08,음식,유흥주점,빠/카페/스탠드빠,I21101,음식점업,주점업,일반 유흥 주점,통합
408,N02A02,관광/여가/오락,무도/유흥/가무,나이트클럽,I21102,음식점업,주점업,무도 유흥 주점,통합
409,N02A03,관광/여가/오락,무도/유흥/가무,극장식유흥주점,I21102,음식점업,주점업,무도 유흥 주점,통합
410,N02A04,관광/여가/오락,무도/유흥/가무,무도유흥주점-종합,I21102,음식점업,주점업,무도 유흥 주점,통합
411,N02A05,관광/여가/오락,무도/유흥/가무,한국식유흥주점,I21102,음식점업,주점업,무도 유흥 주점,통합
412,N02A06,관광/여가/오락,무도/유흥/가무,무도장,I21102,음식점업,주점업,무도 유흥 주점,통합
413,N03A01,관광/여가/오락,연극/영화/극장,영화관,,,,,제외
414,N03A02,관광/여가/오락,연극/영화/극장,자동차극장,,,,,제외
415,N03A03,관광/여가/오락,연극/영화/극장,연극극장,,,,,제외
416,N03A04,관광/여가/오락,연극/영화/극장,종합공연장,,,,,제외
417,N03A05,관광/여가/오락,연극/영화/극장,음악감상,,,,,제외
418,N03A06,관광/여가/오락,연극/영화/극장,연극/음악/예술관련기타,,,,,제외
419,Q09A09,음식,유흥주점,락카페,I21102,음식점업,주점업,무도 유흥 주점,통합
420,Q09A10,음식,유흥주점,룸살롱/단란주점,I21102,음식점업,주점업,무도 유흥 주점,통합
421,Q09A01,음식,유흥주점,호프/맥주,I21103,음식점업,주점업,생맥주 전문,유지
422,Q09A03,음식,유흥주점,꼬치구이전문점,I21104,음식점업,주점업,요리 주점,통합
423,Q12A01,음식,커피점/카페,커피전문점/카페/다방,I21201,음식점업,비알코올 음료점업,카페,통합
424,Q12A03,음식,커피점/카페,생과일주스전문점,I21201,음식점업,비알코올 음료점업,카페,통합
425,Q12A04,음식,커피점/카페,보드게임카페,I21201,음식점업,비알코올 음료점업,카페,통합
426,Q12A05,음식,커피점/카페,사주카페,I21201,음식점업,비알코올 음료점업,카페,통합
427,Q12A06,음식,커피점/카페,전통찻집/인삼찻집,I21201,음식점업,비알코올 음료점업,카페,통합
428,Q12A07,음식,커피점/카페,애견카페,I21201,음식점업,비알코올 음료점업,카페,통합
429,L01A01,부동산,부동산중개,부동산중개,L10203,부동산업,부동산관련 서비스업,부동산 중개/대리업,유지
430,L02A01,부동산,부동산임대,임대-사무실/오피스텔/공장,,,,,제외
431,L02A02,부동산,부동산임대,임대-주택/아파트/연립,,,,,제외
432,L02A03,부동산,부동산임대,임대-쇼핑센타/상점,,,,,제외
433,L02A04,부동산,부동산임대,임대-토지/묘지,,,,,제외
434,L03A01,부동산,분양,주택공급,,,,,제외
435,L03A02,부동산,분양,상가분양,,,,,제외
436,L03A03,부동산,분양,사무실분양,,,,,제외
437,L03A04,부동산,분양,건물분양-종합,,,,,제외
438,L04A01,부동산,평가/개발/관리,오피스텔관리,,,,,제외
439,F19B11,생활서비스,법무세무회계,변호사,M10301,"전문, 과학 및 기술 서비스업",법무관련 서비스업,변호사,유지
440,F19B12,생활서비스,법무세무회계,변리사,M10302,"전문, 과학 및 기술 서비스업",법무관련 서비스업,변리사,유지
441,F19B13,생활서비스,법무세무회계,손해사정인,,,,,제외
442,F19B14,생활서비스,법무세무회계,속기사무소,,,,,제외
443,F19B02,생활서비스,법무세무회계,법무사,M10303,"전문, 과학 및 기술 서비스업",법무관련 서비스업,법무사,유지
444,F19B09,생활서비스,법무세무회계,행정서사,M10306,"전문, 과학 및 기술 서비스업",법무관련 서비스업,행정사,유지
445,F19B10,생활서비스,법무세무회계,관세사,,,,,제외
446,F19B08,생활서비스,법무세무회계,공인노무사,M10307,"전문, 과학 및 기술 서비스업",법무관련 서비스업,공인노무사,유지
447,F19B01,생활서비스,법무세무회계,법무관련서비스-종합,M10399,"전문, 과학 및 기술 서비스업",법무관련 서비스업,기타 법무관련 서비스업,통합
448,F19B07,생활서비스,법무세무회계,공인회계사,M10401,"전문, 과학 및 기술 서비스업",회계 및 세무관련 서비스업,공인회계사,유지
449,F19B03,생활서비스,법무세무회계,세무사,M10402,"전문, 과학 및 기술 서비스업",회계 및 세무관련 서비스업,세무사,유지
450,F19B05,생활서비스,법무세무회계,공증인,,,,,제외
451,F19B06,생활서비스,법무세무회계,회계관련서비스-종합,M10499,"전문, 과학 및 기술 서비스업",회계 및 세무관련 서비스업,기타 회계 관련 서비스업,통합
452,F12A08,생활서비스,광고/인쇄,광고대행-전화번호부,M10501,"전문, 과학 및 기술 서비스업",광고업,광고 대행업,유지
453,,,,,M10502,"전문, 과학 및 기술 서비스업",광고업,옥외/전시 광고 대행업,추가
454,F12A09,생활서비스,광고/인쇄,컴퓨터입력대행,,,,,제외
455,F12A10,생활서비스,광고/인쇄,차트제작,,,,,제외
456,,,,,M10503,"전문, 과학 및 기술 서비스업",광고업,광고 매체 판매업,추가
457,F12A03,생활서비스,광고/인쇄,광고물제작,M10504,"전문, 과학 및 기술 서비스업",광고업,광고물 설계/제작업,통합
458,F12A05,생활서비스,광고/인쇄,광고물제작-종합,M10504,"전문, 과학 및 기술 서비스업",광고업,광고물 설계/제작업,통합
459,F12A04,생활서비스,광고/인쇄,지역정보지,M10599,"전문, 과학 및 기술 서비스업",광고업,기타 광고 관련 서비스업,통합
460,F12A06,생활서비스,광고/인쇄,편집대행,M10599,"전문, 과학 및 기술 서비스업",광고업,기타 광고 관련 서비스업,통합
461,F12A07,생활서비스,광고/인쇄,생활정보제공서비스,M10599,"전문, 과학 및 기술 서비스업",광고업,기타 광고 관련 서비스업,통합
462,,,,,M10601,"전문, 과학 및 기술 서비스업",시장 조사 및 여론 조사업,시장 조사 및 여론 조사업,추가
463,F13A01,생활서비스,기타서비스업,사업경영상담,M10703,"전문, 과학 및 기술 서비스업",회사 본부 및 경영 컨설팅 서비스업,경영 컨설팅업,유지
464,F13A02,생활서비스,기타서비스업,물품감정서비스,,,,,제외
465,,,,,M10901,"전문, 과학 및 기술 서비스업","건축 기술, 엔지니어링 및 관련 기술 서비스업",건축 설계 및 관련 서비스업,추가
466,,,,,M10902,"전문, 과학 및 기술 서비스업","건축 기술, 엔지니어링 및 관련 기술 서비스업",도시 계획 및 조경 설계 서비스업,추가
467,,,,,M10903,"전문, 과학 및 기술 서비스업","건축 기술, 엔지니어링 및 관련 기술 서비스업",건물 및 토목 엔지니어링 서비스업,추가
468,,,,,M10904,"전문, 과학 및 기술 서비스업","건축 기술, 엔지니어링 및 관련 기술 서비스업",환경 관련 엔지니어링 서비스업,추가
469,,,,,M10999,"전문, 과학 및 기술 서비스업","건축 기술, 엔지니어링 및 관련 기술 서비스업",기타 엔지니어링 서비스업,추가
470,,,,,M11101,"전문, 과학 및 기술 서비스업",수의업,동물병원,추가
471,,,,,M11201,"전문, 과학 및 기술 서비스업",전문 디자인업,인테리어 디자인업,추가
472,,,,,M11202,"전문, 과학 및 기술 서비스업",전문 디자인업,제품 디자인업,추가
473,,,,,M11203,"전문, 과학 및 기술 서비스업",전문 디자인업,시각 디자인업,추가
474,F13A11,생활서비스,기타서비스업,패션디자인,M11204,"전문, 과학 및 기술 서비스업",전문 디자인업,패션/섬유/기타 전문 디자인업,통합
475,F13A18,생활서비스,기타서비스업,지물재단,M11204,"전문, 과학 및 기술 서비스업",전문 디자인업,패션/섬유/기타 전문 디자인업,통합
476,F06A01,생활서비스,사진,사진관,M11301,"전문, 과학 및 기술 서비스업",사진 촬영 및 처리업,사진촬영업,통합
477,F06A02,생활서비스,사진,상업사진,M11301,"전문, 과학 및 기술 서비스업",사진 촬영 및 처리업,사진촬영업,통합
478,F06A03,생활서비스,사진,스티커사진방,M11301,"전문, 과학 및 기술 서비스업",사진 촬영 및 처리업,사진촬영업,통합
479,F12A01,생활서비스,광고/인쇄,인쇄종합,M11401,"전문, 과학 및 기술 서비스업",인쇄 및 제품 제작업,명함/간판/광고물 제작,통합
480,F12A02,생활서비스,광고/인쇄,간판제작종합,M11401,"전문, 과학 및 기술 서비스업",인쇄 및 제품 제작업,명함/간판/광고물 제작,통합
481,,,,,M11401,"전문, 과학 및 기술 서비스업",인쇄 및 제품 제작업,명함/간판/광고물 제작,통합
482,F11A05,생활서비스,개인서비스,번역/통역서비스,M11502,"전문, 과학 및 기술 서비스업","그 외 기타 전문, 과학 및 기술 서비스업",번역/통역 서비스업,유지
483,F11A06,생활서비스,개인서비스,초상화제작,,,,,제외
484,F13A12,생활서비스,기타서비스업,사업중개업,M11504,"전문, 과학 및 기술 서비스업","그 외 기타 전문, 과학 및 기술 서비스업",사업/무형 재산권 중개업,통합
485,F13A19,생활서비스,기타서비스업,상품권판매,M11504,"전문, 과학 및 기술 서비스업","그 외 기타 전문, 과학 및 기술 서비스업",사업/무형 재산권 중개업,통합
486,F13A20,생활서비스,기타서비스업,골프회원권거래소,M11504,"전문, 과학 및 기술 서비스업","그 외 기타 전문, 과학 및 기술 서비스업",사업/무형 재산권 중개업,통합
487,F13A21,생활서비스,기타서비스업,공연티켓예매,M11504,"전문, 과학 및 기술 서비스업","그 외 기타 전문, 과학 및 기술 서비스업",사업/무형 재산권 중개업,통합
488,L04A02,부동산,평가/개발/관리,건축물시설관리,N10101,"사업시설 관리, 사업 지원 및 임대 서비스업",사업시설 유지ㆍ관리 서비스업,사업시설 유지·관리 서비스업,유지
489,L04A03,부동산,평가/개발/관리,재건축조합,,,,,제외
490,L04A04,부동산,평가/개발/관리,부동산감정평가,,,,,제외
491,L04A05,부동산,평가/개발/관리,부동산소유권조사,,,,,제외
492,L04A06,부동산,평가/개발/관리,부동산자문,,,,,제외
493,L04A07,부동산,평가/개발/관리,주택전시장,,,,,제외
494,L05A01,부동산,부동산관련서비스,아파트관리,,,,,제외
495,L05A02,부동산,부동산관련서비스,부동산신탁,,,,,제외
496,F02A05,생활서비스,세탁/가사서비스,청소/소독,N10201,"사업시설 관리, 사업 지원 및 임대 서비스업",건물ㆍ산업설비 청소 및 방제 서비스업,건축물 일반 청소업,분리
497,F02A05,생활서비스,세탁/가사서비스,청소/소독,N10202,"사업시설 관리, 사업 지원 및 임대 서비스업",건물ㆍ산업설비 청소 및 방제 서비스업,"산업설비, 운송장비 및 공공장소 청소업",분리
498,F02A05,생활서비스,세탁/가사서비스,청소/소독,N10203,"사업시설 관리, 사업 지원 및 임대 서비스업",건물ㆍ산업설비 청소 및 방제 서비스업,"소독, 구충 및 방제 서비스업",분리
499,,,,,N10301,"사업시설 관리, 사업 지원 및 임대 서비스업",조경관리 및 유지 서비스업,조경 유지·관리 서비스업,추가
500,,,,,N10301,"사업시설 관리, 사업 지원 및 임대 서비스업",조경관리 및 유지 서비스업,조경 유지·관리 서비스업,추가
501,F05A01,생활서비스,인력/고용/용역알선,가사도우미알선,N10401,"사업시설 관리, 사업 지원 및 임대 서비스업",고용 알선 및 인력 공급업,고용 알선업,통합
502,F05A02,생활서비스,인력/고용/용역알선,인력공급/고용알선,N10401,"사업시설 관리, 사업 지원 및 임대 서비스업",고용 알선 및 인력 공급업,고용 알선업,통합
503,F05A03,생활서비스,인력/고용/용역알선,해외취업알선,N10401,"사업시설 관리, 사업 지원 및 임대 서비스업",고용 알선 및 인력 공급업,고용 알선업,통합
504,F05A02,생활서비스,인력/고용/용역알선,인력공급/고용알선,N10402,"사업시설 관리, 사업 지원 및 임대 서비스업",고용 알선 및 인력 공급업,임시/일용 인력 공급업,분리
505,F05A02,생활서비스,인력/고용/용역알선,인력공급/고용알선,N10403,"사업시설 관리, 사업 지원 및 임대 서비스업",고용 알선 및 인력 공급업,상용 인력 공급 및 인사관리 서비스업,분리
506,,,,,N10501,"사업시설 관리, 사업 지원 및 임대 서비스업",여행사 및 기타 여행 보조 서비스업,여행사,추가
507,,,,,N10599,"사업시설 관리, 사업 지원 및 임대 서비스업",여행사 및 기타 여행 보조 서비스업,기타 여행 보조/예약 서비스업,추가
508,F08A06,생활서비스,대행업,복사대행,N10703,"사업시설 관리, 사업 지원 및 임대 서비스업",사무 지원 서비스업,복사업,유지
509,F04A13,생활서비스,운송/배달/택배,문서송달대행,N10799,"사업시설 관리, 사업 지원 및 임대 서비스업",사무 지원 서비스업,기타 사무 지원 서비스업,통합
510,F04B08,생활서비스,운송/배달/택배,우체국/우편물취급소,,,,,제외
511,F08A03,생활서비스,대행업,고객관리대행,N10799,"사업시설 관리, 사업 지원 및 임대 서비스업",사무 지원 서비스업,기타 사무 지원 서비스업,통합
512,F08A04,생활서비스,대행업,전단지배포대행,,,,,제외
513,F08A05,생활서비스,대행업,사무대리서비스,N10799,"사업시설 관리, 사업 지원 및 임대 서비스업",사무 지원 서비스업,기타 사무 지원 서비스업,통합
514,F08A07,생활서비스,대행업,이민유학알선,N10799,"사업시설 관리, 사업 지원 및 임대 서비스업",사무 지원 서비스업,기타 사무 지원 서비스업,통합
515,F08A08,생활서비스,대행업,꽃꽂이(대행),,,,,제외
516,F13A04,생활서비스,기타서비스업,패션쇼대행,N10802,"사업시설 관리, 사업 지원 및 임대 서비스업",기타 사업 지원 서비스업,전시/컨벤션/행사 대행 서비스업,통합
517,F13A05,생활서비스,기타서비스업,필체감정,,,,,제외
518,F13A06,생활서비스,기타서비스업,펜팔소개,,,,,제외
519,F13A07,생활서비스,기타서비스업,보석감정,,,,,제외
520,F13A08,생활서비스,기타서비스업,디스플레이대행,N10802,"사업시설 관리, 사업 지원 및 임대 서비스업",기타 사업 지원 서비스업,전시/컨벤션/행사 대행 서비스업,통합
521,F13A09,생활서비스,기타서비스업,작곡,,,,,제외
522,F13A10,생활서비스,기타서비스업,박제표본,,,,,제외
523,F13A13,생활서비스,기타서비스업,상품전시,N10802,"사업시설 관리, 사업 지원 및 임대 서비스업",기타 사업 지원 서비스업,전시/컨벤션/행사 대행 서비스업,통합
524,F13A14,생활서비스,기타서비스업,조감도/투시도전문,,,,,제외
525,F13A15,생활서비스,기타서비스업,국제회의용역,N10802,"사업시설 관리, 사업 지원 및 임대 서비스업",기타 사업 지원 서비스업,전시/컨벤션/행사 대행 서비스업,통합
526,F13A16,생활서비스,기타서비스업,도면제작대행,,,,,제외
527,F13A17,생활서비스,기타서비스업,지도제작,,,,,제외
528,F20A01,생활서비스,행사/이벤트,출장파티/연회대행,N10802,"사업시설 관리, 사업 지원 및 임대 서비스업",기타 사업 지원 서비스업,전시/컨벤션/행사 대행 서비스업,통합
529,F20A02,생활서비스,행사/이벤트,이벤트기획,N10802,"사업시설 관리, 사업 지원 및 임대 서비스업",기타 사업 지원 서비스업,전시/컨벤션/행사 대행 서비스업,통합
530,F20A03,생활서비스,행사/이벤트,행사대행,N10802,"사업시설 관리, 사업 지원 및 임대 서비스업",기타 사업 지원 서비스업,전시/컨벤션/행사 대행 서비스업,통합
531,F20A04,생활서비스,행사/이벤트,응원기획,N10802,"사업시설 관리, 사업 지원 및 임대 서비스업",기타 사업 지원 서비스업,전시/컨벤션/행사 대행 서비스업,통합
532,F20A05,생활서비스,행사/이벤트,연예인대리업,,,,,제외
533,F13A03,생활서비스,기타서비스업,상품포장,N10805,"사업시설 관리, 사업 지원 및 임대 서비스업",기타 사업 지원 서비스업,포장/충전업,유지
534,F07A11,생활서비스,물품기기대여,렌트카,N10901,"사업시설 관리, 사업 지원 및 임대 서비스업",운송장비 대여업,자동차 대여업,유지
535,,,,,N10999,"사업시설 관리, 사업 지원 및 임대 서비스업",운송장비 대여업,기타 운송장비 대여업,추가
536,F07A02,생활서비스,물품기기대여,오락/스포츠용품대여,N11001,"사업시설 관리, 사업 지원 및 임대 서비스업",개인 및 가정용품 대여업,스포츠/레크리에이션 용품 대여업,유지
537,F07A03,생활서비스,물품기기대여,비디오/오디오테이프대여,N11002,"사업시설 관리, 사업 지원 및 임대 서비스업",개인 및 가정용품 대여업,음반/비디오물 대여업,유지
538,F07A04,생활서비스,물품기기대여,도서/만화대여,N11003,"사업시설 관리, 사업 지원 및 임대 서비스업",개인 및 가정용품 대여업,만화방,유지
539,F07A05,생활서비스,물품기기대여,명품대여,N11004,"사업시설 관리, 사업 지원 및 임대 서비스업",개인 및 가정용품 대여업,의류 대여업,통합
540,F07A07,생활서비스,물품기기대여,의류/한복대여,N11004,"사업시설 관리, 사업 지원 및 임대 서비스업",개인 및 가정용품 대여업,의류 대여업,통합
541,F07A16,생활서비스,물품기기대여,가방대여,N11004,"사업시설 관리, 사업 지원 및 임대 서비스업",개인 및 가정용품 대여업,의류 대여업,통합
542,F07A01,생활서비스,물품기기대여,가정용가구/기기임대,N11099,"사업시설 관리, 사업 지원 및 임대 서비스업",개인 및 가정용품 대여업,기타 개인/가정용품 대여업,통합
543,F07A06,생활서비스,물품기기대여,생활용품대여,N11099,"사업시설 관리, 사업 지원 및 임대 서비스업",개인 및 가정용품 대여업,기타 개인/가정용품 대여업,통합
544,F07A08,생활서비스,물품기기대여,물수건대여,N11099,"사업시설 관리, 사업 지원 및 임대 서비스업",개인 및 가정용품 대여업,기타 개인/가정용품 대여업,통합
545,F07A12,생활서비스,물품기기대여,비디오카메라대여,N11099,"사업시설 관리, 사업 지원 및 임대 서비스업",개인 및 가정용품 대여업,기타 개인/가정용품 대여업,통합
546,F07A13,생활서비스,물품기기대여,악기대여,N11099,"사업시설 관리, 사업 지원 및 임대 서비스업",개인 및 가정용품 대여업,기타 개인/가정용품 대여업,통합
547,F07A14,생활서비스,물품기기대여,장식품대여,N11099,"사업시설 관리, 사업 지원 및 임대 서비스업",개인 및 가정용품 대여업,기타 개인/가정용품 대여업,통합
548,F07A15,생활서비스,물품기기대여,도자기대여,N11099,"사업시설 관리, 사업 지원 및 임대 서비스업",개인 및 가정용품 대여업,기타 개인/가정용품 대여업,통합
549,F07A17,생활서비스,물품기기대여,연극공연/영화제작용품임대,N11099,"사업시설 관리, 사업 지원 및 임대 서비스업",개인 및 가정용품 대여업,기타 개인/가정용품 대여업,통합
550,F07A18,생활서비스,물품기기대여,사진/원고/기록물대여,N11099,"사업시설 관리, 사업 지원 및 임대 서비스업",개인 및 가정용품 대여업,기타 개인/가정용품 대여업,통합
551,F07A19,생활서비스,물품기기대여,목재대여,N11099,"사업시설 관리, 사업 지원 및 임대 서비스업",개인 및 가정용품 대여업,기타 개인/가정용품 대여업,통합
552,F07A20,생활서비스,물품기기대여,화환/화분대여,N11099,"사업시설 관리, 사업 지원 및 임대 서비스업",개인 및 가정용품 대여업,기타 개인/가정용품 대여업,통합
553,F07A99,생활서비스,물품기기대여,물품대여종합,N11099,"사업시설 관리, 사업 지원 및 임대 서비스업",개인 및 가정용품 대여업,기타 개인/가정용품 대여업,통합
554,F08A01,생활서비스,대행업,심부름센터,,,,,제외
555,F08A02,생활서비스,대행업,신용조사/흥신소,,,,,제외
556,,,,,N11101,"사업시설 관리, 사업 지원 및 임대 서비스업",산업용 기계 및 장비 대여업,건설기계/장비 대여업,추가
557,F07A09,생활서비스,물품기기대여,컴퓨터대여,N11102,"사업시설 관리, 사업 지원 및 임대 서비스업",산업용 기계 및 장비 대여업,컴퓨터/사무기기 대여업,통합
558,F07A10,생활서비스,물품기기대여,사무기기대여,N11102,"사업시설 관리, 사업 지원 및 임대 서비스업",산업용 기계 및 장비 대여업,컴퓨터/사무기기 대여업,통합
559,,,,,N11199,"사업시설 관리, 사업 지원 및 임대 서비스업",산업용 기계 및 장비 대여업,기타 산업용 기계/장비 대여업,통합
560,R01A01,학문/교육,학원-보습교습입시,학원-입시,P10501,교육 서비스업,일반 교육기관,입시·교과학원,통합
561,R01A02,학문/교육,학원-보습교습입시,학원-편입,P10501,교육 서비스업,일반 교육기관,입시·교과학원,통합
562,R01A03,학문/교육,학원-보습교습입시,학원-검정고시,P10501,교육 서비스업,일반 교육기관,입시·교과학원,통합
563,P02A04,스포츠,실내운동시설,복싱도장,P10601,교육 서비스업,기타 교육기관,태권도/무술학원,통합
564,P02A18,스포츠,실내운동시설,킥복싱,P10601,교육 서비스업,기타 교육기관,태권도/무술학원,통합
565,P02A26,스포츠,실내운동시설,택견도장,P10601,교육 서비스업,기타 교육기관,태권도/무술학원,통합
566,P02A29,스포츠,실내운동시설,쿵후도장,P10601,교육 서비스업,기타 교육기관,태권도/무술학원,통합
567,P02A30,스포츠,실내운동시설,이종격투기,P10601,교육 서비스업,기타 교육기관,태권도/무술학원,통합
568,R07A20,학문/교육,학원-예능취미체육,태권도장,P10601,교육 서비스업,기타 교육기관,태권도/무술학원,통합
569,R07A21,학문/교육,학원-예능취미체육,합기도장,P10601,교육 서비스업,기타 교육기관,태권도/무술학원,통합
570,R07A22,학문/교육,학원-예능취미체육,검도도장,P10601,교육 서비스업,기타 교육기관,태권도/무술학원,통합
571,R07A23,학문/교육,학원-예능취미체육,유도장,P10601,교육 서비스업,기타 교육기관,태권도/무술학원,통합
572,N05A01,관광/여가/오락,요가/단전/마사지,요가/단식,P10603,교육 서비스업,기타 교육기관,요가/필라테스 학원,유지
573,R07A24,학문/교육,학원-예능취미체육,레크레이션지도/상담,P10605,교육 서비스업,기타 교육기관,레크리에이션 교육기관,유지
574,R08A01,학문/교육,유아교육,놀이방,,,,,제외
575,R08A02,학문/교육,유아교육,어린이집,,,,,제외
576,R08A03,학문/교육,유아교육,유치원,,,,,제외
577,R08A04,학문/교육,유아교육,실내놀이터-유아,,,,,제외
578,R08A05,학문/교육,유아교육,블럭놀이방,,,,,제외
579,R08A06,학문/교육,유아교육,동화구연,,,,,제외
580,R08A07,학문/교육,유아교육,유아교육기관기타,,,,,제외
581,,,,,P10607,교육 서비스업,기타 교육기관,청소년 수련시설,추가
582,R05A02,학문/교육,학원-음악미술무용,피아노/바이올린/기타,P10609,교육 서비스업,기타 교육기관,음악학원,통합
583,R05A06,학문/교육,학원-음악미술무용,학원-국악,P10609,교육 서비스업,기타 교육기관,음악학원,통합
584,R07A01,학문/교육,학원-예능취미체육,학원-가요,P10609,교육 서비스업,기타 교육기관,음악학원,통합
585,R05A01,학문/교육,학원-음악미술무용,서예/서화/미술,P10611,교육 서비스업,기타 교육기관,미술학원,유지
586,R05A05,학문/교육,학원-음악미술무용,학원-무용,P10613,교육 서비스업,기타 교육기관,기타 예술/스포츠 교육기관,통합
587,R07A03,학문/교육,학원-예능취미체육,학원-꽃꽃이,P10613,교육 서비스업,기타 교육기관,기타 예술/스포츠 교육기관,통합
588,R07A04,학문/교육,학원-예능취미체육,학원-자수/동양자수,P10613,교육 서비스업,기타 교육기관,기타 예술/스포츠 교육기관,통합
589,R07A07,학문/교육,학원-예능취미체육,학원-사교춤,P10613,교육 서비스업,기타 교육기관,기타 예술/스포츠 교육기관,통합
590,R07A10,학문/교육,학원-예능취미체육,학원-요리,P10613,교육 서비스업,기타 교육기관,기타 예술/스포츠 교육기관,통합
591,R07A11,학문/교육,학원-예능취미체육,학원-주산암산부기속셈,P10613,교육 서비스업,기타 교육기관,기타 예술/스포츠 교육기관,통합
592,R07A12,학문/교육,학원-예능취미체육,학원-지점토,P10613,교육 서비스업,기타 교육기관,기타 예술/스포츠 교육기관,통합
593,R07A13,학문/교육,학원-예능취미체육,학원-펜글씨/한문,P10613,교육 서비스업,기타 교육기관,기타 예술/스포츠 교육기관,통합
594,R07A14,학문/교육,학원-예능취미체육,학원-에어로빅,P10613,교육 서비스업,기타 교육기관,기타 예술/스포츠 교육기관,통합
595,R07A15,학문/교육,학원-예능취미체육,학원-웅변,P10613,교육 서비스업,기타 교육기관,기타 예술/스포츠 교육기관,통합
596,R07A16,학문/교육,학원-예능취미체육,학원-바둑,P10613,교육 서비스업,기타 교육기관,기타 예술/스포츠 교육기관,통합
597,R07A17,학문/교육,학원-예능취미체육,학원-스포츠/재즈댄스,P10613,교육 서비스업,기타 교육기관,기타 예술/스포츠 교육기관,통합
598,R07A18,학문/교육,학원-예능취미체육,학원-마술,P10613,교육 서비스업,기타 교육기관,기타 예술/스포츠 교육기관,통합
599,R07A19,학문/교육,학원-예능취미체육,학원-서당,P10613,교육 서비스업,기타 교육기관,기타 예술/스포츠 교육기관,통합
600,R04A01,학문/교육,학원-어학,학원-외국어/어학,P10615,교육 서비스업,기타 교육기관,외국어학원,통합
601,R04A02,학문/교육,학원-어학,학원-어린이영어,P10615,교육 서비스업,기타 교육기관,외국어학원,통합
602,R03A03,학문/교육,학원-자격/국가고시,학원-공인중개사,P10617,교육 서비스업,기타 교육기관,전문자격/고시학원,통합
603,R03A05,학문/교육,학원-자격/국가고시,학원/국가고시,P10617,교육 서비스업,기타 교육기관,전문자격/고시학원,통합
604,R03A06,학문/교육,학원-자격/국가고시,학원-기계고시,P10617,교육 서비스업,기타 교육기관,전문자격/고시학원,통합
605,R20B10,학문/교육,기타교육기관,사회교육단체,P10619,교육 서비스업,기타 교육기관,사회교육시설,유지
606,R20B04,학문/교육,기타교육기관,직장위탁교육,P10621,교육 서비스업,기타 교육기관,직원 훈련기관,통합
607,R20B05,학문/교육,기타교육기관,상설직원훈련기관,P10621,교육 서비스업,기타 교육기관,직원 훈련기관,통합
608,R03A13,학문/교육,학원-자격/국가고시,학원-자동차운전,P10623,교육 서비스업,기타 교육기관,운전학원,통합
609,R09A03,학문/교육,학원기타,운전연수전문,P10623,교육 서비스업,기타 교육기관,운전학원,통합
610,R09A04,학문/교육,학원기타,학원-실내운전,P10623,교육 서비스업,기타 교육기관,운전학원,통합
611,R02A01,학문/교육,학원-창업취업취미,학원-간판디자인,P10625,교육 서비스업,기타 교육기관,기타 기술/직업 훈련학원,통합
612,R02A02,학문/교육,학원-창업취업취미,학원-경리,P10625,교육 서비스업,기타 교육기관,기타 기술/직업 훈련학원,통합
613,R02A03,학문/교육,학원-창업취업취미,학원-경영,P10625,교육 서비스업,기타 교육기관,기타 기술/직업 훈련학원,통합
614,R02A04,학문/교육,학원-창업취업취미,학원-분장,P10625,교육 서비스업,기타 교육기관,기타 기술/직업 훈련학원,통합
615,R02A05,학문/교육,학원-창업취업취미,학원-공예,P10625,교육 서비스업,기타 교육기관,기타 기술/직업 훈련학원,통합
616,R02A06,학문/교육,학원-창업취업취미,학원-속독,P10625,교육 서비스업,기타 교육기관,기타 기술/직업 훈련학원,통합
617,R02A07,학문/교육,학원-창업취업취미,학원-광고디자인,P10625,교육 서비스업,기타 교육기관,기타 기술/직업 훈련학원,통합
618,R02A08,학문/교육,학원-창업취업취미,학원-광섬유,P10625,교육 서비스업,기타 교육기관,기타 기술/직업 훈련학원,통합
619,R02A09,학문/교육,학원-창업취업취미,학원-시계기술학원,P10625,교육 서비스업,기타 교육기관,기타 기술/직업 훈련학원,통합
620,R02A10,학문/교육,학원-창업취업취미,학원-동물사육,P10625,교육 서비스업,기타 교육기관,기타 기술/직업 훈련학원,통합
621,R02A11,학문/교육,학원-창업취업취미,학원-디스플레이,P10625,교육 서비스업,기타 교육기관,기타 기술/직업 훈련학원,통합
622,R02A12,학문/교육,학원-창업취업취미,학원-디자인,P10625,교육 서비스업,기타 교육기관,기타 기술/직업 훈련학원,통합
623,R02A13,학문/교육,학원-창업취업취미,학원-만화영화,P10625,교육 서비스업,기타 교육기관,기타 기술/직업 훈련학원,통합
624,R02A14,학문/교육,학원-창업취업취미,학원-목공예,P10625,교육 서비스업,기타 교육기관,기타 기술/직업 훈련학원,통합
625,R02A15,학문/교육,학원-창업취업취미,학원-미싱자수,P10625,교육 서비스업,기타 교육기관,기타 기술/직업 훈련학원,통합
626,R02A16,학문/교육,학원-창업취업취미,학원-병아리감별,P10625,교육 서비스업,기타 교육기관,기타 기술/직업 훈련학원,통합
627,R02A17,학문/교육,학원-창업취업취미,학원-복장,P10625,교육 서비스업,기타 교육기관,기타 기술/직업 훈련학원,통합
628,R02A18,학문/교육,학원-창업취업취미,학원-비디오,P10625,교육 서비스업,기타 교육기관,기타 기술/직업 훈련학원,통합
629,R02A19,학문/교육,학원-창업취업취미,학원-섬유기술,P10625,교육 서비스업,기타 교육기관,기타 기술/직업 훈련학원,통합
630,R02A20,학문/교육,학원-창업취업취미,학원-안경기술,P10625,교육 서비스업,기타 교육기관,기타 기술/직업 훈련학원,통합
631,R02A21,학문/교육,학원-창업취업취미,학원-용접기술,P10625,교육 서비스업,기타 교육기관,기타 기술/직업 훈련학원,통합
632,R02A22,학문/교육,학원-창업취업취미,학원-차트,P10625,교육 서비스업,기타 교육기관,기타 기술/직업 훈련학원,통합
633,R02A23,학문/교육,학원-창업취업취미,학원-텔렉스/통신,P10625,교육 서비스업,기타 교육기관,기타 기술/직업 훈련학원,통합
634,R02A24,학문/교육,학원-창업취업취미,학원-TV기술,P10625,교육 서비스업,기타 교육기관,기타 기술/직업 훈련학원,통합
635,R02A25,학문/교육,학원-창업취업취미,학원-편물기술,P10625,교육 서비스업,기타 교육기관,기타 기술/직업 훈련학원,통합
636,R02A26,학문/교육,학원-창업취업취미,학원-표구기술,P10625,교육 서비스업,기타 교육기관,기타 기술/직업 훈련학원,통합
637,R02A27,학문/교육,학원-창업취업취미,학원-피부미용,P10625,교육 서비스업,기타 교육기관,기타 기술/직업 훈련학원,통합
638,R02A28,학문/교육,학원-창업취업취미,학원-한복기술,P10625,교육 서비스업,기타 교육기관,기타 기술/직업 훈련학원,통합
639,R02A29,학문/교육,학원-창업취업취미,학원-세탁기술,P10625,교육 서비스업,기타 교육기관,기타 기술/직업 훈련학원,통합
640,R02A30,학문/교육,학원-창업취업취미,학원-양재,P10625,교육 서비스업,기타 교육기관,기타 기술/직업 훈련학원,통합
641,R02A31,학문/교육,학원-창업취업취미,학원-칵테일,P10625,교육 서비스업,기타 교육기관,기타 기술/직업 훈련학원,통합
642,R02A32,학문/교육,학원-창업취업취미,학원-스튜디어스,P10625,교육 서비스업,기타 교육기관,기타 기술/직업 훈련학원,통합
643,R02A33,학문/교육,학원-창업취업취미,학원-애견미용,P10625,교육 서비스업,기타 교육기관,기타 기술/직업 훈련학원,통합
644,R02A34,학문/교육,학원-창업취업취미,학원-캐디,P10625,교육 서비스업,기타 교육기관,기타 기술/직업 훈련학원,통합
645,R02A35,학문/교육,학원-창업취업취미,학원-목욕관리사,P10625,교육 서비스업,기타 교육기관,기타 기술/직업 훈련학원,통합
646,R02A36,학문/교육,학원-창업취업취미,학원-네일아트,P10625,교육 서비스업,기타 교육기관,기타 기술/직업 훈련학원,통합
647,R02A37,학문/교육,학원-창업취업취미,학원-캐드,P10625,교육 서비스업,기타 교육기관,기타 기술/직업 훈련학원,통합
648,R03A01,학문/교육,학원-자격/국가고시,학원-간호조무사,P10625,교육 서비스업,기타 교육기관,기타 기술/직업 훈련학원,통합
649,R03A02,학문/교육,학원-자격/국가고시,학원-건축토목기술,P10625,교육 서비스업,기타 교육기관,기타 기술/직업 훈련학원,통합
650,R03A04,학문/교육,학원-자격/국가고시,학원-관광통역,P10625,교육 서비스업,기타 교육기관,기타 기술/직업 훈련학원,통합
651,R03A07,학문/교육,학원-자격/국가고시,학원-기계/금형기술,P10625,교육 서비스업,기타 교육기관,기타 기술/직업 훈련학원,통합
652,R03A08,학문/교육,학원-자격/국가고시,학원-냉동열관리,P10625,교육 서비스업,기타 교육기관,기타 기술/직업 훈련학원,통합
653,R03A09,학문/교육,학원-자격/국가고시,학원-도배,P10625,교육 서비스업,기타 교육기관,기타 기술/직업 훈련학원,통합
654,R03A10,학문/교육,학원-자격/국가고시,학원-배관용접,P10625,교육 서비스업,기타 교육기관,기타 기술/직업 훈련학원,통합
655,R03A11,학문/교육,학원-자격/국가고시,학원-보석감정,P10625,교육 서비스업,기타 교육기관,기타 기술/직업 훈련학원,통합
656,R03A12,학문/교육,학원-자격/국가고시,학원-미용,P10625,교육 서비스업,기타 교육기관,기타 기술/직업 훈련학원,통합
657,R03A14,학문/교육,학원-자격/국가고시,학원-자동차정비,P10625,교육 서비스업,기타 교육기관,기타 기술/직업 훈련학원,통합
658,R03A15,학문/교육,학원-자격/국가고시,학원-전기기술,P10625,교육 서비스업,기타 교육기관,기타 기술/직업 훈련학원,통합
659,R03A16,학문/교육,학원-자격/국가고시,학원-전자통신,P10625,교육 서비스업,기타 교육기관,기타 기술/직업 훈련학원,통합
660,R03A17,학문/교육,학원-자격/국가고시,학원-제과기술,P10625,교육 서비스업,기타 교육기관,기타 기술/직업 훈련학원,통합
661,R03A18,학문/교육,학원-자격/국가고시,학원-중장비,P10625,교육 서비스업,기타 교육기관,기타 기술/직업 훈련학원,통합
662,R03A19,학문/교육,학원-자격/국가고시,학원-품질관리,P10625,교육 서비스업,기타 교육기관,기타 기술/직업 훈련학원,통합
663,R03A20,학문/교육,학원-자격/국가고시,학원-항공기술,P10625,교육 서비스업,기타 교육기관,기타 기술/직업 훈련학원,통합
664,R03A21,학문/교육,학원-자격/국가고시,학원-환경기사,P10625,교육 서비스업,기타 교육기관,기타 기술/직업 훈련학원,통합
665,R03A22,학문/교육,학원-자격/국가고시,학원-국가고시,P10625,교육 서비스업,기타 교육기관,기타 기술/직업 훈련학원,통합
666,R03A23,학문/교육,학원-자격/국가고시,학원-전자기술,P10625,교육 서비스업,기타 교육기관,기타 기술/직업 훈련학원,통합
667,R03A24,학문/교육,학원-자격/국가고시,학원-속기,P10625,교육 서비스업,기타 교육기관,기타 기술/직업 훈련학원,통합
668,R03A25,학문/교육,학원-자격/국가고시,학원-이용,P10625,교육 서비스업,기타 교육기관,기타 기술/직업 훈련학원,통합
669,R03A26,학문/교육,학원-자격/국가고시,학원-비파괴,P10625,교육 서비스업,기타 교육기관,기타 기술/직업 훈련학원,통합
670,R03A27,학문/교육,학원-자격/국가고시,학원-경찰,P10625,교육 서비스업,기타 교육기관,기타 기술/직업 훈련학원,통합
671,R07A02,학문/교육,학원-예능취미체육,학원-기억법,P10625,교육 서비스업,기타 교육기관,기타 기술/직업 훈련학원,통합
672,R07A05,학문/교육,학원-예능취미체육,학원-레크리에이션,P10625,교육 서비스업,기타 교육기관,기타 기술/직업 훈련학원,통합
673,R07A06,학문/교육,학원-예능취미체육,학원-배우/탤런트,P10625,교육 서비스업,기타 교육기관,기타 기술/직업 훈련학원,통합
674,R07A08,학문/교육,학원-예능취미체육,학원-사진,P10625,교육 서비스업,기타 교육기관,기타 기술/직업 훈련학원,통합
675,R07A09,학문/교육,학원-예능취미체육,학원-아트플라워,P10625,교육 서비스업,기타 교육기관,기타 기술/직업 훈련학원,통합
676,R09A01,학문/교육,학원기타,학원(종합),P10625,교육 서비스업,기타 교육기관,기타 기술/직업 훈련학원,통합
677,R09A02,학문/교육,학원기타,학원-모델,P10625,교육 서비스업,기타 교육기관,기타 기술/직업 훈련학원,통합
678,R09A05,학문/교육,학원기타,학원-역학,P10625,교육 서비스업,기타 교육기관,기타 기술/직업 훈련학원,통합
679,R09A06,학문/교육,학원기타,학원-침술,P10625,교육 서비스업,기타 교육기관,기타 기술/직업 훈련학원,통합
680,R09A07,학문/교육,학원기타,학원-심리변론,P10625,교육 서비스업,기타 교육기관,기타 기술/직업 훈련학원,통합
681,R09A08,학문/교육,학원기타,예절지도,P10625,교육 서비스업,기타 교육기관,기타 기술/직업 훈련학원,통합
682,R09A09,학문/교육,학원기타,학원-말더듬,P10625,교육 서비스업,기타 교육기관,기타 기술/직업 훈련학원,통합
683,R09A10,학문/교육,학원기타,비행훈련원,P10625,교육 서비스업,기타 교육기관,기타 기술/직업 훈련학원,통합
684,R09A11,학문/교육,학원기타,학원-기타,P10625,교육 서비스업,기타 교육기관,기타 기술/직업 훈련학원,통합
685,R11B07,학문/교육,학교,고등기술학교,P10625,교육 서비스업,기타 교육기관,기타 기술/직업 훈련학원,통합
686,R11B08,학문/교육,학교,고등공민학교,P10625,교육 서비스업,기타 교육기관,기타 기술/직업 훈련학원,통합
687,R11B09,학문/교육,학교,기타중등교육기관,P10625,교육 서비스업,기타 교육기관,기타 기술/직업 훈련학원,통합
688,R11B10,학문/교육,학교,신학대학,,,,,제외
689,R11B11,학문/교육,학교,직업전문학교,P10625,교육 서비스업,기타 교육기관,기타 기술/직업 훈련학원,통합
690,R11B12,학문/교육,학교,기타고등교육기관,P10625,교육 서비스업,기타 교육기관,기타 기술/직업 훈련학원,통합
691,R12B01,학문/교육,특수교육기관,특수학교,,,,,제외
692,R12B02,학문/교육,특수교육기관,특수교육기관-종합,,,,,제외
693,R12B03,학문/교육,특수교육기관,특수교육기관-기타,,,,,제외
694,R13A01,학문/교육,학문교육기타,학습지보급,,,,,제외
695,R20B03,학문/교육,기타교육기관,직업훈련소,P10625,교육 서비스업,기타 교육기관,기타 기술/직업 훈련학원,통합
696,R20B08,학문/교육,기타교육기관,적성검사,P10625,교육 서비스업,기타 교육기관,기타 기술/직업 훈련학원,유지
697,R06A01,학문/교육,학원-컴퓨터,컴퓨터학원,P10627,교육 서비스업,기타 교육기관,컴퓨터 학원,유지
698,R20B01,학문/교육,기타교육기관,문화센터,P10629,교육 서비스업,기타 교육기관,그 외 기타 교육기관,통합
699,R20B02,학문/교육,기타교육기관,학교-노인대학,P10629,교육 서비스업,기타 교육기관,그 외 기타 교육기관,통합
700,R20B06,학문/교육,기타교육기관,야학,P10629,교육 서비스업,기타 교육기관,그 외 기타 교육기관,통합
701,R20B07,학문/교육,기타교육기관,외국인학교,,,,,제외
702,R20B09,학문/교육,기타교육기관,향교,P10629,교육 서비스업,기타 교육기관,그 외 기타 교육기관,통합
703,,,,,P10701,교육 서비스업,교육 지원 서비스업,교육컨설팅업,추가
704,R13A02,학문/교육,학문교육기타,시험정보안내,P10799,교육 서비스업,교육 지원 서비스업,기타 교육지원 서비스업,통합
705,R13A03,학문/교육,학문교육기타,운동/코치학교,P10799,교육 서비스업,교육 지원 서비스업,기타 교육지원 서비스업,통합
706,,,,,Q10101,보건의료업,병원,종합병원,추가
707,,,,,Q10102,보건의료업,병원,일반병원,추가
708,,,,,Q10102,보건의료업,병원,일반병원,추가
709,,,,,Q10103,보건의료업,병원,치과병원,추가
710,,,,,Q10104,보건의료업,병원,한방병원,추가
711,,,,,Q10105,보건의료업,병원,요양병원,추가
712,,,,,Q10201,보건의료업,의원,내과/소아과 의원,추가
713,,,,,Q10202,보건의료업,의원,외과 의원,추가
714,,,,,Q10203,보건의료업,의원,신경/정신과 의원,추가
715,,,,,Q10204,보건의료업,의원,피부/비뇨기과 의원,추가
716,,,,,Q10205,보건의료업,의원,안과 의원,추가
717,,,,,Q10206,보건의료업,의원,이비인후과 의원,추가
718,,,,,Q10207,보건의료업,의원,산부인과 의원,추가
719,,,,,Q10208,보건의료업,의원,성형외과 의원,추가
720,,,,,Q10209,보건의료업,의원,기타 의원,추가
721,,,,,Q10210,보건의료업,의원,치과의원,추가
722,,,,,Q10211,보건의료업,의원,한의원,추가
723,,,,,Q10212,보건의료업,의원,방사선 진단/병리 검사 의원,추가
724,R14B01,학문/교육,연구소,자연과학연구개발-종합,,,,,제외
725,R14B02,학문/교육,연구소,공학연구소,,,,,제외
726,R14B03,학문/교육,연구소,물리연구소,,,,,제외
727,R14B04,학문/교육,연구소,화학연구소,,,,,제외
728,R14B05,학문/교육,연구소,생명과학연구소,,,,,제외
729,R14B06,학문/교육,연구소,농학연구소,,,,,제외
730,R14B07,학문/교육,연구소,의학연구소,,,,,제외
731,R14B08,학문/교육,연구소,양학연구소,,,,,제외
732,R14B09,학문/교육,연구소,수의학연구소,,,,,제외
733,R14B10,학문/교육,연구소,자연과학연구개발-기타,,,,,제외
734,R14B11,학문/교육,연구소,인문/사회과학연구개발-종합,,,,,제외
735,R14B12,학문/교육,연구소,사회과학연구소,,,,,제외
736,R14B13,학문/교육,연구소,경영연구소,,,,,제외
737,R14B14,학문/교육,연구소,경제연구소,,,,,제외
738,R14B15,학문/교육,연구소,인문/사회과학연구개발-기타,,,,,제외
739,R14B16,학문/교육,연구소,국립국어연구원,,,,,제외
740,,,,,Q10402,보건의료업,기타 보건업,유사 의료업,추가
741,R10A01,학문/교육,도서관/독서실,독서실,R10202,"예술, 스포츠 및 여가관련 서비스업","도서관, 사적지 및 유사 여가관련 서비스업",독서실/스터디 카페,유지
742,P02A14,스포츠,실내운동시설,스포츠센터,R10306,"예술, 스포츠 및 여가관련 서비스업",스포츠 서비스업,종합 스포츠시설,유지
743,P02A13,스포츠,실내운동시설,헬스클럽,R10307,"예술, 스포츠 및 여가관련 서비스업",스포츠 서비스업,헬스장,유지
744,P02A03,스포츠,실내운동시설,실내수영장,R10308,"예술, 스포츠 및 여가관련 서비스업",스포츠 서비스업,수영장,통합
745,P03A11,스포츠,실외운동시설,수영장,R10308,"예술, 스포츠 및 여가관련 서비스업",스포츠 서비스업,수영장,통합
746,P03A26,스포츠,실외운동시설,스킨스쿠버강습,R10308,"예술, 스포츠 및 여가관련 서비스업",스포츠 서비스업,수영장,통합
747,N01A06,관광/여가/오락,PC/오락/당구/볼링등,볼링장,R10309,"예술, 스포츠 및 여가관련 서비스업",스포츠 서비스업,볼링장,유지
748,N01A03,관광/여가/오락,PC/오락/당구/볼링등,당구장,R10310,"예술, 스포츠 및 여가관련 서비스업",스포츠 서비스업,당구장,통합
749,N01A07,관광/여가/오락,PC/오락/당구/볼링등,포켓볼장,R10310,"예술, 스포츠 및 여가관련 서비스업",스포츠 서비스업,당구장,통합
750,P02A10,스포츠,실내운동시설,실내골프연습장,R10311,"예술, 스포츠 및 여가관련 서비스업",스포츠 서비스업,골프 연습장,통합
751,P03A05,스포츠,실외운동시설,실외골프연습장,R10311,"예술, 스포츠 및 여가관련 서비스업",스포츠 서비스업,골프 연습장,통합
752,P02A02,스포츠,실내운동시설,실내테니스장,R10312,"예술, 스포츠 및 여가관련 서비스업",스포츠 서비스업,테니스장,통합
753,P03A10,스포츠,실외운동시설,테니스장,R10312,"예술, 스포츠 및 여가관련 서비스업",스포츠 서비스업,테니스장,통합
754,N01A05,관광/여가/오락,PC/오락/당구/볼링등,탁구장,R10313,"예술, 스포츠 및 여가관련 서비스업",스포츠 서비스업,탁구장,유지
755,N04A01,관광/여가/오락,스포츠/운동,실내야구연습장,R10314,"예술, 스포츠 및 여가관련 서비스업",스포츠 서비스업,기타 스포츠시설 운영업,통합
756,N04A02,관광/여가/오락,스포츠/운동,실내사격장,R10314,"예술, 스포츠 및 여가관련 서비스업",스포츠 서비스업,기타 스포츠시설 운영업,통합
757,N04A03,관광/여가/오락,스포츠/운동,실외야구연습장,R10314,"예술, 스포츠 및 여가관련 서비스업",스포츠 서비스업,기타 스포츠시설 운영업,통합
758,N04A04,관광/여가/오락,스포츠/운동,실내스케이트장,R10314,"예술, 스포츠 및 여가관련 서비스업",스포츠 서비스업,기타 스포츠시설 운영업,통합
759,N04A05,관광/여가/오락,스포츠/운동,롤러스케이트장,R10314,"예술, 스포츠 및 여가관련 서비스업",스포츠 서비스업,기타 스포츠시설 운영업,통합
760,N04A06,관광/여가/오락,스포츠/운동,서바이벌게임장,R10314,"예술, 스포츠 및 여가관련 서비스업",스포츠 서비스업,기타 스포츠시설 운영업,통합
761,N04A07,관광/여가/오락,스포츠/운동,스케이트장,R10314,"예술, 스포츠 및 여가관련 서비스업",스포츠 서비스업,기타 스포츠시설 운영업,통합
762,P02A01,스포츠,실내운동시설,체육관,R10314,"예술, 스포츠 및 여가관련 서비스업",스포츠 서비스업,기타 스포츠시설 운영업,통합
763,P02A08,스포츠,실내운동시설,실내궁도장,R10314,"예술, 스포츠 및 여가관련 서비스업",스포츠 서비스업,기타 스포츠시설 운영업,통합
764,P02A22,스포츠,실내운동시설,석궁장,R10314,"예술, 스포츠 및 여가관련 서비스업",스포츠 서비스업,기타 스포츠시설 운영업,통합
765,P02A99,스포츠,실내운동시설,기타실내운동시설,R10314,"예술, 스포츠 및 여가관련 서비스업",스포츠 서비스업,기타 스포츠시설 운영업,통합
766,P03A01,스포츠,실외운동시설,야구장,R10314,"예술, 스포츠 및 여가관련 서비스업",스포츠 서비스업,기타 스포츠시설 운영업,통합
767,P03A03,스포츠,실외운동시설,축구장,R10314,"예술, 스포츠 및 여가관련 서비스업",스포츠 서비스업,기타 스포츠시설 운영업,통합
768,P03A04,스포츠,실외운동시설,스키장,,,,,제외
769,P03A08,스포츠,실외운동시설,사격장,R10314,"예술, 스포츠 및 여가관련 서비스업",스포츠 서비스업,기타 스포츠시설 운영업,통합
770,P03A09,스포츠,실외운동시설,골프장,,,,,제외
771,P03A14,스포츠,실외운동시설,실외궁도장,R10314,"예술, 스포츠 및 여가관련 서비스업",스포츠 서비스업,기타 스포츠시설 운영업,통합
772,P03A15,스포츠,실외운동시설,승마장,R10314,"예술, 스포츠 및 여가관련 서비스업",스포츠 서비스업,기타 스포츠시설 운영업,통합
773,P03A16,스포츠,실외운동시설,게이트볼장,R10314,"예술, 스포츠 및 여가관련 서비스업",스포츠 서비스업,기타 스포츠시설 운영업,통합
774,P03A17,스포츠,실외운동시설,눈썰매장,,,,,제외
775,P03A20,스포츠,실외운동시설,패러글라이딩,R10314,"예술, 스포츠 및 여가관련 서비스업",스포츠 서비스업,기타 스포츠시설 운영업,통합
776,P03A21,스포츠,실외운동시설,행글라이더,R10314,"예술, 스포츠 및 여가관련 서비스업",스포츠 서비스업,기타 스포츠시설 운영업,통합
777,P03A22,스포츠,실외운동시설,번지점프,R10314,"예술, 스포츠 및 여가관련 서비스업",스포츠 서비스업,기타 스포츠시설 운영업,통합
778,P03A24,스포츠,실외운동시설,경비행기,R10314,"예술, 스포츠 및 여가관련 서비스업",스포츠 서비스업,기타 스포츠시설 운영업,통합
779,P03A25,스포츠,실외운동시설,인공암벽,R10314,"예술, 스포츠 및 여가관련 서비스업",스포츠 서비스업,기타 스포츠시설 운영업,통합
780,P03A31,스포츠,실외운동시설,풋살경기장,R10314,"예술, 스포츠 및 여가관련 서비스업",스포츠 서비스업,기타 스포츠시설 운영업,통합
781,P03A99,스포츠,실외운동시설,기타실외운동시설,R10314,"예술, 스포츠 및 여가관련 서비스업",스포츠 서비스업,기타 스포츠시설 운영업,통합
782,P02A25,스포츠,실내운동시설,스쿼시장,R10316,"예술, 스포츠 및 여가관련 서비스업",스포츠 서비스업,스쿼시/라켓볼장,유지
783,N01A02,관광/여가/오락,PC/오락/당구/볼링등,비디오감상실,R10402,"예술, 스포츠 및 여가관련 서비스업",유원지 및 기타 오락관련 서비스업,비디오방,유지
784,N01A08,관광/여가/오락,PC/오락/당구/볼링등,전자오락실,R10404,"예술, 스포츠 및 여가관련 서비스업",유원지 및 기타 오락관련 서비스업,전자 게임장,유지
785,N01A04,관광/여가/오락,PC/오락/당구/볼링등,오락용사격장,R10405,"예술, 스포츠 및 여가관련 서비스업",유원지 및 기타 오락관련 서비스업,기타 오락장,통합
786,N01A01,관광/여가/오락,PC/오락/당구/볼링등,인터넷PC방,R10406,"예술, 스포츠 및 여가관련 서비스업",유원지 및 기타 오락관련 서비스업,PC방,통합
787,N08A01,관광/여가/오락,경마/경륜/성인오락,게임룸,R10406,"예술, 스포츠 및 여가관련 서비스업",유원지 및 기타 오락관련 서비스업,PC방,통합
788,N08A02,관광/여가/오락,경마/경륜/성인오락,경마장,,,,,제외
789,N08A03,관광/여가/오락,경마/경륜/성인오락,경륜장,,,,,제외
790,N08A04,관광/여가/오락,경마/경륜/성인오락,카지노,,,,,제외
791,N08A05,관광/여가/오락,경마/경륜/성인오락,동물경기,,,,,제외
792,N02A01,관광/여가/오락,무도/유흥/가무,노래방,R10407,"예술, 스포츠 및 여가관련 서비스업",유원지 및 기타 오락관련 서비스업,노래방,유지
793,N04A08,관광/여가/오락,스포츠/운동,실내낚시,R10408,"예술, 스포츠 및 여가관련 서비스업",유원지 및 기타 오락관련 서비스업,낚시터 운영업,통합
794,N07A02,관광/여가/오락,놀이/여가/취미,낚시터,R10408,"예술, 스포츠 및 여가관련 서비스업",유원지 및 기타 오락관련 서비스업,낚시터 운영업,통합
795,N07A03,관광/여가/오락,놀이/여가/취미,주말농장,,,,,제외
796,N07A04,관광/여가/오락,놀이/여가/취미,휴양림,,,,,제외
797,N07A05,관광/여가/오락,놀이/여가/취미,유원지,,,,,제외
798,N07A06,관광/여가/오락,놀이/여가/취미,공원,,,,,제외
799,P03A19,스포츠,실외운동시설,래프팅,R10409,"예술, 스포츠 및 여가관련 서비스업",유원지 및 기타 오락관련 서비스업,수상/해양 레저업,통합
800,P03A23,스포츠,실외운동시설,수상스키,R10409,"예술, 스포츠 및 여가관련 서비스업",유원지 및 기타 오락관련 서비스업,수상/해양 레저업,통합
801,D25A02,소매,기타판매업,복권판매,R10410,"예술, 스포츠 및 여가관련 서비스업",유원지 및 기타 오락관련 서비스업,복권 발행/판매업,유지
802,D25A03,소매,기타판매업,노점/유사이동판매,,,,,제외
803,N01A09,관광/여가/오락,PC/오락/당구/볼링등,기원,R10414,"예술, 스포츠 및 여가관련 서비스업",유원지 및 기타 오락관련 서비스업,바둑/장기/체스 경기 운영업,유지
804,N07A07,관광/여가/오락,놀이/여가/취미,전망대,R10499,"예술, 스포츠 및 여가관련 서비스업",유원지 및 기타 오락관련 서비스업,기타 오락관련 서비스업,통합
805,N07A08,관광/여가/오락,놀이/여가/취미,놀이배,R10499,"예술, 스포츠 및 여가관련 서비스업",유원지 및 기타 오락관련 서비스업,기타 오락관련 서비스업,통합
806,N07A10,관광/여가/오락,놀이/여가/취미,해수욕장,,,,,제외
807,N07A11,관광/여가/오락,놀이/여가/취미,기타오락관련산업,R10499,"예술, 스포츠 및 여가관련 서비스업",유원지 및 기타 오락관련 서비스업,기타 오락관련 서비스업,통합
808,F03A07,생활서비스,개인/가정용품수리,컴퓨터수리,S20101,수리 및 개인 서비스업,컴퓨터 및 주변 기기 수리업,컴퓨터/노트북/프린터 수리업,유지
809,D06A06,소매,가방/신발/액세서리,휴대폰튜닝,S20201,수리 및 개인 서비스업,통신장비 수리업,핸드폰/통신장비 수리업,통합
810,F03A06,생활서비스,개인/가정용품수리,정보통신기기수리,S20201,수리 및 개인 서비스업,통신장비 수리업,핸드폰/통신장비 수리업,통합
811,F14A01,생활서비스,자동차/이륜차,자동차정비/카센타,S20301,수리 및 개인 서비스업,자동차 수리 및 세차업,자동차 정비소,통합
812,F14A06,생활서비스,자동차/이륜차,자동차등록/검사/폐차대행,S20301,수리 및 개인 서비스업,자동차 수리 및 세차업,자동차 정비소,통합
813,F14A07,생활서비스,자동차/이륜차,주차장운영,,,,,제외
814,F14A08,생활서비스,자동차/이륜차,자동차검사소,S20301,수리 및 개인 서비스업,자동차 수리 및 세차업,자동차 정비소,통합
815,F15A01,생활서비스,주택수리,주택수리종합,,,,,제외
816,F15A02,생활서비스,주택수리,미장타일도배도장,M11201,"전문, 과학 및 기술 서비스업",전문 디자인업,인테리어 디자인업,통합
817,F15A03,생활서비스,주택수리,배관난방보일러,,,,,제외
818,F15A04,생활서비스,주택수리,유리창호,M11201,"전문, 과학 및 기술 서비스업",전문 디자인업,인테리어 디자인업,통합
819,F15A05,생활서비스,주택수리,가스설비,,,,,제외
820,F15A06,생활서비스,주택수리,수도설비,,,,,제외
821,F15A07,생활서비스,주택수리,조립칸막이/파티션,M11201,"전문, 과학 및 기술 서비스업",전문 디자인업,인테리어 디자인업,통합
822,F14A04,생활서비스,자동차/이륜차,세차장,S20302,수리 및 개인 서비스업,자동차 수리 및 세차업,자동차 세차장,통합
823,F14A05,생활서비스,자동차/이륜차,광택전문,S20302,수리 및 개인 서비스업,자동차 수리 및 세차업,자동차 세차장,통합
824,F14A03,생활서비스,자동차/이륜차,오토바이판매/수리,S20401,수리 및 개인 서비스업,모터사이클 수리업,모터사이클 수리업,분리
825,F02A09,생활서비스,세탁/가사서비스,냉온수기소독/수리,S20501,수리 및 개인 서비스업,가전제품 수리업,가전제품 수리업,통합
826,F03A01,생활서비스,개인/가정용품수리,개인/가정용품수리-종합,S20501,수리 및 개인 서비스업,가전제품 수리업,가전제품 수리업,통합
827,F03A02,생활서비스,개인/가정용품수리,가전제품수리,S20501,수리 및 개인 서비스업,가전제품 수리업,가전제품 수리업,통합
828,F03A05,생활서비스,개인/가정용품수리,에어컨수리/설치,S20501,수리 및 개인 서비스업,가전제품 수리업,가전제품 수리업,통합
829,F03A08,생활서비스,개인/가정용품수리,옷수선,S20601,수리 및 개인 서비스업,기타 개인 및 가정용품 수리업,의류/이불 수선업,유지
830,F03A03,생활서비스,개인/가정용품수리,가방구두수전,S20602,수리 및 개인 서비스업,기타 개인 및 가정용품 수리업,가죽/가방/신발 수선업,통합
831,F03A09,생활서비스,개인/가정용품수리,가죽/모피수선,S20602,수리 및 개인 서비스업,기타 개인 및 가정용품 수리업,가죽/가방/신발 수선업,통합
832,F03A10,생활서비스,개인/가정용품수리,액세서리수선,S20603,수리 및 개인 서비스업,기타 개인 및 가정용품 수리업,시계/귀금속/악기 수리업,통합
833,F03A11,생활서비스,개인/가정용품수리,악기수선,S20603,수리 및 개인 서비스업,기타 개인 및 가정용품 수리업,시계/귀금속/악기 수리업,통합
834,F03A14,생활서비스,개인/가정용품수리,피아노조율,S20603,수리 및 개인 서비스업,기타 개인 및 가정용품 수리업,시계/귀금속/악기 수리업,통합
835,F03A04,생활서비스,개인/가정용품수리,가구수리,S20699,수리 및 개인 서비스업,기타 개인 및 가정용품 수리업,그 외 기타 개인/가정용품 수리업,통합
836,F03A12,생활서비스,개인/가정용품수리,열쇠제작,S20699,수리 및 개인 서비스업,기타 개인 및 가정용품 수리업,그 외 기타 개인/가정용품 수리업,통합
837,F03A13,생활서비스,개인/가정용품수리,골동품수리,S20699,수리 및 개인 서비스업,기타 개인 및 가정용품 수리업,그 외 기타 개인/가정용품 수리업,통합
838,F03A15,생활서비스,개인/가정용품수리,금고수리,S20699,수리 및 개인 서비스업,기타 개인 및 가정용품 수리업,그 외 기타 개인/가정용품 수리업,통합
839,F03A16,생활서비스,개인/가정용품수리,농기구수리,S20699,수리 및 개인 서비스업,기타 개인 및 가정용품 수리업,그 외 기타 개인/가정용품 수리업,통합
840,F04A01,생활서비스,운송/배달/택배,택배업,,,,,제외
841,F04A02,생활서비스,운송/배달/택배,퀵배달,,,,,제외
842,F04A04,생활서비스,운송/배달/택배,용달/개별화물,,,,,제외
843,F04A05,생활서비스,운송/배달/택배,화물운송대리,,,,,제외
844,F04A06,생활서비스,운송/배달/택배,종합이삿짐대행,,,,,제외
845,F04A07,생활서비스,운송/배달/택배,운전대행/대리운전,,,,,제외
846,F04A09,생활서비스,운송/배달/택배,피아노운반,,,,,제외
847,F04A10,생활서비스,운송/배달/택배,화물운송-용달,,,,,제외
848,F04A11,생활서비스,운송/배달/택배,물품보관소,,,,,제외
849,F04A12,생활서비스,운송/배달/택배,이삿짐보관,,,,,제외
850,F14A02,생활서비스,자동차/이륜차,자전거판매/수리,S20699,수리 및 개인 서비스업,기타 개인 및 가정용품 수리업,그 외 기타 개인/가정용품 수리업,통합
851,F01A01,생활서비스,이/미용/건강,여성미용실,S20701,수리 및 개인 서비스업,이용 및 미용업,미용실,통합
852,F01A04,생활서비스,이/미용/건강,남성미용실,S20701,수리 및 개인 서비스업,이용 및 미용업,미용실,통합
853,F01A05,생활서비스,이/미용/건강,미용실-어린이,S20701,수리 및 개인 서비스업,이용 및 미용업,미용실,통합
854,F01A03,생활서비스,이/미용/건강,비만/피부관리,S20702,수리 및 개인 서비스업,이용 및 미용업,피부 관리실,유지
855,F01A02,생활서비스,이/미용/건강,발/네일케어,S20703,수리 및 개인 서비스업,이용 및 미용업,네일숍,유지
856,F09A01,생활서비스,대중목욕탕/휴게,욕탕업-종합,S20801,수리 및 개인 서비스업,"욕탕, 마사지 및 기타 신체 관리 서비스업",목욕탕/사우나,통합
857,F09A02,생활서비스,대중목욕탕/휴게,사우나/증기탕/온천,S20801,수리 및 개인 서비스업,"욕탕, 마사지 및 기타 신체 관리 서비스업",목욕탕/사우나,통합
858,F09A03,생활서비스,대중목욕탕/휴게,목욕업-찜질방,S20801,수리 및 개인 서비스업,"욕탕, 마사지 및 기타 신체 관리 서비스업",목욕탕/사우나,통합
859,N05A04,관광/여가/오락,요가/단전/마사지,지압원,S20802,수리 및 개인 서비스업,"욕탕, 마사지 및 기타 신체 관리 서비스업",마사지/안마,통합
860,N05A06,관광/여가/오락,요가/단전/마사지,스포츠마사지,S20802,수리 및 개인 서비스업,"욕탕, 마사지 및 기타 신체 관리 서비스업",마사지/안마,통합
861,N05A07,관광/여가/오락,요가/단전/마사지,안마시술소,S20802,수리 및 개인 서비스업,"욕탕, 마사지 및 기타 신체 관리 서비스업",마사지/안마,통합
862,N05A08,관광/여가/오락,요가/단전/마사지,활기원,S20802,수리 및 개인 서비스업,"욕탕, 마사지 및 기타 신체 관리 서비스업",마사지/안마,통합
863,N06B01,관광/여가/오락,전시/관람,미술관/박물관,,,,,제외
864,N06B02,관광/여가/오락,전시/관람,식물원/동물원,,,,,제외
865,N06B03,관광/여가/오락,전시/관람,과학관/전시관,,,,,제외
866,N06B04,관광/여가/오락,전시/관람,박물관/사적지관리,,,,,제외
867,N06B05,관광/여가/오락,전시/관람,동물원/식물원,,,,,제외
868,N06B06,관광/여가/오락,전시/관람,자연학습원,,,,,제외
869,N06B07,관광/여가/오락,전시/관람,박물관/사적지관리,,,,,제외
870,N06B08,관광/여가/오락,전시/관람,유적지,,,,,제외
871,N06B09,관광/여가/오락,전시/관람,문화원,,,,,제외
872,N06B10,관광/여가/오락,전시/관람,국립중앙박물관,,,,,제외
873,N06B11,관광/여가/오락,전시/관람,국립민속박물관,,,,,제외
874,N06B12,관광/여가/오락,전시/관람,국립현대미술관,,,,,제외
875,N07A01,관광/여가/오락,놀이/여가/취미,종합위락시설,,,,,제외
876,N05A02,관광/여가/오락,요가/단전/마사지,단전호흡,S20803,수리 및 개인 서비스업,"욕탕, 마사지 및 기타 신체 관리 서비스업",체형/비만 관리,통합
877,N05A03,관광/여가/오락,요가/단전/마사지,체형미교실,S20803,수리 및 개인 서비스업,"욕탕, 마사지 및 기타 신체 관리 서비스업",체형/비만 관리,통합
878,N05A05,관광/여가/오락,요가/단전/마사지,단식원,S20803,수리 및 개인 서비스업,"욕탕, 마사지 및 기타 신체 관리 서비스업",체형/비만 관리,통합
879,F02A01,생활서비스,세탁/가사서비스,세탁소/빨래방,S20901,수리 및 개인 서비스업,세탁업,세탁소,통합
880,F02A02,생활서비스,세탁/가사서비스,신발세탁,S20901,수리 및 개인 서비스업,세탁업,세탁소,통합
881,F02A03,생활서비스,세탁/가사서비스,세탁대행,S20901,수리 및 개인 서비스업,세탁업,세탁소,통합
882,F02A04,생활서비스,세탁/가사서비스,방앗간/정미소,,,,,제외
883,F02A06,생활서비스,세탁/가사서비스,소파침대카펫트세탁,S20901,수리 및 개인 서비스업,세탁업,세탁소,통합
884,F02A07,생활서비스,세탁/가사서비스,솜틀집,,,,,제외
885,F02A08,생활서비스,세탁/가사서비스,가죽모피세탁,S20901,수리 및 개인 서비스업,세탁업,세탁소,통합
886,,,,,S20902,수리 및 개인 서비스업,세탁업,셀프 빨래방,추가
887,F18A01,생활서비스,장례/묘지,장의사/관련서비스-종합,S21001,수리 및 개인 서비스업,장례식장 및 관련 서비스업,장례식장,유지
888,F18A02,생활서비스,장례/묘지,묘지관리-종합,S21002,수리 및 개인 서비스업,장례식장 및 관련 서비스업,화장터/묘지/납골당,유지
889,F17A01,생활서비스,예식/의례/관혼상제,예식장/예식서비스,S21101,수리 및 개인 서비스업,기타 개인서비스,예식장업,통합
890,F17A02,생활서비스,예식/의례/관혼상제,회갑연서비스,S21101,수리 및 개인 서비스업,기타 개인서비스,예식장업,통합
891,F17A03,생활서비스,예식/의례/관혼상제,제사음식,S21101,수리 및 개인 서비스업,기타 개인서비스,예식장업,통합
892,F17A04,생활서비스,예식/의례/관혼상제,폐백전문,S21101,수리 및 개인 서비스업,기타 개인서비스,예식장업,통합
893,F17A05,생활서비스,예식/의례/관혼상제,결혼상담소,S21105,수리 및 개인 서비스업,기타 개인서비스,결혼 상담 서비스업,유지
