period,district,category,store_count,qoq_pct,yoy_pct,quarter,is_quarter_end_snapshot,is_main
2024-03-01,대덕구,과학·기술,576,,,2024Q1,True,False
2024-03-01,대덕구,교육,245,,,2024Q1,True,False
2024-03-01,대덕구,보건의료,46,,,2024Q1,True,False
2024-03-01,대덕구,부동산,201,,,2024Q1,True,False
2024-03-01,대덕구,소매,2209,,,2024Q1,True,False
2024-03-01,대덕구,수리·개인,1238,,,2024Q1,True,False
2024-03-01,대덕구,숙박,79,,,2024Q1,True,False
2024-03-01,대덕구,시설관리·임대,319,,,2024Q1,True,False
2024-03-01,대덕구,예술·스포츠,465,,,2024Q1,True,False
2024-03-01,대덕구,음식,2726,,,2024Q1,True,False
2024-03-01,동구,과학·기술,825,,,2024Q1,True,False
2024-03-01,동구,교육,297,,,2024Q1,True,False
2024-03-01,동구,보건의료,84,,,2024Q1,True,False
2024-03-01,동구,부동산,361,,,2024Q1,True,False
2024-03-01,동구,소매,3130,,,2024Q1,True,False
2024-03-01,동구,수리·개인,1392,,,2024Q1,True,False
2024-03-01,동구,숙박,171,,,2024Q1,True,False
2024-03-01,동구,시설관리·임대,368,,,2024Q1,True,False
2024-03-01,동구,예술·스포츠,467,,,2024Q1,True,False
2024-03-01,동구,음식,3395,,,2024Q1,True,False
2024-03-01,서구,과학·기술,2674,,,2024Q1,True,False
2024-03-01,서구,교육,1293,,,2024Q1,True,False
2024-03-01,서구,보건의료,351,,,2024Q1,True,False
2024-03-01,서구,부동산,954,,,2024Q1,True,False
2024-03-01,서구,소매,5723,,,2024Q1,True,False
2024-03-01,서구,수리·개인,3344,,,2024Q1,True,False
2024-03-01,서구,숙박,121,,,2024Q1,True,False
2024-03-01,서구,시설관리·임대,948,,,2024Q1,True,False
2024-03-01,서구,예술·스포츠,1207,,,2024Q1,True,False
2024-03-01,서구,음식,7320,,,2024Q1,True,False
2024-03-01,유성구,과학·기술,1520,,,2024Q1,True,False
2024-03-01,유성구,교육,946,,,2024Q1,True,False
2024-03-01,유성구,보건의료,171,,,2024Q1,True,False
2024-03-01,유성구,부동산,695,,,2024Q1,True,False
2024-03-01,유성구,소매,4393,,,2024Q1,True,False
2024-03-01,유성구,수리·개인,2145,,,2024Q1,True,False
2024-03-01,유성구,숙박,128,,,2024Q1,True,False
2024-03-01,유성구,시설관리·임대,630,,,2024Q1,True,False
2024-03-01,유성구,예술·스포츠,811,,,2024Q1,True,False
2024-03-01,유성구,음식,6160,,,2024Q1,True,False
2024-03-01,중구,과학·기술,823,,,2024Q1,True,False
2024-03-01,중구,교육,419,,,2024Q1,True,False
2024-03-01,중구,보건의료,104,,,2024Q1,True,False
2024-03-01,중구,부동산,322,,,2024Q1,True,False
2024-03-01,중구,소매,3594,,,2024Q1,True,False
2024-03-01,중구,수리·개인,1612,,,2024Q1,True,False
2024-03-01,중구,숙박,159,,,2024Q1,True,False
2024-03-01,중구,시설관리·임대,498,,,2024Q1,True,False
2024-03-01,중구,예술·스포츠,545,,,2024Q1,True,False
2024-03-01,중구,음식,3863,,,2024Q1,True,False
2024-06-01,대덕구,과학·기술,572,-0.69444444,,2024Q2,True,False
2024-06-01,대덕구,교육,245,0.00000000,,2024Q2,True,False
2024-06-01,대덕구,보건의료,46,0.00000000,,2024Q2,True,False
2024-06-01,대덕구,부동산,194,-3.48258706,,2024Q2,True,False
2024-06-01,대덕구,소매,2175,-1.53915799,,2024Q2,True,False
2024-06-01,대덕구,수리·개인,1231,-0.56542811,,2024Q2,True,False
2024-06-01,대덕구,숙박,78,-1.26582278,,2024Q2,True,False
2024-06-01,대덕구,시설관리·임대,322,0.94043887,,2024Q2,True,False
2024-06-01,대덕구,예술·스포츠,447,-3.87096774,,2024Q2,True,False
2024-06-01,대덕구,음식,2662,-2.34776229,,2024Q2,True,False
2024-06-01,동구,과학·기술,815,-1.21212121,,2024Q2,True,False
2024-06-01,동구,교육,296,-0.33670034,,2024Q2,True,False
2024-06-01,동구,보건의료,83,-1.19047619,,2024Q2,True,False
2024-06-01,동구,부동산,361,0.00000000,,2024Q2,True,False
2024-06-01,동구,소매,3074,-1.78913738,,2024Q2,True,False
2024-06-01,동구,수리·개인,1381,-0.79022989,,2024Q2,True,False
2024-06-01,동구,숙박,168,-1.75438596,,2024Q2,True,False
2024-06-01,동구,시설관리·임대,367,-0.27173913,,2024Q2,True,False
2024-06-01,동구,예술·스포츠,458,-1.92719486,,2024Q2,True,False
2024-06-01,동구,음식,3302,-2.73932253,,2024Q2,True,False
2024-06-01,서구,과학·기술,2651,-0.86013463,,2024Q2,True,False
2024-06-01,서구,교육,1266,-2.08816705,,2024Q2,True,False
2024-06-01,서구,보건의료,351,0.00000000,,2024Q2,True,False
2024-06-01,서구,부동산,932,-2.30607966,,2024Q2,True,False
2024-06-01,서구,소매,5627,-1.67744190,,2024Q2,True,False
2024-06-01,서구,수리·개인,3312,-0.95693780,,2024Q2,True,False
2024-06-01,서구,숙박,126,4.13223140,,2024Q2,True,False
2024-06-01,서구,시설관리·임대,960,1.26582278,,2024Q2,True,False
2024-06-01,서구,예술·스포츠,1176,-2.56835128,,2024Q2,True,False
2024-06-01,서구,음식,7115,-2.80054645,,2024Q2,True,False
2024-06-01,유성구,과학·기술,1519,-0.06578947,,2024Q2,True,False
2024-06-01,유성구,교육,934,-1.26849894,,2024Q2,True,False
2024-06-01,유성구,보건의료,168,-1.75438596,,2024Q2,True,False
2024-06-01,유성구,부동산,681,-2.01438849,,2024Q2,True,False
2024-06-01,유성구,소매,4307,-1.95765991,,2024Q2,True,False
2024-06-01,유성구,수리·개인,2136,-0.41958042,,2024Q2,True,False
2024-06-01,유성구,숙박,124,-3.12500000,,2024Q2,True,False
2024-06-01,유성구,시설관리·임대,626,-0.63492063,,2024Q2,True,False
2024-06-01,유성구,예술·스포츠,786,-3.08261406,,2024Q2,True,False
2024-06-01,유성구,음식,6012,-2.40259740,,2024Q2,True,False
2024-06-01,중구,과학·기술,816,-0.85054678,,2024Q2,True,False
2024-06-01,중구,교육,413,-1.43198091,,2024Q2,True,False
2024-06-01,중구,보건의료,104,0.00000000,,2024Q2,True,False
2024-06-01,중구,부동산,319,-0.93167702,,2024Q2,True,False
2024-06-01,중구,소매,3533,-1.69727323,,2024Q2,True,False
2024-06-01,중구,수리·개인,1605,-0.43424318,,2024Q2,True,False
2024-06-01,중구,숙박,160,0.62893082,,2024Q2,True,False
2024-06-01,중구,시설관리·임대,493,-1.00401606,,2024Q2,True,False
2024-06-01,중구,예술·스포츠,521,-4.40366972,,2024Q2,True,False
2024-06-01,중구,음식,3782,-2.09681595,,2024Q2,True,False
2024-09-01,대덕구,과학·기술,566,-1.04895105,,2024Q3,True,False
2024-09-01,대덕구,교육,239,-2.44897959,,2024Q3,True,False
2024-09-01,대덕구,보건의료,45,-2.17391304,,2024Q3,True,False
2024-09-01,대덕구,부동산,192,-1.03092784,,2024Q3,True,False
2024-09-01,대덕구,소매,2127,-2.20689655,,2024Q3,True,False
2024-09-01,대덕구,수리·개인,1208,-1.86839968,,2024Q3,True,False
2024-09-01,대덕구,숙박,76,-2.56410256,,2024Q3,True,False
2024-09-01,대덕구,시설관리·임대,316,-1.86335404,,2024Q3,True,False
2024-09-01,대덕구,예술·스포츠,437,-2.23713647,,2024Q3,True,False
2024-09-01,대덕구,음식,2567,-3.56874530,,2024Q3,True,False
2024-09-01,동구,과학·기술,806,-1.10429448,,2024Q3,True,False
2024-09-01,동구,교육,289,-2.36486486,,2024Q3,True,False
2024-09-01,동구,보건의료,83,0.00000000,,2024Q3,True,False
2024-09-01,동구,부동산,356,-1.38504155,,2024Q3,True,False
2024-09-01,동구,소매,3012,-2.01691607,,2024Q3,True,False
2024-09-01,동구,수리·개인,1362,-1.37581463,,2024Q3,True,False
2024-09-01,동구,숙박,167,-0.59523810,,2024Q3,True,False
2024-09-01,동구,시설관리·임대,364,-0.81743869,,2024Q3,True,False
2024-09-01,동구,예술·스포츠,441,-3.71179039,,2024Q3,True,False
2024-09-01,동구,음식,3177,-3.78558449,,2024Q3,True,False
2024-09-01,서구,과학·기술,2623,-1.05620521,,2024Q3,True,False
2024-09-01,서구,교육,1248,-1.42180095,,2024Q3,True,False
2024-09-01,서구,보건의료,348,-0.85470085,,2024Q3,True,False
2024-09-01,서구,부동산,907,-2.68240343,,2024Q3,True,False
2024-09-01,서구,소매,5488,-2.47023281,,2024Q3,True,False
2024-09-01,서구,수리·개인,3245,-2.02294686,,2024Q3,True,False
2024-09-01,서구,숙박,123,-2.38095238,,2024Q3,True,False
2024-09-01,서구,시설관리·임대,946,-1.45833333,,2024Q3,True,False
2024-09-01,서구,예술·스포츠,1140,-3.06122449,,2024Q3,True,False
2024-09-01,서구,음식,6790,-4.56781448,,2024Q3,True,False
2024-09-01,유성구,과학·기술,1492,-1.77748519,,2024Q3,True,False
2024-09-01,유성구,교육,923,-1.17773019,,2024Q3,True,False
2024-09-01,유성구,보건의료,164,-2.38095238,,2024Q3,True,False
2024-09-01,유성구,부동산,669,-1.76211454,,2024Q3,True,False
2024-09-01,유성구,소매,4202,-2.43789180,,2024Q3,True,False
2024-09-01,유성구,수리·개인,2102,-1.59176030,,2024Q3,True,False
2024-09-01,유성구,숙박,124,0.00000000,,2024Q3,True,False
2024-09-01,유성구,시설관리·임대,617,-1.43769968,,2024Q3,True,False
2024-09-01,유성구,예술·스포츠,771,-1.90839695,,2024Q3,True,False
2024-09-01,유성구,음식,5779,-3.87558217,,2024Q3,True,False
2024-09-01,중구,과학·기술,798,-2.20588235,,2024Q3,True,False
2024-09-01,중구,교육,405,-1.93704600,,2024Q3,True,False
2024-09-01,중구,보건의료,104,0.00000000,,2024Q3,True,False
2024-09-01,중구,부동산,311,-2.50783699,,2024Q3,True,False
2024-09-01,중구,소매,3350,-5.17973394,,2024Q3,True,False
2024-09-01,중구,수리·개인,1587,-1.12149533,,2024Q3,True,False
2024-09-01,중구,숙박,157,-1.87500000,,2024Q3,True,False
2024-09-01,중구,시설관리·임대,487,-1.21703854,,2024Q3,True,False
2024-09-01,중구,예술·스포츠,504,-3.26295585,,2024Q3,True,False
2024-09-01,중구,음식,3633,-3.93971444,,2024Q3,True,False
2024-12-01,대덕구,과학·기술,587,3.71024735,,2024Q4,True,False
2024-12-01,대덕구,교육,289,20.92050209,,2024Q4,True,False
2024-12-01,대덕구,보건의료,58,28.88888889,,2024Q4,True,False
2024-12-01,대덕구,부동산,202,5.20833333,,2024Q4,True,False
2024-12-01,대덕구,소매,2295,7.89844852,,2024Q4,True,False
2024-12-01,대덕구,수리·개인,1337,10.67880795,,2024Q4,True,False
2024-12-01,대덕구,숙박,84,10.52631579,,2024Q4,True,False
2024-12-01,대덕구,시설관리·임대,358,13.29113924,,2024Q4,True,False
2024-12-01,대덕구,예술·스포츠,481,10.06864989,,2024Q4,True,False
2024-12-01,대덕구,음식,2864,11.56992598,,2024Q4,True,False
2024-12-01,동구,과학·기술,877,8.80893300,,2024Q4,True,False
2024-12-01,동구,교육,609,110.72664360,,2024Q4,True,False
2024-12-01,동구,보건의료,361,334.93975904,,2024Q4,True,False
2024-12-01,동구,부동산,364,2.24719101,,2024Q4,True,False
2024-12-01,동구,소매,3566,18.39309429,,2024Q4,True,False
2024-12-01,동구,수리·개인,1529,12.26138032,,2024Q4,True,False
2024-12-01,동구,숙박,177,5.98802395,,2024Q4,True,False
2024-12-01,동구,시설관리·임대,428,17.58241758,,2024Q4,True,False
2024-12-01,동구,예술·스포츠,490,11.11111111,,2024Q4,True,False
2024-12-01,동구,음식,3569,12.33868429,,2024Q4,True,False
2024-12-01,서구,과학·기술,2870,9.41669844,,2024Q4,True,False
2024-12-01,서구,교육,2319,85.81730769,,2024Q4,True,False
2024-12-01,서구,보건의료,939,169.82758621,,2024Q4,True,False
2024-12-01,서구,부동산,940,3.63836825,,2024Q4,True,False
2024-12-01,서구,소매,6380,16.25364431,,2024Q4,True,False
2024-12-01,서구,수리·개인,3728,14.88443760,,2024Q4,True,False
2024-12-01,서구,숙박,148,20.32520325,,2024Q4,True,False
2024-12-01,서구,시설관리·임대,1146,21.14164905,,2024Q4,True,False
2024-12-01,서구,예술·스포츠,1272,11.57894737,,2024Q4,True,False
2024-12-01,서구,음식,7755,14.21207658,,2024Q4,True,False
2024-12-01,유성구,과학·기술,1664,11.52815013,,2024Q4,True,False
2024-12-01,유성구,교육,1174,27.19393283,,2024Q4,True,False
2024-12-01,유성구,보건의료,205,25.00000000,,2024Q4,True,False
2024-12-01,유성구,부동산,709,5.97907324,,2024Q4,True,False
2024-12-01,유성구,소매,4606,9.61446930,,2024Q4,True,False
2024-12-01,유성구,수리·개인,2359,12.22645100,,2024Q4,True,False
2024-12-01,유성구,숙박,133,7.25806452,,2024Q4,True,False
2024-12-01,유성구,시설관리·임대,685,11.02106969,,2024Q4,True,False
2024-12-01,유성구,예술·스포츠,885,14.78599222,,2024Q4,True,False
2024-12-01,유성구,음식,6575,13.77400934,,2024Q4,True,False
2024-12-01,중구,과학·기술,880,10.27568922,,2024Q4,True,False
2024-12-01,중구,교육,818,101.97530864,,2024Q4,True,False
2024-12-01,중구,보건의료,367,252.88461538,,2024Q4,True,False
2024-12-01,중구,부동산,342,9.96784566,,2024Q4,True,False
2024-12-01,중구,소매,4010,19.70149254,,2024Q4,True,False
2024-12-01,중구,수리·개인,1737,9.45179584,,2024Q4,True,False
2024-12-01,중구,숙박,179,14.01273885,,2024Q4,True,False
2024-12-01,중구,시설관리·임대,591,21.35523614,,2024Q4,True,False
2024-12-01,중구,예술·스포츠,573,13.69047619,,2024Q4,True,False
2024-12-01,중구,음식,4075,12.16625378,,2024Q4,True,False
2025-03-01,대덕구,과학·기술,585,-0.34071550,1.56250000,2025Q1,True,True
2025-03-01,대덕구,교육,290,0.34602076,18.36734694,2025Q1,True,True
2025-03-01,대덕구,보건의료,60,3.44827586,30.43478261,2025Q1,True,True
2025-03-01,대덕구,부동산,201,-0.49504950,0.00000000,2025Q1,True,True
2025-03-01,대덕구,소매,2187,-4.70588235,-0.99592576,2025Q1,True,True
2025-03-01,대덕구,수리·개인,1291,-3.44053852,4.28109855,2025Q1,True,True
2025-03-01,대덕구,숙박,83,-1.19047619,5.06329114,2025Q1,True,True
2025-03-01,대덕구,시설관리·임대,351,-1.95530726,10.03134796,2025Q1,True,True
2025-03-01,대덕구,예술·스포츠,473,-1.66320166,1.72043011,2025Q1,True,True
2025-03-01,대덕구,음식,2736,-4.46927374,0.36683786,2025Q1,True,True
2025-03-01,동구,과학·기술,876,-0.11402509,6.18181818,2025Q1,True,True
2025-03-01,동구,교육,598,-1.80623974,101.34680135,2025Q1,True,True
2025-03-01,동구,보건의료,357,-1.10803324,325.00000000,2025Q1,True,True
2025-03-01,동구,부동산,361,-0.82417582,0.00000000,2025Q1,True,True
2025-03-01,동구,소매,3385,-5.07571509,8.14696486,2025Q1,True,True
2025-03-01,동구,수리·개인,1475,-3.53172008,5.96264368,2025Q1,True,True
2025-03-01,동구,숙박,173,-2.25988701,1.16959064,2025Q1,True,True
2025-03-01,동구,시설관리·임대,429,0.23364486,16.57608696,2025Q1,True,True
2025-03-01,동구,예술·스포츠,472,-3.67346939,1.07066381,2025Q1,True,True
2025-03-01,동구,음식,3422,-4.11880078,0.79528719,2025Q1,True,True
2025-03-01,서구,과학·기술,2870,0.00000000,7.32984293,2025Q1,True,True
2025-03-01,서구,교육,2353,1.46614920,81.97989172,2025Q1,True,True
2025-03-01,서구,보건의료,941,0.21299255,168.09116809,2025Q1,True,True
2025-03-01,서구,부동산,938,-0.21276596,-1.67714885,2025Q1,True,True
2025-03-01,서구,소매,6068,-4.89028213,6.02830683,2025Q1,True,True
2025-03-01,서구,수리·개인,3553,-4.69420601,6.25000000,2025Q1,True,True
2025-03-01,서구,숙박,152,2.70270270,25.61983471,2025Q1,True,True
2025-03-01,서구,시설관리·임대,1137,-0.78534031,19.93670886,2025Q1,True,True
2025-03-01,서구,예술·스포츠,1238,-2.67295597,2.56835128,2025Q1,True,True
2025-03-01,서구,음식,7336,-5.40296583,0.21857923,2025Q1,True,True
2025-03-01,유성구,과학·기술,1648,-0.96153846,8.42105263,2025Q1,True,True
2025-03-01,유성구,교육,1210,3.06643952,27.90697674,2025Q1,True,True
2025-03-01,유성구,보건의료,214,4.39024390,25.14619883,2025Q1,True,True
2025-03-01,유성구,부동산,710,0.14104372,2.15827338,2025Q1,True,True
2025-03-01,유성구,소매,4423,-3.97307859,0.68290462,2025Q1,True,True
2025-03-01,유성구,수리·개인,2271,-3.73039423,5.87412587,2025Q1,True,True
2025-03-01,유성구,숙박,135,1.50375940,5.46875000,2025Q1,True,True
2025-03-01,유성구,시설관리·임대,688,0.43795620,9.20634921,2025Q1,True,True
2025-03-01,유성구,예술·스포츠,864,-2.37288136,6.53514180,2025Q1,True,True
2025-03-01,유성구,음식,6316,-3.93916350,2.53246753,2025Q1,True,True
2025-03-01,중구,과학·기술,860,-2.27272727,4.49574727,2025Q1,True,True
2025-03-01,중구,교육,823,0.61124694,96.42004773,2025Q1,True,True
2025-03-01,중구,보건의료,365,-0.54495913,250.96153846,2025Q1,True,True
2025-03-01,중구,부동산,337,-1.46198830,4.65838509,2025Q1,True,True
2025-03-01,중구,소매,3790,-5.48628429,5.45353367,2025Q1,True,True
2025-03-01,중구,수리·개인,1674,-3.62694301,3.84615385,2025Q1,True,True
2025-03-01,중구,숙박,180,0.55865922,13.20754717,2025Q1,True,True
2025-03-01,중구,시설관리·임대,598,1.18443316,20.08032129,2025Q1,True,True
2025-03-01,중구,예술·스포츠,556,-2.96684119,2.01834862,2025Q1,True,True
2025-03-01,중구,음식,3851,-5.49693252,-0.31063940,2025Q1,True,True
2025-06-01,대덕구,과학·기술,594,1.53846154,3.84615385,2025Q2,True,True
2025-06-01,대덕구,교육,294,1.37931034,20.00000000,2025Q2,True,True
2025-06-01,대덕구,보건의료,60,0.00000000,30.43478261,2025Q2,True,True
2025-06-01,대덕구,부동산,199,-0.99502488,2.57731959,2025Q2,True,True
2025-06-01,대덕구,소매,2174,-0.59442158,-0.04597701,2025Q2,True,True
2025-06-01,대덕구,수리·개인,1303,0.92951201,5.84890333,2025Q2,True,True
2025-06-01,대덕구,숙박,84,1.20481928,7.69230769,2025Q2,True,True
2025-06-01,대덕구,시설관리·임대,359,2.27920228,11.49068323,2025Q2,True,True
2025-06-01,대덕구,예술·스포츠,470,-0.63424947,5.14541387,2025Q2,True,True
2025-06-01,대덕구,음식,2709,-0.98684211,1.76558978,2025Q2,True,True
2025-06-01,동구,과학·기술,874,-0.22831050,7.23926380,2025Q2,True,True
2025-06-01,동구,교육,594,-0.66889632,100.67567568,2025Q2,True,True
2025-06-01,동구,보건의료,361,1.12044818,334.93975904,2025Q2,True,True
2025-06-01,동구,부동산,356,-1.38504155,-1.38504155,2025Q2,True,True
2025-06-01,동구,소매,3358,-0.79763663,9.23877684,2025Q2,True,True
2025-06-01,동구,수리·개인,1471,-0.27118644,6.51701665,2025Q2,True,True
2025-06-01,동구,숙박,175,1.15606936,4.16666667,2025Q2,True,True
2025-06-01,동구,시설관리·임대,445,3.72960373,21.25340599,2025Q2,True,True
2025-06-01,동구,예술·스포츠,460,-2.54237288,0.43668122,2025Q2,True,True
2025-06-01,동구,음식,3347,-2.19170076,1.36281042,2025Q2,True,True
2025-06-01,서구,과학·기술,2896,0.90592334,9.24179555,2025Q2,True,True
2025-06-01,서구,교육,2346,-0.29749256,85.30805687,2025Q2,True,True
2025-06-01,서구,보건의료,942,0.10626993,168.37606838,2025Q2,True,True
2025-06-01,서구,부동산,929,-0.95948827,-0.32188841,2025Q2,True,True
2025-06-01,서구,소매,6018,-0.82399473,6.94864048,2025Q2,True,True
2025-06-01,서구,수리·개인,3589,1.01322826,8.36352657,2025Q2,True,True
2025-06-01,서구,숙박,158,3.94736842,25.39682540,2025Q2,True,True
2025-06-01,서구,시설관리·임대,1168,2.72647318,21.66666667,2025Q2,True,True
2025-06-01,서구,예술·스포츠,1241,0.24232633,5.52721088,2025Q2,True,True
2025-06-01,서구,음식,7214,-1.66303162,1.39142656,2025Q2,True,True
2025-06-01,유성구,과학·기술,1694,2.79126214,11.52073733,2025Q2,True,True
2025-06-01,유성구,교육,1229,1.57024793,31.58458244,2025Q2,True,True
2025-06-01,유성구,보건의료,212,-0.93457944,26.19047619,2025Q2,True,True
2025-06-01,유성구,부동산,708,-0.28169014,3.96475771,2025Q2,True,True
2025-06-01,유성구,소매,4391,-0.72349084,1.95031344,2025Q2,True,True
2025-06-01,유성구,수리·개인,2294,1.01276970,7.39700375,2025Q2,True,True
2025-06-01,유성구,숙박,135,0.00000000,8.87096774,2025Q2,True,True
2025-06-01,유성구,시설관리·임대,699,1.59883721,11.66134185,2025Q2,True,True
2025-06-01,유성구,예술·스포츠,851,-1.50462963,8.26972010,2025Q2,True,True
2025-06-01,유성구,음식,6199,-1.85243825,3.11044578,2025Q2,True,True
2025-06-01,중구,과학·기술,873,1.51162791,6.98529412,2025Q2,True,True
2025-06-01,중구,교육,817,-0.72904010,97.82082324,2025Q2,True,True
2025-06-01,중구,보건의료,361,-1.09589041,247.11538462,2025Q2,True,True
2025-06-01,중구,부동산,336,-0.29673591,5.32915361,2025Q2,True,True
2025-06-01,중구,소매,3766,-0.63324538,6.59496179,2025Q2,True,True
2025-06-01,중구,수리·개인,1672,-0.11947431,4.17445483,2025Q2,True,True
2025-06-01,중구,숙박,183,1.66666667,14.37500000,2025Q2,True,True
2025-06-01,중구,시설관리·임대,601,0.50167224,21.90669371,2025Q2,True,True
2025-06-01,중구,예술·스포츠,554,-0.35971223,6.33397313,2025Q2,True,True
2025-06-01,중구,음식,3842,-0.23370553,1.58646219,2025Q2,True,True
2025-10-01,대덕구,과학·기술,598,,,2025Q4,False,False
2025-10-01,대덕구,교육,319,,,2025Q4,False,False
2025-10-01,대덕구,보건의료,62,,,2025Q4,False,False
2025-10-01,대덕구,부동산,227,,,2025Q4,False,False
2025-10-01,대덕구,소매,2228,,,2025Q4,False,False
2025-10-01,대덕구,수리·개인,1331,,,2025Q4,False,False
2025-10-01,대덕구,숙박,82,,,2025Q4,False,False
2025-10-01,대덕구,시설관리·임대,358,,,2025Q4,False,False
2025-10-01,대덕구,예술·스포츠,457,,,2025Q4,False,False
2025-10-01,대덕구,음식,2644,,,2025Q4,False,False
2025-10-01,동구,과학·기술,880,,,2025Q4,False,False
2025-10-01,동구,교육,635,,,2025Q4,False,False
2025-10-01,동구,보건의료,360,,,2025Q4,False,False
2025-10-01,동구,부동산,399,,,2025Q4,False,False
2025-10-01,동구,소매,3422,,,2025Q4,False,False
2025-10-01,동구,수리·개인,1514,,,2025Q4,False,False
2025-10-01,동구,숙박,174,,,2025Q4,False,False
2025-10-01,동구,시설관리·임대,447,,,2025Q4,False,False
2025-10-01,동구,예술·스포츠,455,,,2025Q4,False,False
2025-10-01,동구,음식,3313,,,2025Q4,False,False
2025-10-01,서구,과학·기술,2897,,,2025Q4,False,False
2025-10-01,서구,교육,2469,,,2025Q4,False,False
2025-10-01,서구,보건의료,955,,,2025Q4,False,False
2025-10-01,서구,부동산,1054,,,2025Q4,False,False
2025-10-01,서구,소매,6127,,,2025Q4,False,False
2025-10-01,서구,수리·개인,3679,,,2025Q4,False,False
2025-10-01,서구,숙박,155,,,2025Q4,False,False
2025-10-01,서구,시설관리·임대,1144,,,2025Q4,False,False
2025-10-01,서구,예술·스포츠,1237,,,2025Q4,False,False
2025-10-01,서구,음식,7047,,,2025Q4,False,False
2025-10-01,유성구,과학·기술,1693,,,2025Q4,False,False
2025-10-01,유성구,교육,1299,,,2025Q4,False,False
2025-10-01,유성구,보건의료,214,,,2025Q4,False,False
2025-10-01,유성구,부동산,885,,,2025Q4,False,False
2025-10-01,유성구,소매,4472,,,2025Q4,False,False
2025-10-01,유성구,수리·개인,2345,,,2025Q4,False,False
2025-10-01,유성구,숙박,137,,,2025Q4,False,False
2025-10-01,유성구,시설관리·임대,699,,,2025Q4,False,False
2025-10-01,유성구,예술·스포츠,835,,,2025Q4,False,False
2025-10-01,유성구,음식,6074,,,2025Q4,False,False
2025-10-01,중구,과학·기술,875,,,2025Q4,False,False
2025-10-01,중구,교육,862,,,2025Q4,False,False
2025-10-01,중구,보건의료,364,,,2025Q4,False,False
2025-10-01,중구,부동산,385,,,2025Q4,False,False
2025-10-01,중구,소매,3807,,,2025Q4,False,False
2025-10-01,중구,수리·개인,1707,,,2025Q4,False,False
2025-10-01,중구,숙박,180,,,2025Q4,False,False
2025-10-01,중구,시설관리·임대,599,,,2025Q4,False,False
2025-10-01,중구,예술·스포츠,556,,,2025Q4,False,False
2025-10-01,중구,음식,3761,,,2025Q4,False,False
2025-12-01,대덕구,과학·기술,598,,1.87393526,2025Q4,True,True
2025-12-01,대덕구,교육,317,,9.68858131,2025Q4,True,True
2025-12-01,대덕구,보건의료,62,,6.89655172,2025Q4,True,True
2025-12-01,대덕구,부동산,222,,9.90099010,2025Q4,True,True
2025-12-01,대덕구,소매,2231,,-2.78867102,2025Q4,True,True
2025-12-01,대덕구,수리·개인,1326,,-0.82273747,2025Q4,True,True
2025-12-01,대덕구,숙박,81,,-3.57142857,2025Q4,True,True
2025-12-01,대덕구,시설관리·임대,348,,-2.79329609,2025Q4,True,True
2025-12-01,대덕구,예술·스포츠,457,,-4.98960499,2025Q4,True,True
2025-12-01,대덕구,음식,2631,,-8.13547486,2025Q4,True,True
2025-12-01,동구,과학·기술,875,,-0.22805017,2025Q4,True,True
2025-12-01,동구,교육,624,,2.46305419,2025Q4,True,True
2025-12-01,동구,보건의료,359,,-0.55401662,2025Q4,True,True
2025-12-01,동구,부동산,387,,6.31868132,2025Q4,True,True
2025-12-01,동구,소매,3415,,-4.23443634,2025Q4,True,True
2025-12-01,동구,수리·개인,1516,,-0.85022891,2025Q4,True,True
2025-12-01,동구,숙박,172,,-2.82485876,2025Q4,True,True
2025-12-01,동구,시설관리·임대,443,,3.50467290,2025Q4,True,True
2025-12-01,동구,예술·스포츠,459,,-6.32653061,2025Q4,True,True
2025-12-01,동구,음식,3298,,-7.59316335,2025Q4,True,True
2025-12-01,서구,과학·기술,2874,,0.13937282,2025Q4,True,True
2025-12-01,서구,교육,2447,,5.51962053,2025Q4,True,True
2025-12-01,서구,보건의료,957,,1.91693291,2025Q4,True,True
2025-12-01,서구,부동산,1026,,9.14893617,2025Q4,True,True
2025-12-01,서구,소매,6156,,-3.51097179,2025Q4,True,True
2025-12-01,서구,수리·개인,3717,,-0.29506438,2025Q4,True,True
2025-12-01,서구,숙박,153,,3.37837838,2025Q4,True,True
2025-12-01,서구,시설관리·임대,1127,,-1.65794066,2025Q4,True,True
2025-12-01,서구,예술·스포츠,1241,,-2.43710692,2025Q4,True,True
2025-12-01,서구,음식,7032,,-9.32301741,2025Q4,True,True
2025-12-01,유성구,과학·기술,1685,,1.26201923,2025Q4,True,True
2025-12-01,유성구,교육,1314,,11.92504259,2025Q4,True,True
2025-12-01,유성구,보건의료,217,,5.85365854,2025Q4,True,True
2025-12-01,유성구,부동산,860,,21.29760226,2025Q4,True,True
2025-12-01,유성구,소매,4494,,-2.43161094,2025Q4,True,True
2025-12-01,유성구,수리·개인,2358,,-0.04239084,2025Q4,True,True
2025-12-01,유성구,숙박,135,,1.50375940,2025Q4,True,True
2025-12-01,유성구,시설관리·임대,678,,-1.02189781,2025Q4,True,True
2025-12-01,유성구,예술·스포츠,840,,-5.08474576,2025Q4,True,True
2025-12-01,유성구,음식,6080,,-7.52851711,2025Q4,True,True
2025-12-01,중구,과학·기술,864,,-1.81818182,2025Q4,True,True
2025-12-01,중구,교육,849,,3.78973105,2025Q4,True,True
2025-12-01,중구,보건의료,363,,-1.08991826,2025Q4,True,True
2025-12-01,중구,부동산,372,,8.77192982,2025Q4,True,True
2025-12-01,중구,소매,3803,,-5.16209476,2025Q4,True,True
2025-12-01,중구,수리·개인,1700,,-2.13010938,2025Q4,True,True
2025-12-01,중구,숙박,177,,-1.11731844,2025Q4,True,True
2025-12-01,중구,시설관리·임대,590,,-0.16920474,2025Q4,True,True
2025-12-01,중구,예술·스포츠,554,,-3.31588133,2025Q4,True,True
2025-12-01,중구,음식,3762,,-7.68098160,2025Q4,True,True
2026-03-01,대덕구,과학·기술,591,-1.17056856,1.02564103,2026Q1,True,True
2026-03-01,대덕구,교육,319,0.63091483,10.00000000,2026Q1,True,True
2026-03-01,대덕구,보건의료,62,0.00000000,3.33333333,2026Q1,True,True
2026-03-01,대덕구,부동산,219,-1.35135135,8.95522388,2026Q1,True,True
2026-03-01,대덕구,소매,2242,0.49305244,2.51486054,2026Q1,True,True
2026-03-01,대덕구,수리·개인,1344,1.35746606,4.10534469,2026Q1,True,True
2026-03-01,대덕구,숙박,80,-1.23456790,-3.61445783,2026Q1,True,True
2026-03-01,대덕구,시설관리·임대,341,-2.01149425,-2.84900285,2026Q1,True,True
2026-03-01,대덕구,예술·스포츠,458,0.21881838,-3.17124736,2026Q1,True,True
2026-03-01,대덕구,음식,2662,1.17825922,-2.70467836,2026Q1,True,True
2026-03-01,동구,과학·기술,864,-1.25714286,-1.36986301,2026Q1,True,True
2026-03-01,동구,교육,615,-1.44230769,2.84280936,2026Q1,True,True
2026-03-01,동구,보건의료,361,0.55710306,1.12044818,2026Q1,True,True
2026-03-01,동구,부동산,379,-2.06718346,4.98614958,2026Q1,True,True
2026-03-01,동구,소매,3436,0.61493411,1.50664697,2026Q1,True,True
2026-03-01,동구,수리·개인,1519,0.19788918,2.98305085,2026Q1,True,True
2026-03-01,동구,숙박,174,1.16279070,0.57803468,2026Q1,True,True
2026-03-01,동구,시설관리·임대,440,-0.67720090,2.56410256,2026Q1,True,True
2026-03-01,동구,예술·스포츠,461,0.43572985,-2.33050847,2026Q1,True,True
2026-03-01,동구,음식,3331,1.00060643,-2.65926359,2026Q1,True,True
2026-03-01,서구,과학·기술,2847,-0.93945720,-0.80139373,2026Q1,True,True
2026-03-01,서구,교육,2447,0.00000000,3.99490013,2026Q1,True,True
2026-03-01,서구,보건의료,960,0.31347962,2.01912859,2026Q1,True,True
2026-03-01,서구,부동산,1000,-2.53411306,6.60980810,2026Q1,True,True
2026-03-01,서구,소매,6202,0.74723847,2.20830587,2026Q1,True,True
2026-03-01,서구,수리·개인,3756,1.04923325,5.71348156,2026Q1,True,True
2026-03-01,서구,숙박,153,0.00000000,0.65789474,2026Q1,True,True
2026-03-01,서구,시설관리·임대,1109,-1.59716060,-2.46262093,2026Q1,True,True
2026-03-01,서구,예술·스포츠,1253,0.96696213,1.21163166,2026Q1,True,True
2026-03-01,서구,음식,7158,1.79180887,-2.42639040,2026Q1,True,True
2026-03-01,유성구,과학·기술,1677,-0.47477745,1.75970874,2026Q1,True,True
2026-03-01,유성구,교육,1318,0.30441400,8.92561983,2026Q1,True,True
2026-03-01,유성구,보건의료,223,2.76497696,4.20560748,2026Q1,True,True
2026-03-01,유성구,부동산,837,-2.67441860,17.88732394,2026Q1,True,True
2026-03-01,유성구,소매,4475,-0.42278594,1.17567262,2026Q1,True,True
2026-03-01,유성구,수리·개인,2380,0.93299406,4.79964773,2026Q1,True,True
2026-03-01,유성구,숙박,138,2.22222222,2.22222222,2026Q1,True,True
2026-03-01,유성구,시설관리·임대,655,-3.39233038,-4.79651163,2026Q1,True,True
2026-03-01,유성구,예술·스포츠,866,3.09523810,0.23148148,2026Q1,True,True
2026-03-01,유성구,음식,6150,1.15131579,-2.62824573,2026Q1,True,True
2026-03-01,중구,과학·기술,863,-0.11574074,0.34883721,2026Q1,True,True
2026-03-01,중구,교육,843,-0.70671378,2.43013366,2026Q1,True,True
2026-03-01,중구,보건의료,361,-0.55096419,-1.09589041,2026Q1,True,True
2026-03-01,중구,부동산,362,-2.68817204,7.41839763,2026Q1,True,True
2026-03-01,중구,소매,3829,0.68367079,1.02902375,2026Q1,True,True
2026-03-01,중구,수리·개인,1692,-0.47058824,1.07526882,2026Q1,True,True
2026-03-01,중구,숙박,174,-1.69491525,-3.33333333,2026Q1,True,True
2026-03-01,중구,시설관리·임대,574,-2.71186441,-4.01337793,2026Q1,True,True
2026-03-01,중구,예술·스포츠,553,-0.18050542,-0.53956835,2026Q1,True,True
2026-03-01,중구,음식,3854,2.44550771,0.07790184,2026Q1,True,True
2026-06-01,대덕구,과학·기술,630,6.59898477,6.06060606,2026Q2,True,True
2026-06-01,대덕구,교육,318,-0.31347962,8.16326531,2026Q2,True,True
2026-06-01,대덕구,보건의료,61,-1.61290323,1.66666667,2026Q2,True,True
2026-06-01,대덕구,부동산,217,-0.91324201,9.04522613,2026Q2,True,True
2026-06-01,대덕구,소매,2225,-0.75825156,2.34590616,2026Q2,True,True
2026-06-01,대덕구,수리·개인,1364,1.48809524,4.68150422,2026Q2,True,True
2026-06-01,대덕구,숙박,87,8.75000000,3.57142857,2026Q2,True,True
2026-06-01,대덕구,시설관리·임대,379,11.14369501,5.57103064,2026Q2,True,True
2026-06-01,대덕구,예술·스포츠,477,4.14847162,1.48936170,2026Q2,True,True
2026-06-01,대덕구,음식,2745,3.11795642,1.32890365,2026Q2,True,True
2026-06-01,동구,과학·기술,903,4.51388889,3.31807780,2026Q2,True,True
2026-06-01,동구,교육,614,-0.16260163,3.36700337,2026Q2,True,True
2026-06-01,동구,보건의료,354,-1.93905817,-1.93905817,2026Q2,True,True
2026-06-01,동구,부동산,383,1.05540897,7.58426966,2026Q2,True,True
2026-06-01,동구,소매,3416,-0.58207218,1.72721858,2026Q2,True,True
2026-06-01,동구,수리·개인,1577,3.81830151,7.20598232,2026Q2,True,True
2026-06-01,동구,숙박,195,12.06896552,11.42857143,2026Q2,True,True
2026-06-01,동구,시설관리·임대,500,13.63636364,12.35955056,2026Q2,True,True
2026-06-01,동구,예술·스포츠,472,2.38611714,2.60869565,2026Q2,True,True
2026-06-01,동구,음식,3410,2.37166016,1.88228264,2026Q2,True,True
2026-06-01,서구,과학·기술,3090,8.53530032,6.69889503,2026Q2,True,True
2026-06-01,서구,교육,2367,-3.26930936,0.89514066,2026Q2,True,True
2026-06-01,서구,보건의료,949,-1.14583333,0.74309979,2026Q2,True,True
2026-06-01,서구,부동산,1016,1.60000000,9.36490850,2026Q2,True,True
2026-06-01,서구,소매,6252,0.80619155,3.88833500,2026Q2,True,True
2026-06-01,서구,수리·개인,3859,2.74227902,7.52298690,2026Q2,True,True
2026-06-01,서구,숙박,219,43.13725490,38.60759494,2026Q2,True,True
2026-06-01,서구,시설관리·임대,1276,15.05861136,9.24657534,2026Q2,True,True
2026-06-01,서구,예술·스포츠,1309,4.46927374,5.47945205,2026Q2,True,True
2026-06-01,서구,음식,7416,3.60435876,2.80011090,2026Q2,True,True
2026-06-01,유성구,과학·기술,1867,11.32975552,10.21251476,2026Q2,True,True
2026-06-01,유성구,교육,1270,-3.64188164,3.33604557,2026Q2,True,True
2026-06-01,유성구,보건의료,222,-0.44843049,4.71698113,2026Q2,True,True
2026-06-01,유성구,부동산,830,-0.83632019,17.23163842,2026Q2,True,True
2026-06-01,유성구,소매,4477,0.04469274,1.95855158,2026Q2,True,True
2026-06-01,유성구,수리·개인,2427,1.97478992,5.79773322,2026Q2,True,True
2026-06-01,유성구,숙박,148,7.24637681,9.62962963,2026Q2,True,True
2026-06-01,유성구,시설관리·임대,749,14.35114504,7.15307582,2026Q2,True,True
2026-06-01,유성구,예술·스포츠,859,-0.80831409,0.94007051,2026Q2,True,True
2026-06-01,유성구,음식,6292,2.30894309,1.50024197,2026Q2,True,True
2026-06-01,중구,과학·기술,915,6.02549247,4.81099656,2026Q2,True,True
2026-06-01,중구,교육,830,-1.54211151,1.59118727,2026Q2,True,True
2026-06-01,중구,보건의료,358,-0.83102493,-0.83102493,2026Q2,True,True
2026-06-01,중구,부동산,357,-1.38121547,6.25000000,2026Q2,True,True
2026-06-01,중구,소매,3844,0.39174719,2.07116304,2026Q2,True,True
2026-06-01,중구,수리·개인,1762,4.13711584,5.38277512,2026Q2,True,True
2026-06-01,중구,숙박,255,46.55172414,39.34426230,2026Q2,True,True
2026-06-01,중구,시설관리·임대,603,5.05226481,0.33277870,2026Q2,True,True
2026-06-01,중구,예술·스포츠,572,3.43580470,3.24909747,2026Q2,True,True
2026-06-01,중구,음식,3987,3.45096004,3.77407600,2026Q2,True,True
