dong_code,district,dong,store_count,population,supply_density_per_1000,low_population_flag,elderly_share_pct,youth_share_pct,hhi,leading_category,leading_share_pct,lq_교육 서비스업,lq_보건의료업,lq_부동산업,"lq_사업시설 관리, 사업 지원 및 임대 서비스업",lq_소매업,lq_수리 및 개인 서비스업,lq_숙박업,"lq_예술, 스포츠 및 여가관련 서비스업",lq_음식점업,"lq_전문, 과학 및 기술 서비스업",period,baseline_stores,surviving_stores,survival_pct
30110515,동구,중앙동,1922,3284,585.26,False,44.28,14.37,0.3255,소매업,51.46,0.199,1.102,0.38,0.538,2.004,0.398,3.242,0.33,0.728,1.1,2026-03-01,1791,1479,82.58
30110530,동구,효동,1179,29268,40.28,False,17.1,23.53,0.1984,음식점업,30.2,1.817,1.83,0.906,0.385,1.011,0.917,0.093,1.3,1.025,0.37,2026-03-01,1034,743,71.86
30110545,동구,신인동,400,14690,27.23,False,24.28,24.04,0.1891,음식점업,29.25,0.993,0.899,1.475,0.882,0.964,1.213,1.093,1.04,0.993,0.661,2026-03-01,336,271,80.65
30110551,동구,판암1동,395,11601,34.05,False,30.53,20.39,0.1897,음식점업,29.11,0.934,3.035,0.925,0.766,0.966,1.21,0.0,0.998,0.988,0.524,2026-03-01,294,238,80.95
30110552,동구,판암2동,160,7601,21.05,False,44.73,14.43,0.2477,음식점업,35.62,0.177,1.249,0.527,0.945,1.193,1.057,1.367,0.821,1.209,0.503,2026-03-01,136,98,72.06
30110560,동구,용운동,874,20730,42.16,False,20.78,28.26,0.1985,음식점업,31.12,0.99,1.235,0.804,0.692,0.918,1.329,0.876,1.403,1.057,0.5,2026-03-01,811,598,73.74
30110585,동구,대동,589,13251,44.45,False,22.12,20.75,0.1869,음식점업,29.88,1.011,2.51,1.479,1.284,0.979,0.949,0.0,0.892,1.014,0.488,2026-03-01,500,389,77.8
30110590,동구,자양동,687,10738,63.98,False,22.33,36.81,0.2379,음식점업,40.9,0.537,0.349,1.555,1.064,0.731,1.124,0.318,1.37,1.389,0.468,2026-03-01,675,510,75.56
30110620,동구,가양1동,617,12670,48.7,False,27.64,22.84,0.2103,음식점업,33.06,0.552,0.453,1.184,1.634,0.978,1.156,1.063,0.532,1.122,0.801,2026-03-01,585,444,75.9
30110630,동구,가양2동,898,17985,49.93,False,23.79,25.98,0.2085,음식점업,30.4,0.9,1.38,0.782,0.814,1.076,1.253,0.609,0.804,1.032,0.563,2026-03-01,826,641,77.6
30110640,동구,용전동,1340,19567,68.48,False,19.94,33.03,0.1849,음식점업,27.69,0.466,0.984,1.154,1.091,1.043,1.075,5.711,0.915,0.94,0.84,2026-03-01,1219,938,76.95
30110665,동구,성남동,530,10323,51.34,False,29.25,19.52,0.1915,음식점업,29.06,0.856,2.187,0.954,1.141,1.021,1.138,0.619,0.785,0.986,0.65,2026-03-01,457,372,81.4
30110670,동구,홍도동,510,10759,47.4,False,23.34,31.22,0.2059,음식점업,33.53,0.528,0.784,1.047,1.532,0.97,0.937,0.429,1.416,1.138,0.743,2026-03-01,467,351,75.16
30110695,동구,삼성동,724,12893,56.15,False,30.88,18.73,0.1911,"전문, 과학 및 기술 서비스업",27.9,0.588,0.662,0.699,1.81,0.995,0.904,0.604,0.574,0.53,3.205,2026-03-01,694,585,84.29
30110725,동구,대청동,126,2086,60.4,False,47.12,11.6,0.4399,음식점업,62.7,0.563,0.317,0.446,0.4,0.804,0.117,1.735,0.521,2.128,0.365,2026-03-01,117,100,85.47
30110740,동구,산내동,629,20873,30.13,False,22.84,18.54,0.1939,음식점업,28.62,0.925,1.08,0.938,1.202,1.071,1.064,1.564,0.626,0.971,0.895,2026-03-01,548,428,78.1
30140535,중구,은행선화동,2011,24072,83.54,False,14.05,30.94,0.198,소매업,30.33,0.896,0.994,0.88,1.353,1.181,0.669,1.413,0.871,0.942,1.177,2026-03-01,1964,1481,75.41
30140550,중구,목동,481,17347,27.73,False,12.13,22.83,0.1832,음식점업,25.16,3.214,0.914,1.169,0.367,0.818,0.948,0.0,1.138,0.854,0.597,2026-03-01,356,271,76.12
30140560,중구,중촌동,649,14932,43.46,False,23.25,24.35,0.1857,음식점업,27.12,0.809,0.8,0.909,1.592,0.99,1.28,0.168,1.012,0.921,0.921,2026-03-01,581,477,82.1
30140575,중구,대흥동,1777,12082,147.08,False,20.94,31.63,0.2512,음식점업,34.33,0.75,0.675,0.427,0.596,1.328,0.588,2.769,0.628,1.165,0.84,2026-03-01,1540,1055,68.51
30140605,중구,문창동,528,4057,130.15,False,37.91,15.78,0.2408,소매업,36.17,0.269,0.454,0.266,1.241,1.409,1.044,5.384,0.746,0.971,0.435,2026-03-01,485,386,79.59
30140620,중구,석교동,534,13460,39.67,False,36.17,17.22,0.1999,소매업,30.9,0.478,1.048,0.842,1.793,1.203,1.322,0.0,0.779,0.814,0.861,2026-03-01,507,402,79.29
30140630,중구,대사동,457,5166,88.46,False,31.84,30.45,0.2348,음식점업,37.64,0.714,1.137,0.738,0.993,1.006,0.981,1.435,0.623,1.278,0.528,2026-03-01,430,343,79.77
30140640,중구,부사동,492,5822,84.51,False,34.95,17.66,0.2448,소매업,35.37,0.432,1.381,0.685,0.768,1.377,0.717,1.778,0.845,1.083,0.63,2026-03-01,426,326,76.53
30140655,중구,용두동,535,9762,54.8,False,20.34,32.73,0.1835,소매업,28.79,1.193,1.12,1.366,1.225,1.121,1.251,1.022,0.491,0.787,0.795,2026-03-01,510,390,76.47
30140670,중구,오류동,889,9742,91.25,False,26.98,25.21,0.2123,음식점업,37.01,0.638,2.113,0.695,1.219,0.876,0.612,1.23,1.33,1.256,0.905,2026-03-01,799,605,75.72
30140680,중구,태평1동,583,12004,48.57,False,22.79,19.56,0.2161,소매업,31.05,1.241,1.508,0.723,0.562,1.209,1.072,0.188,1.051,0.99,0.335,2026-03-01,498,394,79.12
30140690,중구,태평2동,433,23217,18.65,False,25.8,18.16,0.2124,소매업,35.8,1.081,0.923,1.103,0.931,1.394,1.104,0.757,0.758,0.745,0.637,2026-03-01,388,314,80.93
30140700,중구,유천1동,683,5726,119.28,False,29.67,23.31,0.2102,음식점업,36.46,1.246,0.936,0.453,0.664,0.844,0.818,3.842,1.635,1.238,0.505,2026-03-01,665,499,75.04
30140710,중구,유천2동,703,12392,56.73,False,31.72,21.66,0.1846,음식점업,28.59,0.908,1.535,0.919,1.291,0.914,1.318,0.156,1.09,0.971,0.719,2026-03-01,657,497,75.65
30140720,중구,문화1동,671,20041,33.48,False,21.77,20.9,0.1932,음식점업,28.61,1.543,1.846,0.754,1.089,1.062,0.975,1.141,0.913,0.971,0.36,2026-03-01,594,433,72.9
30140730,중구,문화2동,401,10964,36.57,False,32.29,18.44,0.2018,소매업,28.68,0.99,1.296,0.841,0.628,1.117,1.43,0.545,0.819,0.897,0.63,2026-03-01,351,287,81.77
30140740,중구,산성동,1278,24206,52.8,False,31.26,17.77,0.2024,소매업,31.14,0.388,0.813,0.924,1.735,1.213,1.312,0.77,1.028,0.837,0.692,2026-03-01,1188,957,80.56
30170510,서구,복수동,635,20740,30.62,False,17.95,21.97,0.193,음식점업,31.97,2.055,0.629,1.018,0.913,0.748,1.169,0.0,1.207,1.085,0.47,2026-03-01,529,400,75.61
30170520,서구,도마1동,1243,17913,69.39,False,25.34,27.62,0.2425,소매업,37.49,0.582,0.965,1.198,0.892,1.46,0.864,0.44,0.792,0.959,0.481,2026-03-01,1105,881,79.73
30170530,서구,도마2동,763,19192,39.76,False,26.4,24.2,0.1852,소매업,27.52,0.688,2.357,1.768,1.156,1.072,1.176,0.143,0.717,0.885,0.617,2026-03-01,661,527,79.73
30170535,서구,정림동,581,14475,40.14,False,29.4,18.26,0.2072,소매업,29.95,1.025,1.444,0.629,0.434,1.166,1.215,0.0,1.13,0.941,0.672,2026-03-01,522,417,79.89
30170540,서구,변동,656,12149,54.0,False,28.0,21.06,0.1728,소매업,25.91,0.476,0.67,1.414,2.382,1.009,1.21,0.167,0.567,0.719,1.629,2026-03-01,678,536,79.06
30170550,서구,용문동,746,19171,38.91,False,16.45,33.93,0.1629,음식점업,23.46,0.989,1.125,1.846,1.351,0.908,1.331,2.198,0.763,0.796,0.909,2026-03-01,647,505,78.05
30170555,서구,탄방동,2778,31149,89.18,False,12.91,35.21,0.1721,소매업,26.06,1.236,1.841,0.84,1.125,1.015,1.194,0.354,0.946,0.803,0.993,2026-03-01,2533,1931,76.23
30170560,서구,괴정동,1955,18068,108.2,False,14.71,42.72,0.2046,소매업,29.72,0.595,0.797,1.078,1.083,1.157,1.23,0.615,0.907,0.938,0.793,2026-03-01,1804,1314,72.84
30170570,서구,가장동,369,10313,35.78,False,25.72,22.95,0.1786,소매업,25.47,0.999,0.866,0.99,1.639,0.992,1.614,0.0,0.831,0.736,0.903,2026-03-01,369,283,76.69
30170575,서구,내동,658,21507,30.59,False,22.78,22.0,0.1693,소매업,24.32,1.854,1.093,1.068,0.996,0.947,1.475,0.0,0.632,0.676,1.065,2026-03-01,551,435,78.95
30170581,서구,갈마1동,1162,20553,56.54,False,19.52,35.78,0.1897,음식점업,30.72,0.781,0.722,0.871,1.15,0.814,1.348,1.129,0.904,1.043,1.137,2026-03-01,1093,782,71.55
30170582,서구,갈마2동,1255,22980,54.61,False,14.35,39.23,0.1898,음식점업,32.59,1.006,0.605,0.918,1.386,0.766,1.16,0.174,1.36,1.106,0.943,2026-03-01,1154,832,72.1
30170586,서구,월평1동,1264,10988,115.03,False,16.07,44.6,0.1852,음식점업,30.7,0.606,0.569,1.134,1.775,0.78,1.315,1.211,0.97,1.042,1.045,2026-03-01,1228,901,73.37
30170587,서구,월평2동,895,13142,68.1,False,29.52,20.04,0.1473,음식점업,22.35,2.06,1.965,0.691,1.098,0.683,0.665,0.733,1.761,0.759,1.848,2026-03-01,764,564,73.82
30170588,서구,월평3동,169,19633,8.61,False,19.55,22.27,0.2,소매업,31.36,2.77,0.946,1.829,0.597,1.221,1.131,0.0,0.389,0.623,0.272,2026-03-01,89,73,82.02
30170590,서구,가수원동,442,9875,44.76,False,28.64,20.1,0.1892,음식점업,26.92,0.899,0.633,1.208,2.224,1.04,1.231,0.247,0.842,0.914,0.52,2026-03-01,390,306,78.46
30170593,서구,도안동,2114,36402,58.07,False,7.91,26.43,0.1726,음식점업,29.0,1.919,0.794,1.263,0.894,0.706,1.113,0.103,1.087,0.984,1.049,2026-03-01,1827,1334,73.02
30170596,서구,관저1동,548,14339,38.22,False,17.34,29.5,0.1863,음식점업,30.84,1.061,1.823,1.539,0.598,0.867,1.127,0.0,1.438,1.047,0.587,2026-03-01,487,353,72.48
30170597,서구,관저2동,1885,47072,40.05,False,11.82,26.05,0.1928,음식점업,32.94,1.836,1.484,1.088,0.374,0.75,1.057,0.0,1.44,1.118,0.555,2026-03-01,1639,1183,72.18
30170600,서구,기성동,199,3221,61.78,False,46.32,11.15,0.2055,소매업,32.16,0.428,0.803,0.565,1.14,1.253,0.406,19.229,0.88,0.836,0.52,2026-03-01,190,160,84.21
30170630,서구,둔산1동,2084,16243,128.3,False,12.63,15.17,0.1817,"전문, 과학 및 기술 서비스업",30.28,2.484,2.09,1.173,0.81,0.351,0.434,0.682,0.851,0.684,3.479,2026-03-01,1726,1340,77.64
30170640,서구,둔산2동,2925,34031,85.95,False,13.7,29.71,0.1711,소매업,25.37,1.038,3.238,0.586,0.732,0.988,0.611,0.822,1.13,0.829,1.791,2026-03-01,2544,1870,73.51
30170650,서구,만년동,833,11901,69.99,False,13.82,35.32,0.1742,음식점업,27.85,1.26,0.72,1.08,1.604,0.823,0.759,0.525,0.657,0.945,1.876,2026-03-01,766,612,79.9
30170660,서구,둔산3동,726,18559,39.12,False,21.28,19.35,0.2061,소매업,30.03,1.7,0.771,0.89,0.486,1.169,1.023,0.0,1.116,0.935,0.506,2026-03-01,639,498,77.93
30200520,유성구,진잠동,1226,24825,49.39,False,20.04,24.32,0.2021,소매업,32.71,0.706,0.293,1.375,1.377,1.274,1.05,0.357,1.018,0.822,0.89,2026-03-01,1180,924,78.31
30200526,유성구,학하동,1029,20609,49.93,False,13.96,31.22,0.1807,음식점업,31.88,0.731,0.311,2.048,1.788,0.681,0.993,0.319,0.893,1.082,1.429,2026-03-01,970,752,77.53
30200527,유성구,상대동,637,24937,25.54,False,12.31,20.72,0.1627,음식점업,26.37,1.781,0.753,2.868,0.514,0.624,1.062,0.172,0.55,0.895,1.587,2026-03-01,476,339,71.22
30200530,유성구,온천1동,3288,26687,123.21,False,17.11,45.47,0.1938,음식점업,33.64,0.444,0.668,1.359,1.211,0.781,1.004,3.026,0.819,1.142,1.345,2026-03-01,3196,2312,72.34
30200540,유성구,온천2동,2821,40717,69.28,False,14.83,39.53,0.2212,음식점업,38.28,0.799,0.142,1.116,1.054,0.815,0.811,0.698,1.179,1.3,1.104,2026-03-01,2813,2007,71.35
30200546,유성구,노은1동,1252,20549,60.93,False,13.55,26.93,0.1999,음식점업,29.71,1.416,0.319,0.853,0.684,1.045,1.016,0.175,1.084,1.009,0.918,2026-03-01,1173,878,74.85
30200547,유성구,노은2동,721,23001,31.35,False,15.41,23.65,0.1795,음식점업,29.13,1.574,0.721,1.715,0.804,0.929,0.693,0.303,1.609,0.989,0.892,2026-03-01,688,511,74.27
30200548,유성구,노은3동,1143,35391,32.3,False,13.84,21.87,0.1876,음식점업,30.62,1.973,0.734,1.229,0.441,0.825,1.01,0.0,1.092,1.04,0.874,2026-03-01,1041,781,75.02
30200550,유성구,신성동,1602,25502,62.82,False,10.93,36.88,0.2488,음식점업,36.83,0.673,0.225,0.93,0.834,1.201,0.546,0.614,1.093,1.25,0.853,2026-03-01,1512,1127,74.54
30200570,유성구,전민동,1229,25289,48.6,False,13.14,30.38,0.2513,음식점업,34.66,0.889,0.358,0.732,0.267,1.293,0.73,0.178,1.282,1.177,0.617,2026-03-01,1161,899,77.43
30200580,유성구,구즉동,852,32567,26.16,False,13.38,31.13,0.2459,음식점업,39.44,0.916,0.281,1.089,0.237,0.919,1.139,0.0,1.336,1.339,0.391,2026-03-01,746,581,77.88
30200600,유성구,관평동,1852,37715,49.11,False,8.24,27.88,0.2118,음식점업,34.61,1.21,0.626,0.941,0.626,0.957,0.778,0.354,0.946,1.175,1.11,2026-03-01,1669,1228,73.58
30200610,유성구,원신흥동,1067,32273,33.06,False,13.26,26.89,0.1798,수리 및 개인 서비스업,23.15,1.755,1.124,1.422,0.685,0.858,1.702,0.0,0.41,0.783,0.797,2026-03-01,974,696,71.46
30230510,대덕구,오정동,1120,13051,85.82,False,28.79,24.78,0.1964,소매업,28.84,0.595,0.107,0.954,1.823,1.123,1.004,0.195,0.919,0.912,1.282,2026-03-01,1107,852,76.96
30230520,대덕구,대화동,514,5213,98.6,False,30.58,19.11,0.214,소매업,29.38,0.221,0.0,0.656,2.305,1.144,0.944,0.213,0.17,0.555,3.152,2026-03-01,533,395,74.11
30230525,대덕구,회덕동,476,12035,39.55,False,28.88,20.87,0.2244,음식점업,28.99,0.298,0.168,0.709,1.324,1.113,1.653,0.459,0.92,0.984,0.579,2026-03-01,466,360,77.25
30230533,대덕구,비래동,591,14290,41.36,False,26.54,20.34,0.2105,음식점업,29.61,0.408,0.338,1.141,1.151,1.081,1.356,0.0,1.482,1.005,0.583,2026-03-01,591,450,76.14
30230543,대덕구,송촌동,1131,26730,42.31,False,15.34,23.01,0.2205,음식점업,36.43,1.079,0.212,0.572,0.579,0.857,1.105,0.193,1.8,1.237,0.65,2026-03-01,1080,820,75.93
30230546,대덕구,중리동,1630,17541,92.93,False,25.39,24.2,0.2283,음식점업,33.31,0.348,0.27,0.534,0.727,1.099,1.245,2.28,1.397,1.131,0.592,2026-03-01,1634,1265,77.42
30230550,대덕구,신탄진동,834,15890,52.49,False,22.31,25.81,0.2602,음식점업,43.41,0.442,0.527,0.842,0.544,0.836,0.996,4.326,1.05,1.474,0.372,2026-03-01,808,643,79.58
30230560,대덕구,석봉동,587,15634,37.55,False,15.08,24.27,0.2358,음식점업,34.58,0.894,0.545,0.67,0.472,1.101,1.202,0.0,1.305,1.174,0.333,2026-03-01,554,423,76.35
30230570,대덕구,덕암동,586,12275,47.74,False,24.2,25.42,0.2284,소매업,30.72,0.387,0.068,0.815,0.989,1.196,1.455,0.933,0.859,1.002,0.627,2026-03-01,548,438,79.93
30230580,대덕구,목상동,374,5779,64.72,False,17.3,28.0,0.2277,음식점업,35.83,0.152,0.214,0.526,1.685,0.937,1.219,0.0,1.522,1.216,0.737,2026-03-01,360,251,69.72
30230600,대덕구,법1동,171,12040,14.2,False,27.25,21.14,0.1691,음식점업,25.15,0.995,2.804,1.972,0.737,0.957,1.161,0.639,1.024,0.854,0.605,2026-03-01,141,116,82.27
30230610,대덕구,법2동,304,14312,21.24,False,27.93,19.12,0.2431,소매업,33.55,0.747,0.131,0.37,0.497,1.307,1.185,0.0,1.296,1.05,0.529,2026-03-01,282,224,79.43
