from_period,to_period,dong_code,district,dong,base_stores,left,entered
2025-03-01,2025-06-01,30110515,동구,중앙동,1930,55,37
2025-03-01,2025-06-01,30110530,동구,효동,1188,51,30
2025-03-01,2025-06-01,30110545,동구,신인동,380,16,10
2025-03-01,2025-06-01,30110551,동구,판암1동,363,16,17
2025-03-01,2025-06-01,30110552,동구,판암2동,148,7,6
2025-03-01,2025-06-01,30110560,동구,용운동,883,40,22
2025-03-01,2025-06-01,30110585,동구,대동,576,13,16
2025-03-01,2025-06-01,30110590,동구,자양동,721,38,17
2025-03-01,2025-06-01,30110620,동구,가양1동,611,15,19
2025-03-01,2025-06-01,30110630,동구,가양2동,914,36,22
2025-03-01,2025-06-01,30110640,동구,용전동,1336,50,53
2025-03-01,2025-06-01,30110665,동구,성남동,534,19,14
2025-03-01,2025-06-01,30110670,동구,홍도동,507,24,13
2025-03-01,2025-06-01,30110695,동구,삼성동,733,15,8
2025-03-01,2025-06-01,30110725,동구,대청동,128,2,2
2025-03-01,2025-06-01,30110740,동구,산내동,596,18,22
2025-03-01,2025-06-01,30140535,중구,은행선화동,1912,61,73
2025-03-01,2025-06-01,30140550,중구,목동,449,17,15
2025-03-01,2025-06-01,30140560,중구,중촌동,641,21,18
2025-03-01,2025-06-01,30140575,중구,대흥동,1845,93,78
2025-03-01,2025-06-01,30140605,중구,문창동,532,16,15
2025-03-01,2025-06-01,30140620,중구,석교동,541,13,12
2025-03-01,2025-06-01,30140630,중구,대사동,459,16,16
2025-03-01,2025-06-01,30140640,중구,부사동,471,22,34
2025-03-01,2025-06-01,30140655,중구,용두동,533,11,15
2025-03-01,2025-06-01,30140670,중구,오류동,899,31,32
2025-03-01,2025-06-01,30140680,중구,태평1동,558,15,11
2025-03-01,2025-06-01,30140690,중구,태평2동,424,14,8
2025-03-01,2025-06-01,30140700,중구,유천1동,700,14,23
2025-03-01,2025-06-01,30140710,중구,유천2동,707,26,15
2025-03-01,2025-06-01,30140720,중구,문화1동,674,24,15
2025-03-01,2025-06-01,30140730,중구,문화2동,408,16,15
2025-03-01,2025-06-01,30140740,중구,산성동,1281,38,24
2025-03-01,2025-06-01,30170510,서구,복수동,635,32,29
2025-03-01,2025-06-01,30170520,서구,도마1동,1224,31,24
2025-03-01,2025-06-01,30170530,서구,도마2동,755,22,24
2025-03-01,2025-06-01,30170535,서구,정림동,562,12,13
2025-03-01,2025-06-01,30170540,서구,변동,674,9,14
2025-03-01,2025-06-01,30170550,서구,용문동,734,22,28
2025-03-01,2025-06-01,30170555,서구,탄방동,2761,81,82
2025-03-01,2025-06-01,30170560,서구,괴정동,1963,81,92
2025-03-01,2025-06-01,30170570,서구,가장동,381,13,11
2025-03-01,2025-06-01,30170575,서구,내동,621,20,15
2025-03-01,2025-06-01,30170581,서구,갈마1동,1181,51,52
2025-03-01,2025-06-01,30170582,서구,갈마2동,1261,68,45
2025-03-01,2025-06-01,30170586,서구,월평1동,1276,55,44
2025-03-01,2025-06-01,30170587,서구,월평2동,851,47,33
2025-03-01,2025-06-01,30170588,서구,월평3동,101,5,2
2025-03-01,2025-06-01,30170590,서구,가수원동,438,13,7
2025-03-01,2025-06-01,30170593,서구,도안동,2087,73,80
2025-03-01,2025-06-01,30170596,서구,관저1동,535,28,18
2025-03-01,2025-06-01,30170597,서구,관저2동,1848,82,69
2025-03-01,2025-06-01,30170600,서구,기성동,196,4,4
2025-03-01,2025-06-01,30170630,서구,둔산1동,2049,64,79
2025-03-01,2025-06-01,30170640,서구,둔산2동,2920,134,108
2025-03-01,2025-06-01,30170650,서구,만년동,808,23,26
2025-03-01,2025-06-01,30170660,서구,둔산3동,725,34,20
2025-03-01,2025-06-01,30200520,유성구,진잠동,1215,49,33
2025-03-01,2025-06-01,30200526,유성구,학하동,1019,32,24
2025-03-01,2025-06-01,30200527,유성구,상대동,533,13,36
2025-03-01,2025-06-01,30200530,유성구,온천1동,3384,159,158
2025-03-01,2025-06-01,30200540,유성구,온천2동,2909,104,107
2025-03-01,2025-06-01,30200546,유성구,노은1동,1238,52,37
2025-03-01,2025-06-01,30200547,유성구,노은2동,700,32,24
2025-03-01,2025-06-01,30200548,유성구,노은3동,1100,37,41
2025-03-01,2025-06-01,30200550,유성구,신성동,1604,84,48
2025-03-01,2025-06-01,30200570,유성구,전민동,1225,45,23
2025-03-01,2025-06-01,30200580,유성구,구즉동,792,17,20
2025-03-01,2025-06-01,30200600,유성구,관평동,1752,70,71
2025-03-01,2025-06-01,30200610,유성구,원신흥동,1008,35,40
2025-03-01,2025-06-01,30230510,대덕구,오정동,1101,32,24
2025-03-01,2025-06-01,30230520,대덕구,대화동,517,12,8
2025-03-01,2025-06-01,30230525,대덕구,회덕동,463,19,18
2025-03-01,2025-06-01,30230533,대덕구,비래동,615,23,21
2025-03-01,2025-06-01,30230543,대덕구,송촌동,1108,45,37
2025-03-01,2025-06-01,30230546,대덕구,중리동,1646,49,58
2025-03-01,2025-06-01,30230550,대덕구,신탄진동,854,30,25
2025-03-01,2025-06-01,30230560,대덕구,석봉동,574,15,25
2025-03-01,2025-06-01,30230570,대덕구,덕암동,582,21,21
2025-03-01,2025-06-01,30230580,대덕구,목상동,368,21,19
2025-03-01,2025-06-01,30230600,대덕구,법1동,144,2,2
2025-03-01,2025-06-01,30230610,대덕구,법2동,285,7,7
2025-06-01,2025-10-01,30110515,동구,중앙동,1912,74,74
2025-06-01,2025-10-01,30110530,동구,효동,1167,110,147
2025-06-01,2025-10-01,30110545,동구,신인동,374,26,43
2025-06-01,2025-10-01,30110551,동구,판암1동,364,24,46
2025-06-01,2025-10-01,30110552,동구,판암2동,147,6,19
2025-06-01,2025-10-01,30110560,동구,용운동,865,63,64
2025-06-01,2025-10-01,30110585,동구,대동,579,32,40
2025-06-01,2025-10-01,30110590,동구,자양동,700,36,30
2025-06-01,2025-10-01,30110620,동구,가양1동,615,30,34
2025-06-01,2025-10-01,30110630,동구,가양2동,900,39,35
2025-06-01,2025-10-01,30110640,동구,용전동,1339,65,86
2025-06-01,2025-10-01,30110665,동구,성남동,529,25,37
2025-06-01,2025-10-01,30110670,동구,홍도동,496,26,34
2025-06-01,2025-10-01,30110695,동구,삼성동,726,31,34
2025-06-01,2025-10-01,30110725,동구,대청동,128,6,5
2025-06-01,2025-10-01,30110740,동구,산내동,600,35,58
2025-06-01,2025-10-01,30140535,중구,은행선화동,1924,100,179
2025-06-01,2025-10-01,30140550,중구,목동,447,65,102
2025-06-01,2025-10-01,30140560,중구,중촌동,638,38,48
2025-06-01,2025-10-01,30140575,중구,대흥동,1830,161,80
2025-06-01,2025-10-01,30140605,중구,문창동,531,29,26
2025-06-01,2025-10-01,30140620,중구,석교동,540,28,21
2025-06-01,2025-10-01,30140630,중구,대사동,459,20,23
2025-06-01,2025-10-01,30140640,중구,부사동,483,26,16
2025-06-01,2025-10-01,30140655,중구,용두동,537,29,29
2025-06-01,2025-10-01,30140670,중구,오류동,900,61,52
2025-06-01,2025-10-01,30140680,중구,태평1동,554,51,73
2025-06-01,2025-10-01,30140690,중구,태평2동,418,20,46
2025-06-01,2025-10-01,30140700,중구,유천1동,709,55,39
2025-06-01,2025-10-01,30140710,중구,유천2동,696,48,39
2025-06-01,2025-10-01,30140720,중구,문화1동,665,42,73
2025-06-01,2025-10-01,30140730,중구,문화2동,407,25,32
2025-06-01,2025-10-01,30140740,중구,산성동,1267,64,75
2025-06-01,2025-10-01,30170510,서구,복수동,632,49,67
2025-06-01,2025-10-01,30170520,서구,도마1동,1217,84,79
2025-06-01,2025-10-01,30170530,서구,도마2동,757,34,29
2025-06-01,2025-10-01,30170535,서구,정림동,563,37,51
2025-06-01,2025-10-01,30170540,서구,변동,679,34,22
2025-06-01,2025-10-01,30170550,서구,용문동,740,39,33
2025-06-01,2025-10-01,30170555,서구,탄방동,2762,166,155
2025-06-01,2025-10-01,30170560,서구,괴정동,1974,105,91
2025-06-01,2025-10-01,30170570,서구,가장동,379,21,12
2025-06-01,2025-10-01,30170575,서구,내동,616,40,83
2025-06-01,2025-10-01,30170581,서구,갈마1동,1182,75,48
2025-06-01,2025-10-01,30170582,서구,갈마2동,1238,78,71
2025-06-01,2025-10-01,30170586,서구,월평1동,1265,61,50
2025-06-01,2025-10-01,30170587,서구,월평2동,837,30,95
2025-06-01,2025-10-01,30170588,서구,월평3동,98,5,83
2025-06-01,2025-10-01,30170590,서구,가수원동,432,23,27
2025-06-01,2025-10-01,30170593,서구,도안동,2094,161,173
2025-06-01,2025-10-01,30170596,서구,관저1동,525,33,47
2025-06-01,2025-10-01,30170597,서구,관저2동,1835,159,161
2025-06-01,2025-10-01,30170600,서구,기성동,196,8,8
2025-06-01,2025-10-01,30170630,서구,둔산1동,2064,153,168
2025-06-01,2025-10-01,30170640,서구,둔산2동,2894,135,195
2025-06-01,2025-10-01,30170650,서구,만년동,811,34,52
2025-06-01,2025-10-01,30170660,서구,둔산3동,711,24,51
2025-06-01,2025-10-01,30200520,유성구,진잠동,1199,31,67
2025-06-01,2025-10-01,30200526,유성구,학하동,1011,34,31
2025-06-01,2025-10-01,30200527,유성구,상대동,556,20,83
2025-06-01,2025-10-01,30200530,유성구,온천1동,3383,138,52
2025-06-01,2025-10-01,30200540,유성구,온천2동,2912,100,88
2025-06-01,2025-10-01,30200546,유성구,노은1동,1223,40,66
2025-06-01,2025-10-01,30200547,유성구,노은2동,692,35,63
2025-06-01,2025-10-01,30200548,유성구,노은3동,1104,48,74
2025-06-01,2025-10-01,30200550,유성구,신성동,1568,65,80
2025-06-01,2025-10-01,30200570,유성구,전민동,1203,37,53
2025-06-01,2025-10-01,30200580,유성구,구즉동,795,21,65
2025-06-01,2025-10-01,30200600,유성구,관평동,1753,57,117
2025-06-01,2025-10-01,30200610,유성구,원신흥동,1013,37,65
2025-06-01,2025-10-01,30230510,대덕구,오정동,1093,39,36
2025-06-01,2025-10-01,30230520,대덕구,대화동,513,10,11
2025-06-01,2025-10-01,30230525,대덕구,회덕동,462,14,26
2025-06-01,2025-10-01,30230533,대덕구,비래동,613,26,20
2025-06-01,2025-10-01,30230543,대덕구,송촌동,1100,37,50
2025-06-01,2025-10-01,30230546,대덕구,중리동,1655,45,25
2025-06-01,2025-10-01,30230550,대덕구,신탄진동,849,30,22
2025-06-01,2025-10-01,30230560,대덕구,석봉동,584,19,31
2025-06-01,2025-10-01,30230570,대덕구,덕암동,582,17,18
2025-06-01,2025-10-01,30230580,대덕구,목상동,366,13,21
2025-06-01,2025-10-01,30230600,대덕구,법1동,144,7,32
2025-06-01,2025-10-01,30230610,대덕구,법2동,285,8,33
2025-10-01,2025-12-01,30110515,동구,중앙동,1912,46,35
2025-10-01,2025-12-01,30110530,동구,효동,1204,47,35
2025-10-01,2025-12-01,30110545,동구,신인동,391,10,12
2025-10-01,2025-12-01,30110551,동구,판암1동,386,9,7
2025-10-01,2025-12-01,30110552,동구,판암2동,160,7,2
2025-10-01,2025-12-01,30110560,동구,용운동,866,29,28
2025-10-01,2025-12-01,30110585,동구,대동,587,14,14
2025-10-01,2025-12-01,30110590,동구,자양동,694,19,18
2025-10-01,2025-12-01,30110620,동구,가양1동,619,16,10
2025-10-01,2025-12-01,30110630,동구,가양2동,896,33,27
2025-10-01,2025-12-01,30110640,동구,용전동,1360,37,26
2025-10-01,2025-12-01,30110665,동구,성남동,541,14,11
2025-10-01,2025-12-01,30110670,동구,홍도동,504,16,18
2025-10-01,2025-12-01,30110695,동구,삼성동,729,14,11
2025-10-01,2025-12-01,30110725,동구,대청동,127,1,2
2025-10-01,2025-12-01,30110740,동구,산내동,623,7,12
2025-10-01,2025-12-01,30140535,중구,은행선화동,2003,61,49
2025-10-01,2025-12-01,30140550,중구,목동,484,13,14
2025-10-01,2025-12-01,30140560,중구,중촌동,648,16,12
2025-10-01,2025-12-01,30140575,중구,대흥동,1749,57,58
2025-10-01,2025-12-01,30140605,중구,문창동,528,8,11
2025-10-01,2025-12-01,30140620,중구,석교동,533,14,12
2025-10-01,2025-12-01,30140630,중구,대사동,462,17,13
2025-10-01,2025-12-01,30140640,중구,부사동,473,17,12
2025-10-01,2025-12-01,30140655,중구,용두동,537,19,8
2025-10-01,2025-12-01,30140670,중구,오류동,891,27,33
2025-10-01,2025-12-01,30140680,중구,태평1동,576,16,16
2025-10-01,2025-12-01,30140690,중구,태평2동,444,13,8
2025-10-01,2025-12-01,30140700,중구,유천1동,693,33,11
2025-10-01,2025-12-01,30140710,중구,유천2동,687,20,16
2025-10-01,2025-12-01,30140720,중구,문화1동,696,17,15
2025-10-01,2025-12-01,30140730,중구,문화2동,414,10,4
2025-10-01,2025-12-01,30140740,중구,산성동,1278,24,28
2025-10-01,2025-12-01,30170510,서구,복수동,650,25,14
2025-10-01,2025-12-01,30170520,서구,도마1동,1212,33,40
2025-10-01,2025-12-01,30170530,서구,도마2동,752,18,11
2025-10-01,2025-12-01,30170535,서구,정림동,577,19,16
2025-10-01,2025-12-01,30170540,서구,변동,667,20,6
2025-10-01,2025-12-01,30170550,서구,용문동,734,23,25
2025-10-01,2025-12-01,30170555,서구,탄방동,2751,81,94
2025-10-01,2025-12-01,30170560,서구,괴정동,1960,59,47
2025-10-01,2025-12-01,30170570,서구,가장동,370,10,9
2025-10-01,2025-12-01,30170575,서구,내동,659,16,14
2025-10-01,2025-12-01,30170581,서구,갈마1동,1155,33,37
2025-10-01,2025-12-01,30170582,서구,갈마2동,1231,42,38
2025-10-01,2025-12-01,30170586,서구,월평1동,1254,34,38
2025-10-01,2025-12-01,30170587,서구,월평2동,902,26,20
2025-10-01,2025-12-01,30170588,서구,월평3동,176,7,2
2025-10-01,2025-12-01,30170590,서구,가수원동,436,4,12
2025-10-01,2025-12-01,30170593,서구,도안동,2106,60,72
2025-10-01,2025-12-01,30170596,서구,관저1동,539,11,13
2025-10-01,2025-12-01,30170597,서구,관저2동,1837,50,63
2025-10-01,2025-12-01,30170600,서구,기성동,196,2,2
2025-10-01,2025-12-01,30170630,서구,둔산1동,2079,61,52
2025-10-01,2025-12-01,30170640,서구,둔산2동,2954,86,81
2025-10-01,2025-12-01,30170650,서구,만년동,829,20,15
2025-10-01,2025-12-01,30170660,서구,둔산3동,738,26,11
2025-10-01,2025-12-01,30200520,유성구,진잠동,1235,33,27
2025-10-01,2025-12-01,30200526,유성구,학하동,1008,30,32
2025-10-01,2025-12-01,30200527,유성구,상대동,619,20,30
2025-10-01,2025-12-01,30200530,유성구,온천1동,3297,117,107
2025-10-01,2025-12-01,30200540,유성구,온천2동,2900,143,92
2025-10-01,2025-12-01,30200546,유성구,노은1동,1249,40,46
2025-10-01,2025-12-01,30200547,유성구,노은2동,720,18,14
2025-10-01,2025-12-01,30200548,유성구,노은3동,1130,28,34
2025-10-01,2025-12-01,30200550,유성구,신성동,1583,42,63
2025-10-01,2025-12-01,30200570,유성구,전민동,1219,30,41
2025-10-01,2025-12-01,30200580,유성구,구즉동,839,33,29
2025-10-01,2025-12-01,30200600,유성구,관평동,1813,53,74
2025-10-01,2025-12-01,30200610,유성구,원신흥동,1041,32,38
2025-10-01,2025-12-01,30230510,대덕구,오정동,1090,21,34
2025-10-01,2025-12-01,30230520,대덕구,대화동,514,10,10
2025-10-01,2025-12-01,30230525,대덕구,회덕동,474,16,7
2025-10-01,2025-12-01,30230533,대덕구,비래동,607,24,10
2025-10-01,2025-12-01,30230543,대덕구,송촌동,1113,31,39
2025-10-01,2025-12-01,30230546,대덕구,중리동,1635,51,38
2025-10-01,2025-12-01,30230550,대덕구,신탄진동,841,33,25
2025-10-01,2025-12-01,30230560,대덕구,석봉동,596,17,18
2025-10-01,2025-12-01,30230570,대덕구,덕암동,583,15,17
2025-10-01,2025-12-01,30230580,대덕구,목상동,374,19,13
2025-10-01,2025-12-01,30230600,대덕구,법1동,169,5,4
2025-10-01,2025-12-01,30230610,대덕구,법2동,310,16,10
2025-12-01,2026-03-01,30110515,동구,중앙동,1901,29,50
2025-12-01,2026-03-01,30110530,동구,효동,1192,45,32
2025-12-01,2026-03-01,30110545,동구,신인동,393,10,17
2025-12-01,2026-03-01,30110551,동구,판암1동,384,8,19
2025-12-01,2026-03-01,30110552,동구,판암2동,155,0,5
2025-12-01,2026-03-01,30110560,동구,용운동,865,26,35
2025-12-01,2026-03-01,30110585,동구,대동,587,13,15
2025-12-01,2026-03-01,30110590,동구,자양동,693,26,20
2025-12-01,2026-03-01,30110620,동구,가양1동,613,18,22
2025-12-01,2026-03-01,30110630,동구,가양2동,890,19,27
2025-12-01,2026-03-01,30110640,동구,용전동,1349,47,38
2025-12-01,2026-03-01,30110665,동구,성남동,538,18,10
2025-12-01,2026-03-01,30110670,동구,홍도동,506,17,21
2025-12-01,2026-03-01,30110695,동구,삼성동,726,13,11
2025-12-01,2026-03-01,30110725,동구,대청동,128,3,1
2025-12-01,2026-03-01,30110740,동구,산내동,628,17,18
2025-12-01,2026-03-01,30140535,중구,은행선화동,1991,52,72
2025-12-01,2026-03-01,30140550,중구,목동,485,17,13
2025-12-01,2026-03-01,30140560,중구,중촌동,644,14,19
2025-12-01,2026-03-01,30140575,중구,대흥동,1750,64,91
2025-12-01,2026-03-01,30140605,중구,문창동,531,23,20
2025-12-01,2026-03-01,30140620,중구,석교동,531,13,16
2025-12-01,2026-03-01,30140630,중구,대사동,458,12,11
2025-12-01,2026-03-01,30140640,중구,부사동,468,13,37
2025-12-01,2026-03-01,30140655,중구,용두동,526,10,19
2025-12-01,2026-03-01,30140670,중구,오류동,897,37,29
2025-12-01,2026-03-01,30140680,중구,태평1동,576,11,18
2025-12-01,2026-03-01,30140690,중구,태평2동,439,13,7
2025-12-01,2026-03-01,30140700,중구,유천1동,671,21,33
2025-12-01,2026-03-01,30140710,중구,유천2동,683,18,38
2025-12-01,2026-03-01,30140720,중구,문화1동,694,44,21
2025-12-01,2026-03-01,30140730,중구,문화2동,408,15,8
2025-12-01,2026-03-01,30140740,중구,산성동,1282,28,24
2025-12-01,2026-03-01,30170510,서구,복수동,639,29,25
2025-12-01,2026-03-01,30170520,서구,도마1동,1219,22,46
2025-12-01,2026-03-01,30170530,서구,도마2동,745,14,32
2025-12-01,2026-03-01,30170535,서구,정림동,574,8,15
2025-12-01,2026-03-01,30170540,서구,변동,653,9,12
2025-12-01,2026-03-01,30170550,서구,용문동,736,20,30
2025-12-01,2026-03-01,30170555,서구,탄방동,2764,93,107
2025-12-01,2026-03-01,30170560,서구,괴정동,1948,63,70
2025-12-01,2026-03-01,30170570,서구,가장동,369,8,8
2025-12-01,2026-03-01,30170575,서구,내동,657,11,12
2025-12-01,2026-03-01,30170581,서구,갈마1동,1159,55,58
2025-12-01,2026-03-01,30170582,서구,갈마2동,1227,40,68
2025-12-01,2026-03-01,30170586,서구,월평1동,1258,37,43
2025-12-01,2026-03-01,30170587,서구,월평2동,896,28,27
2025-12-01,2026-03-01,30170588,서구,월평3동,171,5,3
2025-12-01,2026-03-01,30170590,서구,가수원동,444,18,16
2025-12-01,2026-03-01,30170593,서구,도안동,2118,101,97
2025-12-01,2026-03-01,30170596,서구,관저1동,541,15,22
2025-12-01,2026-03-01,30170597,서구,관저2동,1850,59,94
2025-12-01,2026-03-01,30170600,서구,기성동,196,2,5
2025-12-01,2026-03-01,30170630,서구,둔산1동,2070,63,77
2025-12-01,2026-03-01,30170640,서구,둔산2동,2949,125,101
2025-12-01,2026-03-01,30170650,서구,만년동,824,13,22
2025-12-01,2026-03-01,30170660,서구,둔산3동,723,18,21
2025-12-01,2026-03-01,30200520,유성구,진잠동,1229,38,35
2025-12-01,2026-03-01,30200526,유성구,학하동,1010,21,40
2025-12-01,2026-03-01,30200527,유성구,상대동,629,27,35
2025-12-01,2026-03-01,30200530,유성구,온천1동,3287,140,141
2025-12-01,2026-03-01,30200540,유성구,온천2동,2849,155,127
2025-12-01,2026-03-01,30200546,유성구,노은1동,1255,48,45
2025-12-01,2026-03-01,30200547,유성구,노은2동,716,18,23
2025-12-01,2026-03-01,30200548,유성구,노은3동,1136,40,47
2025-12-01,2026-03-01,30200550,유성구,신성동,1604,53,51
2025-12-01,2026-03-01,30200570,유성구,전민동,1230,43,42
2025-12-01,2026-03-01,30200580,유성구,구즉동,835,30,47
2025-12-01,2026-03-01,30200600,유성구,관평동,1834,65,83
2025-12-01,2026-03-01,30200610,유성구,원신흥동,1047,35,55
2025-12-01,2026-03-01,30230510,대덕구,오정동,1103,22,39
2025-12-01,2026-03-01,30230520,대덕구,대화동,514,14,14
2025-12-01,2026-03-01,30230525,대덕구,회덕동,465,7,18
2025-12-01,2026-03-01,30230533,대덕구,비래동,593,19,17
2025-12-01,2026-03-01,30230543,대덕구,송촌동,1121,43,53
2025-12-01,2026-03-01,30230546,대덕구,중리동,1622,51,59
2025-12-01,2026-03-01,30230550,대덕구,신탄진동,833,27,28
2025-12-01,2026-03-01,30230560,대덕구,석봉동,597,32,22
2025-12-01,2026-03-01,30230570,대덕구,덕암동,585,20,21
2025-12-01,2026-03-01,30230580,대덕구,목상동,368,12,18
2025-12-01,2026-03-01,30230600,대덕구,법1동,168,4,7
2025-12-01,2026-03-01,30230610,대덕구,법2동,304,8,8
2026-03-01,2026-06-01,30110515,동구,중앙동,1922,152,150
2026-03-01,2026-06-01,30110530,동구,효동,1179,136,154
2026-03-01,2026-06-01,30110545,동구,신인동,400,40,51
2026-03-01,2026-06-01,30110551,동구,판암1동,395,39,43
2026-03-01,2026-06-01,30110552,동구,판암2동,160,16,20
2026-03-01,2026-06-01,30110560,동구,용운동,874,98,104
2026-03-01,2026-06-01,30110585,동구,대동,589,46,49
2026-03-01,2026-06-01,30110590,동구,자양동,687,72,101
2026-03-01,2026-06-01,30110620,동구,가양1동,617,47,79
2026-03-01,2026-06-01,30110630,동구,가양2동,898,84,105
2026-03-01,2026-06-01,30110640,동구,용전동,1340,121,182
2026-03-01,2026-06-01,30110665,동구,성남동,530,38,60
2026-03-01,2026-06-01,30110670,동구,홍도동,510,69,79
2026-03-01,2026-06-01,30110695,동구,삼성동,724,42,57
2026-03-01,2026-06-01,30110725,동구,대청동,126,5,14
2026-03-01,2026-06-01,30110740,동구,산내동,629,64,65
2026-03-01,2026-06-01,30140535,중구,은행선화동,2011,204,294
2026-03-01,2026-06-01,30140550,중구,목동,481,52,44
2026-03-01,2026-06-01,30140560,중구,중촌동,649,54,72
2026-03-01,2026-06-01,30140575,중구,대흥동,1777,209,285
2026-03-01,2026-06-01,30140605,중구,문창동,528,48,58
2026-03-01,2026-06-01,30140620,중구,석교동,534,46,61
2026-03-01,2026-06-01,30140630,중구,대사동,457,40,59
2026-03-01,2026-06-01,30140640,중구,부사동,492,61,90
2026-03-01,2026-06-01,30140655,중구,용두동,535,39,52
2026-03-01,2026-06-01,30140670,중구,오류동,889,88,115
2026-03-01,2026-06-01,30140680,중구,태평1동,583,54,50
2026-03-01,2026-06-01,30140690,중구,태평2동,433,29,36
2026-03-01,2026-06-01,30140700,중구,유천1동,683,69,94
2026-03-01,2026-06-01,30140710,중구,유천2동,703,77,79
2026-03-01,2026-06-01,30140720,중구,문화1동,671,62,90
2026-03-01,2026-06-01,30140730,중구,문화2동,401,16,34
2026-03-01,2026-06-01,30140740,중구,산성동,1278,96,109
2026-03-01,2026-06-01,30170510,서구,복수동,635,79,78
2026-03-01,2026-06-01,30170520,서구,도마1동,1243,118,132
2026-03-01,2026-06-01,30170530,서구,도마2동,763,60,90
2026-03-01,2026-06-01,30170535,서구,정림동,581,51,66
2026-03-01,2026-06-01,30170540,서구,변동,656,29,58
2026-03-01,2026-06-01,30170550,서구,용문동,746,88,146
2026-03-01,2026-06-01,30170555,서구,탄방동,2778,309,388
2026-03-01,2026-06-01,30170560,서구,괴정동,1955,218,304
2026-03-01,2026-06-01,30170570,서구,가장동,369,31,53
2026-03-01,2026-06-01,30170575,서구,내동,658,38,59
2026-03-01,2026-06-01,30170581,서구,갈마1동,1162,133,169
2026-03-01,2026-06-01,30170582,서구,갈마2동,1255,157,206
2026-03-01,2026-06-01,30170586,서구,월평1동,1264,143,182
2026-03-01,2026-06-01,30170587,서구,월평2동,895,75,116
2026-03-01,2026-06-01,30170588,서구,월평3동,169,8,23
2026-03-01,2026-06-01,30170590,서구,가수원동,442,50,53
2026-03-01,2026-06-01,30170593,서구,도안동,2114,270,325
2026-03-01,2026-06-01,30170596,서구,관저1동,548,57,67
2026-03-01,2026-06-01,30170597,서구,관저2동,1885,244,263
2026-03-01,2026-06-01,30170600,서구,기성동,199,14,11
2026-03-01,2026-06-01,30170630,서구,둔산1동,2084,202,255
2026-03-01,2026-06-01,30170640,서구,둔산2동,2925,313,458
2026-03-01,2026-06-01,30170650,서구,만년동,833,57,103
2026-03-01,2026-06-01,30170660,서구,둔산3동,726,63,70
2026-03-01,2026-06-01,30200520,유성구,진잠동,1226,102,121
2026-03-01,2026-06-01,30200526,유성구,학하동,1029,117,130
2026-03-01,2026-06-01,30200527,유성구,상대동,637,84,121
2026-03-01,2026-06-01,30200530,유성구,온천1동,3288,379,535
2026-03-01,2026-06-01,30200540,유성구,온천2동,2821,368,446
2026-03-01,2026-06-01,30200546,유성구,노은1동,1252,148,171
2026-03-01,2026-06-01,30200547,유성구,노은2동,721,73,77
2026-03-01,2026-06-01,30200548,유성구,노은3동,1143,124,159
2026-03-01,2026-06-01,30200550,유성구,신성동,1602,183,192
2026-03-01,2026-06-01,30200570,유성구,전민동,1229,131,142
2026-03-01,2026-06-01,30200580,유성구,구즉동,852,104,118
2026-03-01,2026-06-01,30200600,유성구,관평동,1852,233,262
2026-03-01,2026-06-01,30200610,유성구,원신흥동,1067,135,129
2026-03-01,2026-06-01,30230510,대덕구,오정동,1120,116,112
2026-03-01,2026-06-01,30230520,대덕구,대화동,514,39,40
2026-03-01,2026-06-01,30230525,대덕구,회덕동,476,38,45
2026-03-01,2026-06-01,30230533,대덕구,비래동,591,56,71
2026-03-01,2026-06-01,30230543,대덕구,송촌동,1131,136,179
2026-03-01,2026-06-01,30230546,대덕구,중리동,1630,171,216
2026-03-01,2026-06-01,30230550,대덕구,신탄진동,834,78,114
2026-03-01,2026-06-01,30230560,대덕구,석봉동,587,55,79
2026-03-01,2026-06-01,30230570,대덕구,덕암동,586,67,61
2026-03-01,2026-06-01,30230580,대덕구,목상동,374,43,55
2026-03-01,2026-06-01,30230600,대덕구,법1동,171,16,19
2026-03-01,2026-06-01,30230610,대덕구,법2동,304,33,42
