period,dong_code,district,dong,baseline_stores,surviving_stores,survival_pct
2025-03-01,30110515,동구,중앙동,1930,1930,100.0
2025-03-01,30110530,동구,효동,1188,1188,100.0
2025-03-01,30110545,동구,신인동,380,380,100.0
2025-03-01,30110551,동구,판암1동,363,363,100.0
2025-03-01,30110552,동구,판암2동,148,148,100.0
2025-03-01,30110560,동구,용운동,883,883,100.0
2025-03-01,30110585,동구,대동,576,576,100.0
2025-03-01,30110590,동구,자양동,721,721,100.0
2025-03-01,30110620,동구,가양1동,611,611,100.0
2025-03-01,30110630,동구,가양2동,914,914,100.0
2025-03-01,30110640,동구,용전동,1336,1336,100.0
2025-03-01,30110665,동구,성남동,534,534,100.0
2025-03-01,30110670,동구,홍도동,507,507,100.0
2025-03-01,30110695,동구,삼성동,733,733,100.0
2025-03-01,30110725,동구,대청동,128,128,100.0
2025-03-01,30110740,동구,산내동,596,596,100.0
2025-03-01,30140535,중구,은행선화동,1912,1912,100.0
2025-03-01,30140550,중구,목동,449,449,100.0
2025-03-01,30140560,중구,중촌동,641,641,100.0
2025-03-01,30140575,중구,대흥동,1845,1845,100.0
2025-03-01,30140605,중구,문창동,532,532,100.0
2025-03-01,30140620,중구,석교동,541,541,100.0
2025-03-01,30140630,중구,대사동,459,459,100.0
2025-03-01,30140640,중구,부사동,471,471,100.0
2025-03-01,30140655,중구,용두동,533,533,100.0
2025-03-01,30140670,중구,오류동,899,899,100.0
2025-03-01,30140680,중구,태평1동,558,558,100.0
2025-03-01,30140690,중구,태평2동,424,424,100.0
2025-03-01,30140700,중구,유천1동,700,700,100.0
2025-03-01,30140710,중구,유천2동,707,707,100.0
2025-03-01,30140720,중구,문화1동,674,674,100.0
2025-03-01,30140730,중구,문화2동,408,408,100.0
2025-03-01,30140740,중구,산성동,1281,1281,100.0
2025-03-01,30170510,서구,복수동,635,635,100.0
2025-03-01,30170520,서구,도마1동,1224,1224,100.0
2025-03-01,30170530,서구,도마2동,755,755,100.0
2025-03-01,30170535,서구,정림동,562,562,100.0
2025-03-01,30170540,서구,변동,674,674,100.0
2025-03-01,30170550,서구,용문동,734,734,100.0
2025-03-01,30170555,서구,탄방동,2761,2761,100.0
2025-03-01,30170560,서구,괴정동,1963,1963,100.0
2025-03-01,30170570,서구,가장동,381,381,100.0
2025-03-01,30170575,서구,내동,621,621,100.0
2025-03-01,30170581,서구,갈마1동,1181,1181,100.0
2025-03-01,30170582,서구,갈마2동,1261,1261,100.0
2025-03-01,30170586,서구,월평1동,1276,1276,100.0
2025-03-01,30170587,서구,월평2동,851,851,100.0
2025-03-01,30170588,서구,월평3동,101,101,100.0
2025-03-01,30170590,서구,가수원동,438,438,100.0
2025-03-01,30170593,서구,도안동,2087,2087,100.0
2025-03-01,30170596,서구,관저1동,535,535,100.0
2025-03-01,30170597,서구,관저2동,1848,1848,100.0
2025-03-01,30170600,서구,기성동,196,196,100.0
2025-03-01,30170630,서구,둔산1동,2049,2049,100.0
2025-03-01,30170640,서구,둔산2동,2920,2920,100.0
2025-03-01,30170650,서구,만년동,808,808,100.0
2025-03-01,30170660,서구,둔산3동,725,725,100.0
2025-03-01,30200520,유성구,진잠동,1215,1215,100.0
2025-03-01,30200526,유성구,학하동,1019,1019,100.0
2025-03-01,30200527,유성구,상대동,533,533,100.0
2025-03-01,30200530,유성구,온천1동,3384,3384,100.0
2025-03-01,30200540,유성구,온천2동,2909,2909,100.0
2025-03-01,30200546,유성구,노은1동,1238,1238,100.0
2025-03-01,30200547,유성구,노은2동,700,700,100.0
2025-03-01,30200548,유성구,노은3동,1100,1100,100.0
2025-03-01,30200550,유성구,신성동,1604,1604,100.0
2025-03-01,30200570,유성구,전민동,1225,1225,100.0
2025-03-01,30200580,유성구,구즉동,792,792,100.0
2025-03-01,30200600,유성구,관평동,1752,1752,100.0
2025-03-01,30200610,유성구,원신흥동,1008,1008,100.0
2025-03-01,30230510,대덕구,오정동,1101,1101,100.0
2025-03-01,30230520,대덕구,대화동,517,517,100.0
2025-03-01,30230525,대덕구,회덕동,463,463,100.0
2025-03-01,30230533,대덕구,비래동,615,615,100.0
2025-03-01,30230543,대덕구,송촌동,1108,1108,100.0
2025-03-01,30230546,대덕구,중리동,1646,1646,100.0
2025-03-01,30230550,대덕구,신탄진동,854,854,100.0
2025-03-01,30230560,대덕구,석봉동,574,574,100.0
2025-03-01,30230570,대덕구,덕암동,582,582,100.0
2025-03-01,30230580,대덕구,목상동,368,368,100.0
2025-03-01,30230600,대덕구,법1동,144,144,100.0
2025-03-01,30230610,대덕구,법2동,285,285,100.0
2025-06-01,30110515,동구,중앙동,1930,1875,97.15
2025-06-01,30110530,동구,효동,1188,1137,95.71
2025-06-01,30110545,동구,신인동,380,364,95.79
2025-06-01,30110551,동구,판암1동,363,347,95.59
2025-06-01,30110552,동구,판암2동,148,141,95.27
2025-06-01,30110560,동구,용운동,883,843,95.47
2025-06-01,30110585,동구,대동,576,563,97.74
2025-06-01,30110590,동구,자양동,721,683,94.73
2025-06-01,30110620,동구,가양1동,611,596,97.55
2025-06-01,30110630,동구,가양2동,914,878,96.06
2025-06-01,30110640,동구,용전동,1336,1286,96.26
2025-06-01,30110665,동구,성남동,534,515,96.44
2025-06-01,30110670,동구,홍도동,507,483,95.27
2025-06-01,30110695,동구,삼성동,733,718,97.95
2025-06-01,30110725,동구,대청동,128,126,98.44
2025-06-01,30110740,동구,산내동,596,578,96.98
2025-06-01,30140535,중구,은행선화동,1912,1851,96.81
2025-06-01,30140550,중구,목동,449,432,96.21
2025-06-01,30140560,중구,중촌동,641,620,96.72
2025-06-01,30140575,중구,대흥동,1845,1752,94.96
2025-06-01,30140605,중구,문창동,532,516,96.99
2025-06-01,30140620,중구,석교동,541,528,97.6
2025-06-01,30140630,중구,대사동,459,443,96.51
2025-06-01,30140640,중구,부사동,471,449,95.33
2025-06-01,30140655,중구,용두동,533,522,97.94
2025-06-01,30140670,중구,오류동,899,868,96.55
2025-06-01,30140680,중구,태평1동,558,543,97.31
2025-06-01,30140690,중구,태평2동,424,410,96.7
2025-06-01,30140700,중구,유천1동,700,686,98.0
2025-06-01,30140710,중구,유천2동,707,681,96.32
2025-06-01,30140720,중구,문화1동,674,650,96.44
2025-06-01,30140730,중구,문화2동,408,392,96.08
2025-06-01,30140740,중구,산성동,1281,1243,97.03
2025-06-01,30170510,서구,복수동,635,603,94.96
2025-06-01,30170520,서구,도마1동,1224,1193,97.47
2025-06-01,30170530,서구,도마2동,755,733,97.09
2025-06-01,30170535,서구,정림동,562,550,97.86
2025-06-01,30170540,서구,변동,674,665,98.66
2025-06-01,30170550,서구,용문동,734,712,97.0
2025-06-01,30170555,서구,탄방동,2761,2680,97.07
2025-06-01,30170560,서구,괴정동,1963,1882,95.87
2025-06-01,30170570,서구,가장동,381,368,96.59
2025-06-01,30170575,서구,내동,621,601,96.78
2025-06-01,30170581,서구,갈마1동,1181,1130,95.68
2025-06-01,30170582,서구,갈마2동,1261,1193,94.61
2025-06-01,30170586,서구,월평1동,1276,1221,95.69
2025-06-01,30170587,서구,월평2동,851,804,94.48
2025-06-01,30170588,서구,월평3동,101,96,95.05
2025-06-01,30170590,서구,가수원동,438,425,97.03
2025-06-01,30170593,서구,도안동,2087,2014,96.5
2025-06-01,30170596,서구,관저1동,535,507,94.77
2025-06-01,30170597,서구,관저2동,1848,1766,95.56
2025-06-01,30170600,서구,기성동,196,192,97.96
2025-06-01,30170630,서구,둔산1동,2049,1985,96.88
2025-06-01,30170640,서구,둔산2동,2920,2786,95.41
2025-06-01,30170650,서구,만년동,808,785,97.15
2025-06-01,30170660,서구,둔산3동,725,691,95.31
2025-06-01,30200520,유성구,진잠동,1215,1166,95.97
2025-06-01,30200526,유성구,학하동,1019,987,96.86
2025-06-01,30200527,유성구,상대동,533,520,97.56
2025-06-01,30200530,유성구,온천1동,3384,3225,95.3
2025-06-01,30200540,유성구,온천2동,2909,2805,96.42
2025-06-01,30200546,유성구,노은1동,1238,1186,95.8
2025-06-01,30200547,유성구,노은2동,700,668,95.43
2025-06-01,30200548,유성구,노은3동,1100,1063,96.64
2025-06-01,30200550,유성구,신성동,1604,1520,94.76
2025-06-01,30200570,유성구,전민동,1225,1180,96.33
2025-06-01,30200580,유성구,구즉동,792,775,97.85
2025-06-01,30200600,유성구,관평동,1752,1682,96.0
2025-06-01,30200610,유성구,원신흥동,1008,973,96.53
2025-06-01,30230510,대덕구,오정동,1101,1069,97.09
2025-06-01,30230520,대덕구,대화동,517,505,97.68
2025-06-01,30230525,대덕구,회덕동,463,444,95.9
2025-06-01,30230533,대덕구,비래동,615,592,96.26
2025-06-01,30230543,대덕구,송촌동,1108,1063,95.94
2025-06-01,30230546,대덕구,중리동,1646,1597,97.02
2025-06-01,30230550,대덕구,신탄진동,854,824,96.49
2025-06-01,30230560,대덕구,석봉동,574,559,97.39
2025-06-01,30230570,대덕구,덕암동,582,561,96.39
2025-06-01,30230580,대덕구,목상동,368,347,94.29
2025-06-01,30230600,대덕구,법1동,144,142,98.61
2025-06-01,30230610,대덕구,법2동,285,278,97.54
2025-10-01,30110515,동구,중앙동,1930,1809,93.73
2025-10-01,30110530,동구,효동,1188,1030,86.7
2025-10-01,30110545,동구,신인동,380,341,89.74
2025-10-01,30110551,동구,판암1동,363,326,89.81
2025-10-01,30110552,동구,판암2동,148,135,91.22
2025-10-01,30110560,동구,용운동,883,783,88.67
2025-10-01,30110585,동구,대동,576,531,92.19
2025-10-01,30110590,동구,자양동,721,648,89.88
2025-10-01,30110620,동구,가양1동,611,569,93.13
2025-10-01,30110630,동구,가양2동,914,840,91.9
2025-10-01,30110640,동구,용전동,1336,1227,91.84
2025-10-01,30110665,동구,성남동,534,492,92.13
2025-10-01,30110670,동구,홍도동,507,461,90.93
2025-10-01,30110695,동구,삼성동,733,687,93.72
2025-10-01,30110725,동구,대청동,128,120,93.75
2025-10-01,30110740,동구,산내동,596,547,91.78
2025-10-01,30140535,중구,은행선화동,1912,1763,92.21
2025-10-01,30140550,중구,목동,449,369,82.18
2025-10-01,30140560,중구,중촌동,641,583,90.95
2025-10-01,30140575,중구,대흥동,1845,1671,90.57
2025-10-01,30140605,중구,문창동,532,487,91.54
2025-10-01,30140620,중구,석교동,541,502,92.79
2025-10-01,30140630,중구,대사동,459,426,92.81
2025-10-01,30140640,중구,부사동,471,430,91.3
2025-10-01,30140655,중구,용두동,533,495,92.87
2025-10-01,30140670,중구,오류동,899,811,90.21
2025-10-01,30140680,중구,태평1동,558,494,88.53
2025-10-01,30140690,중구,태평2동,424,390,91.98
2025-10-01,30140700,중구,유천1동,700,634,90.57
2025-10-01,30140710,중구,유천2동,707,634,89.67
2025-10-01,30140720,중구,문화1동,674,608,90.21
2025-10-01,30140730,중구,문화2동,408,367,89.95
2025-10-01,30140740,중구,산성동,1281,1182,92.27
2025-10-01,30170510,서구,복수동,635,557,87.72
2025-10-01,30170520,서구,도마1동,1224,1114,91.01
2025-10-01,30170530,서구,도마2동,755,704,93.25
2025-10-01,30170535,서구,정림동,562,514,91.46
2025-10-01,30170540,서구,변동,674,632,93.77
2025-10-01,30170550,서구,용문동,734,676,92.1
2025-10-01,30170555,서구,탄방동,2761,2518,91.2
2025-10-01,30170560,서구,괴정동,1963,1780,90.68
2025-10-01,30170570,서구,가장동,381,349,91.6
2025-10-01,30170575,서구,내동,621,563,90.66
2025-10-01,30170581,서구,갈마1동,1181,1070,90.6
2025-10-01,30170582,서구,갈마2동,1261,1120,88.82
2025-10-01,30170586,서구,월평1동,1276,1163,91.14
2025-10-01,30170587,서구,월평2동,851,776,91.19
2025-10-01,30170588,서구,월평3동,101,91,90.1
2025-10-01,30170590,서구,가수원동,438,404,92.24
2025-10-01,30170593,서구,도안동,2087,1861,89.17
2025-10-01,30170596,서구,관저1동,535,475,88.79
2025-10-01,30170597,서구,관저2동,1848,1610,87.12
2025-10-01,30170600,서구,기성동,196,185,94.39
2025-10-01,30170630,서구,둔산1동,2049,1848,90.19
2025-10-01,30170640,서구,둔산2동,2920,2667,91.34
2025-10-01,30170650,서구,만년동,808,756,93.56
2025-10-01,30170660,서구,둔산3동,725,667,92.0
2025-10-01,30200520,유성구,진잠동,1215,1138,93.66
2025-10-01,30200526,유성구,학하동,1019,955,93.72
2025-10-01,30200527,유성구,상대동,533,500,93.81
2025-10-01,30200530,유성구,온천1동,3384,3102,91.67
2025-10-01,30200540,유성구,온천2동,2909,2715,93.33
2025-10-01,30200546,유성구,노은1동,1238,1157,93.46
2025-10-01,30200547,유성구,노은2동,700,646,92.29
2025-10-01,30200548,유성구,노은3동,1100,1018,92.55
2025-10-01,30200550,유성구,신성동,1604,1468,91.52
2025-10-01,30200570,유성구,전민동,1225,1148,93.71
2025-10-01,30200580,유성구,구즉동,792,756,95.45
2025-10-01,30200600,유성구,관평동,1752,1630,93.04
2025-10-01,30200610,유성구,원신흥동,1008,938,93.06
2025-10-01,30230510,대덕구,오정동,1101,1034,93.91
2025-10-01,30230520,대덕구,대화동,517,495,95.74
2025-10-01,30230525,대덕구,회덕동,463,430,92.87
2025-10-01,30230533,대덕구,비래동,615,573,93.17
2025-10-01,30230543,대덕구,송촌동,1108,1028,92.78
2025-10-01,30230546,대덕구,중리동,1646,1556,94.53
2025-10-01,30230550,대덕구,신탄진동,854,798,93.44
2025-10-01,30230560,대덕구,석봉동,574,542,94.43
2025-10-01,30230570,대덕구,덕암동,582,547,93.99
2025-10-01,30230580,대덕구,목상동,368,336,91.3
2025-10-01,30230600,대덕구,법1동,144,135,93.75
2025-10-01,30230610,대덕구,법2동,285,272,95.44
2025-12-01,30110515,동구,중앙동,1930,1768,91.61
2025-12-01,30110530,동구,효동,1188,987,83.08
2025-12-01,30110545,동구,신인동,380,333,87.63
2025-12-01,30110551,동구,판암1동,363,318,87.6
2025-12-01,30110552,동구,판암2동,148,130,87.84
2025-12-01,30110560,동구,용운동,883,759,85.96
2025-12-01,30110585,동구,대동,576,522,90.62
2025-12-01,30110590,동구,자양동,721,631,87.52
2025-12-01,30110620,동구,가양1동,611,555,90.83
2025-12-01,30110630,동구,가양2동,914,810,88.62
2025-12-01,30110640,동구,용전동,1336,1194,89.37
2025-12-01,30110665,동구,성남동,534,482,90.26
2025-12-01,30110670,동구,홍도동,507,446,87.97
2025-12-01,30110695,동구,삼성동,733,676,92.22
2025-12-01,30110725,동구,대청동,128,119,92.97
2025-12-01,30110740,동구,산내동,596,541,90.77
2025-12-01,30140535,중구,은행선화동,1912,1715,89.7
2025-12-01,30140550,중구,목동,449,360,80.18
2025-12-01,30140560,중구,중촌동,641,571,89.08
2025-12-01,30140575,중구,대흥동,1845,1615,87.53
2025-12-01,30140605,중구,문창동,532,479,90.04
2025-12-01,30140620,중구,석교동,541,489,90.39
2025-12-01,30140630,중구,대사동,459,413,89.98
2025-12-01,30140640,중구,부사동,471,415,88.11
2025-12-01,30140655,중구,용두동,533,478,89.68
2025-12-01,30140670,중구,오류동,899,786,87.43
2025-12-01,30140680,중구,태평1동,558,482,86.38
2025-12-01,30140690,중구,태평2동,424,378,89.15
2025-12-01,30140700,중구,유천1동,700,604,86.29
2025-12-01,30140710,중구,유천2동,707,617,87.27
2025-12-01,30140720,중구,문화1동,674,594,88.13
2025-12-01,30140730,중구,문화2동,408,361,88.48
2025-12-01,30140740,중구,산성동,1281,1161,90.63
2025-12-01,30170510,서구,복수동,635,536,84.41
2025-12-01,30170520,서구,도마1동,1224,1084,88.56
2025-12-01,30170530,서구,도마2동,755,689,91.26
2025-12-01,30170535,서구,정림동,562,496,88.26
2025-12-01,30170540,서구,변동,674,616,91.39
2025-12-01,30170550,서구,용문동,734,655,89.24
2025-12-01,30170555,서구,탄방동,2761,2447,88.63
2025-12-01,30170560,서구,괴정동,1963,1731,88.18
2025-12-01,30170570,서구,가장동,381,339,88.98
2025-12-01,30170575,서구,내동,621,552,88.89
2025-12-01,30170581,서구,갈마1동,1181,1039,87.98
2025-12-01,30170582,서구,갈마2동,1261,1082,85.8
2025-12-01,30170586,서구,월평1동,1276,1133,88.79
2025-12-01,30170587,서구,월평2동,851,755,88.72
2025-12-01,30170588,서구,월평3동,101,88,87.13
2025-12-01,30170590,서구,가수원동,438,400,91.32
2025-12-01,30170593,서구,도안동,2087,1805,86.49
2025-12-01,30170596,서구,관저1동,535,467,87.29
2025-12-01,30170597,서구,관저2동,1848,1566,84.74
2025-12-01,30170600,서구,기성동,196,184,93.88
2025-12-01,30170630,서구,둔산1동,2049,1795,87.6
2025-12-01,30170640,서구,둔산2동,2920,2589,88.66
2025-12-01,30170650,서구,만년동,808,739,91.46
2025-12-01,30170660,서구,둔산3동,725,644,88.83
2025-12-01,30200520,유성구,진잠동,1215,1110,91.36
2025-12-01,30200526,유성구,학하동,1019,930,91.27
2025-12-01,30200527,유성구,상대동,533,482,90.43
2025-12-01,30200530,유성구,온천1동,3384,2995,88.5
2025-12-01,30200540,유성구,온천2동,2909,2586,88.9
2025-12-01,30200546,유성구,노은1동,1238,1121,90.55
2025-12-01,30200547,유성구,노은2동,700,628,89.71
2025-12-01,30200548,유성구,노은3동,1100,993,90.27
2025-12-01,30200550,유성구,신성동,1604,1431,89.21
2025-12-01,30200570,유성구,전민동,1225,1120,91.43
2025-12-01,30200580,유성구,구즉동,792,726,91.67
2025-12-01,30200600,유성구,관평동,1752,1580,90.18
2025-12-01,30200610,유성구,원신흥동,1008,908,90.08
2025-12-01,30230510,대덕구,오정동,1101,1014,92.1
2025-12-01,30230520,대덕구,대화동,517,488,94.39
2025-12-01,30230525,대덕구,회덕동,463,416,89.85
2025-12-01,30230533,대덕구,비래동,615,553,89.92
2025-12-01,30230543,대덕구,송촌동,1108,999,90.16
2025-12-01,30230546,대덕구,중리동,1646,1510,91.74
2025-12-01,30230550,대덕구,신탄진동,854,766,89.7
2025-12-01,30230560,대덕구,석봉동,574,527,91.81
2025-12-01,30230570,대덕구,덕암동,582,534,91.75
2025-12-01,30230580,대덕구,목상동,368,321,87.23
2025-12-01,30230600,대덕구,법1동,144,131,90.97
2025-12-01,30230610,대덕구,법2동,285,257,90.18
2026-03-01,30110515,동구,중앙동,1930,1743,90.31
2026-03-01,30110530,동구,효동,1188,952,80.13
2026-03-01,30110545,동구,신인동,380,326,85.79
2026-03-01,30110551,동구,판암1동,363,312,85.95
2026-03-01,30110552,동구,판암2동,148,130,87.84
2026-03-01,30110560,동구,용운동,883,739,83.69
2026-03-01,30110585,동구,대동,576,509,88.37
2026-03-01,30110590,동구,자양동,721,606,84.05
2026-03-01,30110620,동구,가양1동,611,540,88.38
2026-03-01,30110630,동구,가양2동,914,795,86.98
2026-03-01,30110640,동구,용전동,1336,1153,86.3
2026-03-01,30110665,동구,성남동,534,464,86.89
2026-03-01,30110670,동구,홍도동,507,431,85.01
2026-03-01,30110695,동구,삼성동,733,665,90.72
2026-03-01,30110725,동구,대청동,128,117,91.41
2026-03-01,30110740,동구,산내동,596,527,88.42
2026-03-01,30140535,중구,은행선화동,1912,1672,87.45
2026-03-01,30140550,중구,목동,449,348,77.51
2026-03-01,30140560,중구,중촌동,641,561,87.52
2026-03-01,30140575,중구,대흥동,1845,1566,84.88
2026-03-01,30140605,중구,문창동,532,463,87.03
2026-03-01,30140620,중구,석교동,541,480,88.72
2026-03-01,30140630,중구,대사동,459,404,88.02
2026-03-01,30140640,중구,부사동,471,410,87.05
2026-03-01,30140655,중구,용두동,533,469,87.99
2026-03-01,30140670,중구,오류동,899,758,84.32
2026-03-01,30140680,중구,태평1동,558,473,84.77
2026-03-01,30140690,중구,태평2동,424,370,87.26
2026-03-01,30140700,중구,유천1동,700,585,83.57
2026-03-01,30140710,중구,유천2동,707,602,85.15
2026-03-01,30140720,중구,문화1동,674,554,82.2
2026-03-01,30140730,중구,문화2동,408,348,85.29
2026-03-01,30140740,중구,산성동,1281,1139,88.91
2026-03-01,30170510,서구,복수동,635,511,80.47
2026-03-01,30170520,서구,도마1동,1224,1068,87.25
2026-03-01,30170530,서구,도마2동,755,679,89.93
2026-03-01,30170535,서구,정림동,562,489,87.01
2026-03-01,30170540,서구,변동,674,608,90.21
2026-03-01,30170550,서구,용문동,734,638,86.92
2026-03-01,30170555,서구,탄방동,2761,2370,85.84
2026-03-01,30170560,서구,괴정동,1963,1678,85.48
2026-03-01,30170570,서구,가장동,381,334,87.66
2026-03-01,30170575,서구,내동,621,545,87.76
2026-03-01,30170581,서구,갈마1동,1181,995,84.25
2026-03-01,30170582,서구,갈마2동,1261,1048,83.11
2026-03-01,30170586,서구,월평1동,1276,1099,86.13
2026-03-01,30170587,서구,월평2동,851,734,86.25
2026-03-01,30170588,서구,월평3동,101,86,85.15
2026-03-01,30170590,서구,가수원동,438,389,88.81
2026-03-01,30170593,서구,도안동,2087,1729,82.85
2026-03-01,30170596,서구,관저1동,535,456,85.23
2026-03-01,30170597,서구,관저2동,1848,1525,82.52
2026-03-01,30170600,서구,기성동,196,183,93.37
2026-03-01,30170630,서구,둔산1동,2049,1744,85.11
2026-03-01,30170640,서구,둔산2동,2920,2488,85.21
2026-03-01,30170650,서구,만년동,808,729,90.22
2026-03-01,30170660,서구,둔산3동,725,630,86.9
2026-03-01,30200520,유성구,진잠동,1215,1079,88.81
2026-03-01,30200526,유성구,학하동,1019,911,89.4
2026-03-01,30200527,유성구,상대동,533,462,86.68
2026-03-01,30200530,유성구,온천1동,3384,2879,85.08
2026-03-01,30200540,유성구,온천2동,2909,2450,84.22
2026-03-01,30200546,유성구,노은1동,1238,1092,88.21
2026-03-01,30200547,유성구,노은2동,700,613,87.57
2026-03-01,30200548,유성구,노은3동,1100,963,87.55
2026-03-01,30200550,유성구,신성동,1604,1390,86.66
2026-03-01,30200570,유성구,전민동,1225,1089,88.9
2026-03-01,30200580,유성구,구즉동,792,703,88.76
2026-03-01,30200600,유성구,관평동,1752,1525,87.04
2026-03-01,30200610,유성구,원신흥동,1008,880,87.3
2026-03-01,30230510,대덕구,오정동,1101,997,90.55
2026-03-01,30230520,대덕구,대화동,517,475,91.88
2026-03-01,30230525,대덕구,회덕동,463,411,88.77
2026-03-01,30230533,대덕구,비래동,615,538,87.48
2026-03-01,30230543,대덕구,송촌동,1108,966,87.18
2026-03-01,30230546,대덕구,중리동,1646,1467,89.13
2026-03-01,30230550,대덕구,신탄진동,854,740,86.65
2026-03-01,30230560,대덕구,석봉동,574,501,87.28
2026-03-01,30230570,대덕구,덕암동,582,519,89.18
2026-03-01,30230580,대덕구,목상동,368,311,84.51
2026-03-01,30230600,대덕구,법1동,144,128,88.89
2026-03-01,30230610,대덕구,법2동,285,250,87.72
2026-06-01,30110515,동구,중앙동,1930,1697,87.93
2026-06-01,30110530,동구,효동,1188,906,76.26
2026-06-01,30110545,동구,신인동,380,318,83.68
2026-06-01,30110551,동구,판암1동,363,308,84.85
2026-06-01,30110552,동구,판암2동,148,127,85.81
2026-06-01,30110560,동구,용운동,883,718,81.31
2026-06-01,30110585,동구,대동,576,492,85.42
2026-06-01,30110590,동구,자양동,721,589,81.69
2026-06-01,30110620,동구,가양1동,611,530,86.74
2026-06-01,30110630,동구,가양2동,914,772,84.46
2026-06-01,30110640,동구,용전동,1336,1125,84.21
2026-06-01,30110665,동구,성남동,534,453,84.83
2026-06-01,30110670,동구,홍도동,507,410,80.87
2026-06-01,30110695,동구,삼성동,733,649,88.54
2026-06-01,30110725,동구,대청동,128,115,89.84
2026-06-01,30110740,동구,산내동,596,509,85.4
2026-06-01,30140535,중구,은행선화동,1912,1628,85.15
2026-06-01,30140550,중구,목동,449,331,73.72
2026-06-01,30140560,중구,중촌동,641,546,85.18
2026-06-01,30140575,중구,대흥동,1845,1515,82.11
2026-06-01,30140605,중구,문창동,532,449,84.4
2026-06-01,30140620,중구,석교동,541,470,86.88
2026-06-01,30140630,중구,대사동,459,395,86.06
2026-06-01,30140640,중구,부사동,471,399,84.71
2026-06-01,30140655,중구,용두동,533,458,85.93
2026-06-01,30140670,중구,오류동,899,739,82.2
2026-06-01,30140680,중구,태평1동,558,458,82.08
2026-06-01,30140690,중구,태평2동,424,360,84.91
2026-06-01,30140700,중구,유천1동,700,568,81.14
2026-06-01,30140710,중구,유천2동,707,581,82.18
2026-06-01,30140720,중구,문화1동,674,533,79.08
2026-06-01,30140730,중구,문화2동,408,345,84.56
2026-06-01,30140740,중구,산성동,1281,1113,86.89
2026-06-01,30170510,서구,복수동,635,486,76.54
2026-06-01,30170520,서구,도마1동,1224,1043,85.21
2026-06-01,30170530,서구,도마2동,755,665,88.08
2026-06-01,30170535,서구,정림동,562,478,85.05
2026-06-01,30170540,서구,변동,674,600,89.02
2026-06-01,30170550,서구,용문동,734,622,84.74
2026-06-01,30170555,서구,탄방동,2761,2303,83.41
2026-06-01,30170560,서구,괴정동,1963,1616,82.32
2026-06-01,30170570,서구,가장동,381,319,83.73
2026-06-01,30170575,서구,내동,621,536,86.31
2026-06-01,30170581,서구,갈마1동,1181,970,82.13
2026-06-01,30170582,서구,갈마2동,1261,1012,80.25
2026-06-01,30170586,서구,월평1동,1276,1061,83.15
2026-06-01,30170587,서구,월평2동,851,713,83.78
2026-06-01,30170588,서구,월평3동,101,84,83.17
2026-06-01,30170590,서구,가수원동,438,369,84.25
2026-06-01,30170593,서구,도안동,2087,1659,79.49
2026-06-01,30170596,서구,관저1동,535,441,82.43
2026-06-01,30170597,서구,관저2동,1848,1471,79.6
2026-06-01,30170600,서구,기성동,196,177,90.31
2026-06-01,30170630,서구,둔산1동,2049,1711,83.5
2026-06-01,30170640,서구,둔산2동,2920,2401,82.23
2026-06-01,30170650,서구,만년동,808,715,88.49
2026-06-01,30170660,서구,둔산3동,725,602,83.03
2026-06-01,30200520,유성구,진잠동,1215,1051,86.5
2026-06-01,30200526,유성구,학하동,1019,886,86.95
2026-06-01,30200527,유성구,상대동,533,449,84.24
2026-06-01,30200530,유성구,온천1동,3384,2773,81.94
2026-06-01,30200540,유성구,온천2동,2909,2338,80.37
2026-06-01,30200546,유성구,노은1동,1238,1057,85.38
2026-06-01,30200547,유성구,노은2동,700,591,84.43
2026-06-01,30200548,유성구,노은3동,1100,933,84.82
2026-06-01,30200550,유성구,신성동,1604,1346,83.92
2026-06-01,30200570,유성구,전민동,1225,1046,85.39
2026-06-01,30200580,유성구,구즉동,792,680,85.86
2026-06-01,30200600,유성구,관평동,1752,1476,84.25
2026-06-01,30200610,유성구,원신흥동,1008,850,84.33
2026-06-01,30230510,대덕구,오정동,1101,964,87.56
2026-06-01,30230520,대덕구,대화동,517,463,89.56
2026-06-01,30230525,대덕구,회덕동,463,405,87.47
2026-06-01,30230533,대덕구,비래동,615,520,84.55
2026-06-01,30230543,대덕구,송촌동,1108,942,85.02
2026-06-01,30230546,대덕구,중리동,1646,1409,85.6
2026-06-01,30230550,대덕구,신탄진동,854,722,84.54
2026-06-01,30230560,대덕구,석봉동,574,492,85.71
2026-06-01,30230570,대덕구,덕암동,582,498,85.57
2026-06-01,30230580,대덕구,목상동,368,302,82.07
2026-06-01,30230600,대덕구,법1동,144,125,86.81
2026-06-01,30230610,대덕구,법2동,285,240,84.21
