lat,lon,district,category,count
36.20013,127.33905,서구,소매,2
36.20078,127.34003,서구,숙박,6
36.19647,127.33664,서구,음식,1
36.20484,127.44301,동구,음식,1
36.20011,127.44905,동구,음식,1
36.2106,127.33478,서구,숙박,1
36.21397,127.33633,서구,소매,2
36.21044,127.3378,서구,숙박,11
36.21289,127.3376,서구,음식,1
36.21436,127.34783,서구,숙박,3
36.21058,127.43904,동구,과학·기술,2
36.21122,127.43995,동구,보건의료,2
36.2116,127.43982,동구,소매,2
36.21306,127.44018,동구,시설관리·임대,2
36.2116,127.43961,동구,음식,6
36.22329,127.29462,서구,시설관리·임대,1
36.2249,127.30201,서구,소매,1
36.21905,127.32184,서구,예술·스포츠,1
36.22399,127.3346,서구,보건의료,1
36.22399,127.3346,서구,소매,1
36.21856,127.34077,서구,소매,5
36.22176,127.33903,서구,숙박,1
36.22136,127.34019,서구,음식,4
36.22205,127.34604,서구,숙박,1
36.22205,127.34604,서구,예술·스포츠,1
36.21873,127.3464,서구,음식,2
36.22009,127.4401,동구,과학·기술,1
36.22147,127.44143,동구,소매,5
36.21521,127.44009,동구,수리·개인,1
36.21792,127.44001,동구,시설관리·임대,1
36.21822,127.44141,동구,음식,10
36.22474,127.45888,동구,과학·기술,1
36.22875,127.29352,서구,예술·스포츠,1
36.22961,127.30244,서구,소매,1
36.23036,127.30289,서구,음식,1
36.22831,127.31038,서구,수리·개인,1
36.22907,127.31139,서구,시설관리·임대,1
36.23056,127.30794,서구,음식,1
36.23188,127.31839,서구,과학·기술,2
36.23227,127.31732,서구,부동산,1
36.23227,127.31732,서구,소매,2
36.22871,127.34444,서구,소매,1
36.23177,127.33948,서구,숙박,8
36.23063,127.34407,서구,음식,4
36.22891,127.3471,서구,소매,3
36.23043,127.34875,서구,숙박,3
36.23279,127.35056,서구,시설관리·임대,1
36.22693,127.34524,서구,음식,1
36.23189,127.40663,중구,음식,1
36.2253,127.44385,동구,음식,2
36.22705,127.45301,동구,보건의료,1
36.22784,127.44884,동구,소매,3
36.2266,127.44561,동구,수리·개인,2
36.22781,127.44931,동구,시설관리·임대,2
36.2269,127.44604,동구,음식,2
36.22892,127.45527,동구,과학·기술,1
36.22858,127.45566,동구,교육,1
36.22616,127.45689,동구,소매,1
36.23802,127.31288,서구,소매,3
36.23795,127.31369,서구,수리·개인,1
36.23781,127.31429,서구,음식,1
36.23852,127.3195,서구,과학·기술,2
36.23963,127.31875,서구,소매,4
36.23828,127.32195,서구,수리·개인,1
36.23832,127.31804,서구,시설관리·임대,1
36.23837,127.31974,서구,음식,2
36.23574,127.34239,서구,소매,2
36.2351,127.34141,서구,예술·스포츠,1
36.23583,127.34223,서구,음식,3
36.23893,127.347,서구,소매,1
36.2392,127.34773,서구,예술·스포츠,1
36.24287,127.34657,서구,음식,1
36.24306,127.40468,중구,음식,1
36.24386,127.47322,동구,교육,1
36.23601,127.46663,동구,숙박,2
36.23984,127.47017,동구,음식,2
36.24099,127.47658,동구,음식,1
36.25056,127.3403,서구,교육,4
36.25467,127.34087,서구,보건의료,3
36.25454,127.34055,서구,부동산,3
36.25327,127.3406,서구,소매,23
36.25394,127.3402,서구,수리·개인,7
36.25023,127.34197,서구,시설관리·임대,4
36.25308,127.34276,서구,예술·스포츠,2
36.25292,127.34115,서구,음식,19
36.25274,127.34645,서구,과학·기술,2
36.25444,127.39734,중구,소매,1
36.25462,127.4016,중구,음식,1
36.2459,127.40865,중구,교육,1
36.24981,127.40742,중구,소매,1
36.24884,127.40965,중구,음식,1
36.24523,127.42776,중구,과학·기술,1
36.25309,127.47715,동구,소매,2
36.25369,127.4779,동구,음식,2
36.25748,127.30023,서구,시설관리·임대,1
36.25581,127.34189,서구,과학·기술,2
36.25517,127.34124,서구,소매,4
36.25527,127.34017,서구,수리·개인,1
36.25549,127.34104,서구,음식,4
36.26106,127.34638,서구,교육,1
36.26195,127.46305,동구,소매,1
36.25781,127.47986,동구,소매,1
36.27335,127.26906,유성구,소매,4
36.27355,127.26913,유성구,음식,1
36.26648,127.28484,유성구,소매,1
36.27196,127.29036,유성구,부동산,1
36.26772,127.28645,유성구,소매,1
36.27055,127.29018,유성구,음식,8
36.27041,127.32867,서구,과학·기술,1
36.27264,127.34156,서구,소매,6
36.27286,127.33844,서구,예술·스포츠,1
36.27064,127.33994,서구,음식,3
36.26703,127.35304,서구,소매,1
36.27101,127.35662,서구,교육,1
36.27444,127.36247,서구,소매,2
36.27284,127.37917,중구,음식,1
36.26799,127.3862,중구,과학·기술,1
36.26598,127.3925,중구,교육,1
36.27065,127.38854,중구,음식,3
36.27161,127.40198,중구,소매,3
36.26997,127.40081,중구,시설관리·임대,1
36.26973,127.3973,중구,음식,2
36.27175,127.4051,중구,소매,1
36.26947,127.40929,중구,시설관리·임대,1
36.26609,127.44079,동구,숙박,1
36.26728,127.4551,동구,과학·기술,1
36.27249,127.46449,동구,소매,3
36.2734,127.46745,동구,과학·기술,2
36.27262,127.47008,동구,소매,18
36.26993,127.4712,동구,수리·개인,4
36.27242,127.46985,동구,숙박,5
36.27219,127.46594,동구,시설관리·임대,1
36.27296,127.47042,동구,음식,11
36.26879,127.47786,동구,소매,2
36.26942,127.47699,동구,음식,1
36.27748,127.25925,유성구,소매,2
36.2844,127.2558,유성구,음식,1
36.28006,127.26553,유성구,예술·스포츠,1
36.27624,127.29331,유성구,소매,2
36.28071,127.29968,유성구,소매,1
36.28088,127.29692,유성구,수리·개인,1
36.28344,127.32284,서구,예술·스포츠,1
36.28411,127.32186,서구,음식,1
36.28393,127.33946,서구,소매,1
36.28393,127.33946,서구,수리·개인,1
36.27769,127.3404,서구,음식,1
36.28476,127.35003,서구,과학·기술,1
36.28119,127.35389,서구,소매,2
36.28111,127.35399,서구,수리·개인,1
36.27633,127.34553,서구,음식,1
36.27604,127.36451,서구,교육,1
36.28277,127.3606,서구,소매,1
36.27569,127.36811,서구,과학·기술,1
36.27735,127.36627,서구,소매,2
36.28124,127.37335,중구,소매,1
36.28237,127.38126,중구,과학·기술,1
36.28223,127.37702,중구,소매,5
36.28241,127.37571,중구,수리·개인,2
36.28465,127.37592,중구,음식,2
36.28449,127.38817,중구,예술·스포츠,1
36.27772,127.39836,중구,소매,2
36.27829,127.40029,중구,음식,2
36.27727,127.40697,중구,소매,1
36.28221,127.42181,중구,소매,1
36.28253,127.42764,중구,소매,1
36.28064,127.44268,동구,과학·기술,1
36.27968,127.46465,동구,과학·기술,3
36.28078,127.46375,동구,교육,3
36.28067,127.46388,동구,보건의료,2
36.27702,127.46445,동구,부동산,1
36.28074,127.46267,동구,소매,5
36.27993,127.46406,동구,수리·개인,5
36.28128,127.46197,동구,시설관리·임대,3
36.28049,127.46254,동구,음식,6
36.28055,127.46683,동구,과학·기술,29
36.27997,127.46751,동구,교육,18
36.28171,127.46723,동구,보건의료,11
36.28023,127.46674,동구,부동산,7
36.27985,127.46738,동구,소매,74
36.27993,127.46726,동구,수리·개인,39
36.2789,127.46694,동구,시설관리·임대,10
36.2803,127.46721,동구,예술·스포츠,12
36.27977,127.46724,동구,음식,93
36.2804,127.4762,동구,과학·기술,3
36.27928,127.47569,동구,소매,1
36.27986,127.47611,동구,시설관리·임대,1
36.27951,127.47566,동구,음식,3
36.28764,127.25173,유성구,과학·기술,1
36.28707,127.25074,유성구,음식,3
36.28511,127.26655,유성구,음식,2
36.28935,127.3047,유성구,소매,1
36.28942,127.30474,유성구,음식,3
36.28849,127.30612,유성구,과학·기술,1
36.28844,127.30614,유성구,소매,3
36.28734,127.30733,유성구,숙박,1
36.28814,127.30646,유성구,음식,11
36.29395,127.32215,서구,과학·기술,13
36.2947,127.32365,서구,교육,6
36.29421,127.32246,서구,부동산,2
36.29268,127.32219,서구,소매,6
36.29432,127.32251,서구,수리·개인,8
36.29267,127.32169,서구,시설관리·임대,2
36.29303,127.32135,서구,예술·스포츠,3
36.29386,127.32299,서구,음식,7
36.29458,127.31778,유성구,부동산,3
36.29397,127.31954,유성구,소매,4
36.29382,127.3184,유성구,수리·개인,3
36.29367,127.31842,유성구,음식,4
36.29355,127.32956,서구,과학·기술,1
36.29373,127.3304,서구,교육,6
36.29385,127.32789,서구,부동산,11
36.29361,127.32921,서구,소매,8
36.29451,127.33069,서구,수리·개인,1
36.29125,127.32971,서구,시설관리·임대,2
36.29355,127.33163,서구,예술·스포츠,2
36.2935,127.32768,서구,음식,5
36.29355,127.34011,서구,과학·기술,3
36.29387,127.33826,서구,교육,8
36.29446,127.33728,서구,부동산,7
36.29412,127.33771,서구,소매,18
36.29428,127.33797,서구,수리·개인,17
36.29382,127.33882,서구,예술·스포츠,3
36.29432,127.33776,서구,음식,18
36.29479,127.35074,서구,보건의료,1
36.28883,127.35333,서구,수리·개인,1
36.28873,127.35325,서구,시설관리·임대,1
36.29357,127.35028,서구,음식,2
36.28932,127.36461,서구,소매,1
36.29091,127.3551,서구,음식,1
36.2891,127.37371,중구,소매,1
36.28984,127.37316,중구,시설관리·임대,1
36.29459,127.3786,서구,소매,3
36.29397,127.37812,서구,음식,1
36.29151,127.3807,중구,과학·기술,8
36.29195,127.38021,중구,교육,2
36.29195,127.37993,중구,부동산,6
36.28996,127.37994,중구,소매,59
36.2905,127.38015,중구,수리·개인,30
36.29086,127.38047,중구,시설관리·임대,12
36.2906,127.38041,중구,예술·스포츠,11
36.28977,127.38024,중구,음식,43
36.29474,127.3902,중구,교육,1
36.29425,127.39027,중구,수리·개인,1
36.29484,127.39,중구,음식,3
36.28749,127.39851,중구,소매,1
36.28749,127.39851,중구,시설관리·임대,2
36.2909,127.40042,중구,예술·스포츠,2
36.28758,127.39855,중구,음식,7
36.28636,127.44268,동구,과학·기술,1
36.28565,127.44285,동구,교육,1
36.28646,127.43872,동구,소매,2
36.28978,127.45042,동구,과학·기술,3
36.28578,127.45113,동구,교육,1
36.2867,127.44952,동구,소매,7
36.28648,127.45004,동구,수리·개인,2
36.28852,127.45132,동구,시설관리·임대,3
36.28652,127.45262,동구,예술·스포츠,2
36.29118,127.45157,동구,음식,2
36.29375,127.45266,중구,과학·기술,2
36.29431,127.4517,중구,교육,1
36.2941,127.45358,중구,소매,2
36.29391,127.45263,중구,수리·개인,1
36.29476,127.45448,중구,시설관리·임대,1
36.2904,127.46193,동구,교육,3
36.28705,127.46153,동구,보건의료,1
36.28874,127.46305,동구,부동산,6
36.28998,127.46196,동구,소매,24
36.29119,127.46197,동구,수리·개인,16
36.29399,127.46197,동구,숙박,1
36.28859,127.46102,동구,시설관리·임대,5
36.28694,127.45852,동구,예술·스포츠,1
36.28883,127.46107,동구,음식,15
36.2871,127.4651,동구,소매,1
36.2889,127.46534,동구,수리·개인,2
36.28717,127.46607,동구,음식,2
36.28529,127.47719,동구,부동산,1
36.29932,127.27036,유성구,교육,1
36.29908,127.29421,유성구,시설관리·임대,1
36.30122,127.31465,유성구,과학·기술,4
36.30122,127.31455,유성구,부동산,1
36.30171,127.31396,유성구,소매,5
36.30114,127.31465,유성구,수리·개인,6
36.30093,127.31451,유성구,시설관리·임대,6
36.29952,127.31451,유성구,음식,2
36.29624,127.3236,서구,과학·기술,17
36.29631,127.32361,서구,교육,7
36.29916,127.32473,서구,보건의료,5
36.29674,127.324,서구,부동산,3
36.29696,127.32382,서구,소매,21
36.29631,127.32367,서구,수리·개인,34
36.29679,127.32384,서구,시설관리·임대,6
36.29867,127.3245,서구,예술·스포츠,4
36.29639,127.32402,서구,음식,38
36.30132,127.31876,유성구,과학·기술,31
36.30068,127.31888,유성구,교육,26
36.30127,127.32072,유성구,보건의료,3
36.29949,127.31896,유성구,부동산,21
36.30034,127.31922,유성구,소매,172
36.30049,127.31858,유성구,수리·개인,105
36.30094,127.31826,유성구,시설관리·임대,36
36.29988,127.3193,유성구,예술·스포츠,29
36.29986,127.31891,유성구,음식,171
36.29842,127.3299,서구,과학·기술,17
36.29803,127.32936,서구,교육,67
36.29938,127.33008,서구,보건의료,21
36.29734,127.32942,서구,부동산,25
36.2996,127.33064,서구,소매,67
36.299,127.32995,서구,수리·개인,56
36.30025,127.33102,서구,시설관리·임대,3
36.29857,127.32924,서구,예술·스포츠,21
36.30059,127.33157,서구,음식,83
36.3016,127.32901,유성구,과학·기술,2
36.30096,127.32676,유성구,보건의료,3
36.30168,127.32604,유성구,부동산,1
36.30173,127.32719,유성구,소매,30
36.30159,127.32895,유성구,수리·개인,8
36.30208,127.32949,유성구,시설관리·임대,1
36.30375,127.33,유성구,예술·스포츠,4
36.30167,127.32893,유성구,음식,6
36.29974,127.33747,서구,과학·기술,50
36.299,127.33945,서구,교육,171
36.29937,127.33808,서구,보건의료,62
36.30037,127.33824,서구,부동산,43
36.29945,127.33767,서구,소매,284
36.29882,127.33844,서구,수리·개인,175
36.2992,127.33752,서구,시설관리·임대,16
36.29985,127.33789,서구,예술·스포츠,105
36.29908,127.33783,서구,음식,514
36.30107,127.35082,서구,과학·기술,25
36.30267,127.35076,서구,교육,47
36.30436,127.35061,서구,보건의료,18
36.30184,127.35134,서구,부동산,20
36.3022,127.35192,서구,소매,117
36.30157,127.35131,서구,수리·개인,77
36.30103,127.35195,서구,시설관리·임대,36
36.3024,127.35156,서구,예술·스포츠,15
36.3023,127.35144,서구,음식,132
36.29767,127.35865,서구,과학·기술,5
36.29992,127.36047,서구,교육,7
36.29983,127.35857,서구,부동산,4
36.29994,127.3594,서구,소매,27
36.29946,127.35911,서구,수리·개인,15
36.29574,127.35639,서구,숙박,1
36.29895,127.35829,서구,시설관리·임대,7
36.30284,127.36054,서구,예술·스포츠,3
36.30026,127.36018,서구,음식,20
36.30267,127.36766,서구,과학·기술,6
36.30358,127.36662,서구,교육,19
36.30183,127.36674,서구,보건의료,3
36.30252,127.36738,서구,부동산,8
36.30317,127.36692,서구,소매,33
36.30325,127.36719,서구,수리·개인,36
36.30157,127.37118,서구,시설관리·임대,7
36.30406,127.36601,서구,예술·스포츠,5
36.30293,127.36794,서구,음식,49
36.29773,127.37898,서구,과학·기술,21
36.29982,127.3785,서구,교육,74
36.29987,127.37873,서구,보건의료,9
36.29905,127.3783,서구,부동산,13
36.299,127.37873,서구,소매,86
36.29859,127.37894,서구,수리·개인,75
36.29845,127.37917,서구,시설관리·임대,18
36.29893,127.37813,서구,예술·스포츠,33
36.29894,127.37843,서구,음식,158
36.30124,127.38366,중구,과학·기술,6
36.29828,127.38427,중구,교육,3
36.29567,127.38401,중구,보건의료,1
36.30104,127.38432,중구,부동산,7
36.29934,127.38391,중구,소매,30
36.30122,127.38434,중구,수리·개인,21
36.30288,127.38465,중구,숙박,1
36.29704,127.38379,중구,시설관리·임대,8
36.29843,127.38411,중구,예술·스포츠,10
36.30023,127.38423,중구,음식,39
36.30119,127.38693,중구,과학·기술,10
36.30112,127.38661,중구,교육,4
36.30441,127.38613,중구,보건의료,18
36.30046,127.38636,중구,부동산,8
36.3015,127.38648,중구,소매,79
36.30139,127.3868,중구,수리·개인,39
36.30023,127.38747,중구,시설관리·임대,14
36.30191,127.38625,중구,예술·스포츠,12
36.30156,127.3868,중구,음식,70
36.30233,127.39632,중구,과학·기술,1
36.2995,127.41059,중구,소매,2
36.2995,127.41059,중구,음식,1
36.29828,127.44276,중구,과학·기술,2
36.29788,127.44433,중구,교육,1
36.3018,127.44114,중구,소매,5
36.30152,127.44147,중구,시설관리·임대,1
36.30437,127.4538,동구,과학·기술,9
36.30463,127.45392,동구,교육,4
36.3049,127.45349,동구,보건의료,2
36.30476,127.45406,동구,부동산,1
36.30427,127.45412,동구,소매,9
36.30386,127.45424,동구,수리·개인,9
36.30393,127.4545,동구,시설관리·임대,1
36.3049,127.45349,동구,예술·스포츠,1
36.30456,127.4535,동구,음식,15
36.30147,127.45181,중구,과학·기술,15
36.30184,127.45069,중구,교육,4
36.29969,127.45347,중구,보건의료,3
36.30115,127.45193,중구,부동산,3
36.301,127.45156,중구,소매,64
36.30066,127.45204,중구,수리·개인,36
36.30156,127.4517,중구,시설관리·임대,15
36.30048,127.45284,중구,예술·스포츠,13
36.3002,127.45283,중구,음식,58
36.29966,127.45949,동구,과학·기술,1
36.30082,127.45871,동구,교육,18
36.2952,127.46051,동구,보건의료,1
36.30007,127.45888,동구,부동산,8
36.2993,127.45867,동구,소매,32
36.2986,127.45933,동구,수리·개인,22
36.29717,127.46162,동구,시설관리·임대,2
36.29793,127.45999,동구,예술·스포츠,4
36.30014,127.45845,동구,음식,24
36.29859,127.45529,중구,과학·기술,2
36.29762,127.45528,중구,보건의료,1
36.29755,127.45537,중구,부동산,3
36.29755,127.45564,중구,소매,11
36.29774,127.45538,중구,수리·개인,6
36.29809,127.45569,중구,시설관리·임대,3
36.29735,127.45559,중구,예술·스포츠,2
36.29775,127.45551,중구,음식,14
36.30811,127.26019,유성구,음식,1
36.31304,127.26734,유성구,시설관리·임대,1
36.3135,127.26645,유성구,음식,1
36.31411,127.28484,유성구,수리·개인,1
36.31411,127.28484,유성구,시설관리·임대,1
36.3149,127.28472,유성구,음식,1
36.30875,127.28755,유성구,교육,1
36.30887,127.29296,유성구,소매,1
36.3078,127.2949,유성구,수리·개인,1
36.30773,127.29367,유성구,음식,1
36.31099,127.31432,유성구,과학·기술,1
36.31335,127.32116,유성구,과학·기술,6
36.31206,127.32054,유성구,교육,11
36.31281,127.3211,유성구,보건의료,1
36.31211,127.32123,유성구,부동산,5
36.31265,127.31963,유성구,소매,141
36.31192,127.32018,유성구,수리·개인,23
36.31305,127.32018,유성구,숙박,3
36.31208,127.32058,유성구,시설관리·임대,6
36.31412,127.3197,유성구,예술·스포츠,4
36.3121,127.32015,유성구,음식,35
36.30603,127.3327,서구,과학·기술,2
36.30571,127.33319,서구,교육,1
36.30848,127.33422,서구,보건의료,1
36.30571,127.33364,서구,부동산,2
36.30618,127.33345,서구,소매,6
36.30602,127.33351,서구,수리·개인,11
36.30732,127.33347,서구,예술·스포츠,2
36.30666,127.33378,서구,음식,22
36.31166,127.32622,유성구,과학·기술,2
36.31316,127.32669,유성구,교육,1
36.31252,127.32749,유성구,소매,2
36.31319,127.32872,유성구,수리·개인,1
36.3109,127.32861,유성구,음식,3
36.30777,127.33905,서구,과학·기술,13
36.30838,127.33906,서구,교육,15
36.30828,127.33964,서구,보건의료,7
36.30762,127.33731,서구,부동산,10
36.30711,127.33837,서구,소매,53
36.30737,127.33743,서구,수리·개인,38
36.30713,127.33977,서구,시설관리·임대,8
36.30745,127.34076,서구,예술·스포츠,14
36.30697,127.33906,서구,음식,79
36.31324,127.33555,유성구,과학·기술,1
36.31285,127.33557,유성구,소매,1
36.31324,127.33555,유성구,수리·개인,1
36.30738,127.35199,서구,과학·기술,93
36.30844,127.34932,서구,교육,80
36.30706,127.35146,서구,보건의료,19
36.30855,127.35051,서구,부동산,44
36.30782,127.35119,서구,소매,177
36.30846,127.35099,서구,수리·개인,149
36.30704,127.35155,서구,시설관리·임대,39
36.30672,127.35083,서구,예술·스포츠,51
36.30756,127.35103,서구,음식,318
36.30702,127.36289,서구,과학·기술,6
36.30664,127.3643,서구,교육,4
36.307,127.36446,서구,보건의료,8
36.30683,127.36462,서구,부동산,2
36.30703,127.36193,서구,소매,27
36.3072,127.36248,서구,수리·개인,8
36.30643,127.36206,서구,예술·스포츠,8
36.30632,127.36163,서구,음식,24
36.3092,127.36884,서구,과학·기술,27
36.30748,127.36926,서구,교육,28
36.30605,127.36611,서구,보건의료,10
36.30881,127.37167,서구,부동산,13
36.30774,127.36853,서구,소매,148
36.30798,127.36884,서구,수리·개인,69
36.31053,127.37028,서구,시설관리·임대,18
36.30672,127.36663,서구,예술·스포츠,19
36.30742,127.36818,서구,음식,112
36.31195,127.37837,서구,과학·기술,24
36.31096,127.37852,서구,교육,31
36.31297,127.37997,서구,보건의료,48
36.31168,127.38068,서구,부동산,42
36.31308,127.37993,서구,소매,196
36.31149,127.37901,서구,수리·개인,57
36.31432,127.38085,서구,숙박,4
36.31206,127.37788,서구,시설관리·임대,13
36.3125,127.37951,서구,예술·스포츠,19
36.31218,127.37941,서구,음식,116
36.30755,127.3849,중구,과학·기술,1
36.30673,127.38482,중구,교육,1
36.30673,127.38482,중구,부동산,1
36.30673,127.38482,중구,소매,3
36.30673,127.38482,중구,수리·개인,3
36.30673,127.38482,중구,음식,2
36.31242,127.3852,서구,교육,1
36.31242,127.3852,서구,소매,1
36.30837,127.39065,중구,과학·기술,53
36.30894,127.39032,중구,교육,22
36.30801,127.38986,중구,보건의료,10
36.3091,127.39074,중구,부동산,25
36.30835,127.39016,중구,소매,220
36.30898,127.3907,중구,수리·개인,146
36.31316,127.38976,중구,숙박,25
36.30861,127.38991,중구,시설관리·임대,50
36.30954,127.39033,중구,예술·스포츠,28
36.30915,127.3903,중구,음식,157
36.31124,127.39909,중구,과학·기술,33
36.30907,127.39912,중구,교육,38
36.30952,127.40083,중구,보건의료,14
36.31074,127.40059,중구,부동산,17
36.31015,127.40051,중구,소매,153
36.31028,127.39979,중구,수리·개인,110
36.31236,127.40123,중구,숙박,1
36.3114,127.3987,중구,시설관리·임대,29
36.30878,127.40005,중구,예술·스포츠,17
36.3098,127.40028,중구,음식,147
36.30941,127.4075,중구,과학·기술,11
36.31056,127.41006,중구,교육,9
36.31328,127.40887,중구,보건의료,5
36.312,127.4082,중구,부동산,6
36.31132,127.40865,중구,소매,46
36.31148,127.40906,중구,수리·개인,29
36.30968,127.4088,중구,숙박,2
36.31205,127.4108,중구,시설관리·임대,10
36.31097,127.41073,중구,예술·스포츠,5
36.3113,127.41002,중구,음식,55
36.31279,127.41834,중구,과학·기술,2
36.31006,127.42099,중구,교육,1
36.31228,127.41951,중구,보건의료,4
36.30863,127.41913,중구,부동산,1
36.31272,127.42071,중구,소매,11
36.31307,127.41865,중구,수리·개인,3
36.31297,127.4212,중구,시설관리·임대,2
36.31234,127.4217,중구,음식,37
36.31276,127.43024,중구,과학·기술,16
36.3124,127.43262,중구,교육,7
36.31346,127.43401,중구,보건의료,14
36.31343,127.43153,중구,부동산,9
36.31328,127.43205,중구,소매,67
36.31309,127.43146,중구,수리·개인,29
36.31307,127.43236,중구,숙박,5
36.31193,127.43261,중구,시설관리·임대,5
36.31265,127.43341,중구,예술·스포츠,9
36.31342,127.43235,중구,음식,82
36.3148,127.44317,동구,교육,5
36.31476,127.44291,동구,부동산,3
36.31318,127.44174,동구,소매,9
36.31332,127.44152,동구,수리·개인,4
36.31207,127.442,동구,시설관리·임대,1
36.3119,127.44237,동구,예술·스포츠,1
36.31351,127.44198,동구,음식,8
36.30981,127.43933,중구,과학·기술,24
36.31016,127.44125,중구,교육,11
36.31111,127.43942,중구,보건의료,16
36.31012,127.44064,중구,부동산,9
36.31255,127.43791,중구,소매,237
36.31145,127.43917,중구,수리·개인,78
36.31476,127.43714,중구,숙박,1
36.31065,127.44074,중구,시설관리·임대,18
36.31232,127.43802,중구,예술·스포츠,21
36.3123,127.4387,중구,음식,143
36.30765,127.45166,동구,과학·기술,9
36.307,127.45408,동구,교육,8
36.30613,127.45361,동구,보건의료,2
36.30656,127.45246,동구,부동산,14
36.30761,127.45231,동구,소매,42
36.30773,127.45261,동구,수리·개인,44
36.3087,127.45302,동구,시설관리·임대,6
36.30629,127.45407,동구,예술·스포츠,19
36.30684,127.45335,동구,음식,93
36.30637,127.44761,중구,과학·기술,3
36.30733,127.44702,중구,교육,5
36.30641,127.44747,중구,보건의료,1
36.30667,127.44713,중구,부동산,3
36.30731,127.44656,중구,소매,22
36.30678,127.44718,중구,수리·개인,19
36.3067,127.44717,중구,시설관리·임대,8
36.30665,127.44744,중구,예술·스포츠,2
36.30638,127.44773,중구,음식,11
36.30826,127.45658,동구,과학·기술,12
36.30775,127.457,동구,교육,89
36.30673,127.45654,동구,보건의료,34
36.30923,127.45855,동구,부동산,7
36.30734,127.45743,동구,소매,191
36.30864,127.45734,동구,수리·개인,56
36.30967,127.45701,동구,시설관리·임대,7
36.3066,127.45581,동구,예술·스포츠,41
36.30763,127.45637,동구,음식,171
36.32434,127.29121,유성구,음식,1
36.31972,127.30614,유성구,과학·기술,5
36.31744,127.31414,유성구,교육,1
36.31569,127.30904,유성구,부동산,1
36.32105,127.30585,유성구,소매,1
36.32228,127.31377,유성구,수리·개인,2
36.31885,127.30676,유성구,예술·스포츠,1
36.31992,127.30795,유성구,음식,4
36.31778,127.32195,유성구,과학·기술,9
36.32258,127.32026,유성구,부동산,1
36.3182,127.32087,유성구,소매,5
36.31537,127.32179,유성구,수리·개인,2
36.31651,127.3218,유성구,시설관리·임대,3
36.31572,127.3194,유성구,음식,3
36.31559,127.33419,유성구,과학·기술,2
36.31929,127.33416,유성구,소매,3
36.32338,127.33482,유성구,수리·개인,1
36.32379,127.33361,유성구,시설관리·임대,3
36.32131,127.34363,서구,과학·기술,25
36.32093,127.34373,서구,교육,84
36.32147,127.34385,서구,부동산,13
36.32098,127.34374,서구,소매,57
36.32145,127.34371,서구,수리·개인,59
36.32264,127.34382,서구,시설관리·임대,9
36.31994,127.343,서구,예술·스포츠,5
36.3206,127.34368,서구,음식,50
36.32303,127.34678,서구,과학·기술,13
36.32119,127.34607,서구,교육,33
36.31912,127.3451,서구,보건의료,1
36.32072,127.34614,서구,부동산,15
36.32184,127.3464,서구,소매,29
36.32168,127.34674,서구,수리·개인,30
36.32426,127.3462,서구,시설관리·임대,4
36.32391,127.3466,서구,예술·스포츠,8
36.32255,127.34654,서구,음식,43
36.32019,127.37242,서구,과학·기술,34
36.32156,127.37097,서구,교육,48
36.32015,127.37163,서구,보건의료,14
36.32014,127.37176,서구,부동산,34
36.32028,127.37169,서구,소매,153
36.31965,127.37218,서구,수리·개인,107
36.31761,127.3688,서구,숙박,1
36.3195,127.37177,서구,시설관리·임대,23
36.32121,127.37187,서구,예술·스포츠,34
36.32026,127.37217,서구,음식,229
36.32099,127.37991,서구,과학·기술,50
36.32045,127.38008,서구,교육,22
36.31964,127.37877,서구,보건의료,17
36.32048,127.37949,서구,부동산,39
36.31798,127.38061,서구,소매,321
36.31994,127.37953,서구,수리·개인,122
36.31854,127.37821,서구,숙박,1
36.32117,127.37967,서구,시설관리·임대,43
36.32072,127.37836,서구,예술·스포츠,20
36.31927,127.37965,서구,음식,212
36.32366,127.38533,서구,과학·기술,1
36.32364,127.3855,서구,교육,1
36.32349,127.38525,서구,소매,2
36.31854,127.39279,중구,과학·기술,20
36.31939,127.39231,중구,교육,80
36.31987,127.39307,중구,보건의료,21
36.32075,127.39216,중구,부동산,16
36.32029,127.39275,중구,소매,169
36.31915,127.39226,중구,수리·개인,63
36.31577,127.39272,중구,숙박,8
36.31851,127.39332,중구,시설관리·임대,11
36.31942,127.39325,중구,예술·스포츠,46
36.31898,127.39291,중구,음식,211
36.31901,127.39932,중구,과학·기술,43
36.32158,127.39867,중구,교육,68
36.31988,127.39797,중구,보건의료,34
36.32076,127.39916,중구,부동산,32
36.32011,127.39846,중구,소매,228
36.32014,127.39851,중구,수리·개인,151
36.31984,127.40083,중구,숙박,2
36.31892,127.3987,중구,시설관리·임대,34
36.32064,127.39873,중구,예술·스포츠,45
36.32052,127.39843,중구,음식,276
36.32219,127.41039,중구,과학·기술,70
36.32074,127.41071,중구,교육,103
36.32184,127.41003,중구,보건의료,71
36.32118,127.41,중구,부동산,32
36.32141,127.40993,중구,소매,317
36.32148,127.4105,중구,수리·개인,125
36.32157,127.40986,중구,숙박,9
36.32166,127.41027,중구,시설관리·임대,52
36.32176,127.40972,중구,예술·스포츠,75
36.32182,127.41013,중구,음식,376
36.32174,127.42039,중구,과학·기술,56
36.32152,127.41845,중구,교육,47
36.32164,127.41872,중구,보건의료,20
36.3217,127.41998,중구,부동산,20
36.32313,127.42145,중구,소매,401
36.32143,127.42024,중구,수리·개인,108
36.32299,127.42063,중구,숙박,14
36.32141,127.41953,중구,시설관리·임대,32
36.32223,127.41952,중구,예술·스포츠,16
36.32176,127.41919,중구,음식,183
36.3249,127.4349,동구,소매,1
36.3247,127.43423,동구,수리·개인,1
36.32486,127.4342,동구,숙박,2
36.32433,127.43465,동구,음식,1
36.32105,127.43006,중구,과학·기술,41
36.32123,127.42858,중구,교육,42
36.32092,127.42822,중구,보건의료,10
36.32059,127.4281,중구,부동산,19
36.32014,127.42916,중구,소매,185
36.32038,127.42977,중구,수리·개인,101
36.3219,127.43154,중구,숙박,50
36.32012,127.43082,중구,시설관리·임대,32
36.31929,127.42954,중구,예술·스포츠,21
36.32021,127.4289,중구,음식,214
36.32036,127.43954,동구,과학·기술,16
36.31956,127.44243,동구,교육,24
36.31879,127.44183,동구,보건의료,19
36.32024,127.44202,동구,부동산,27
36.32017,127.43981,동구,소매,99
36.31995,127.44027,동구,수리·개인,63
36.32013,127.43806,동구,숙박,2
36.32051,127.44012,동구,시설관리·임대,10
36.31913,127.43999,동구,예술·스포츠,19
36.32039,127.44041,동구,음식,117
36.317,127.43625,중구,과학·기술,12
36.31513,127.43809,중구,교육,1
36.3167,127.43613,중구,부동산,3
36.31681,127.43689,중구,소매,49
36.31716,127.43656,중구,수리·개인,15
36.31929,127.43585,중구,시설관리·임대,11
36.31824,127.43593,중구,예술·스포츠,3
36.31665,127.43706,중구,음식,50
36.32109,127.44743,동구,과학·기술,18
36.31709,127.44723,동구,교육,35
36.31638,127.4474,동구,보건의료,3
36.32136,127.44643,동구,부동산,9
36.31971,127.44812,동구,소매,58
36.32035,127.44729,동구,수리·개인,49
36.32135,127.4492,동구,숙박,2
36.32105,127.44859,동구,시설관리·임대,11
36.32129,127.44601,동구,예술·스포츠,8
36.31987,127.44796,동구,음식,80
36.3186,127.46004,동구,과학·기술,22
36.31775,127.46036,동구,교육,31
36.31871,127.45953,동구,보건의료,40
36.31823,127.45961,동구,부동산,16
36.31886,127.45959,동구,소매,115
36.32012,127.46101,동구,수리·개인,80
36.3249,127.46419,동구,숙박,1
36.31971,127.46112,동구,시설관리·임대,16
36.31891,127.45996,동구,예술·스포츠,27
36.31877,127.45955,동구,음식,143
36.31966,127.46925,동구,과학·기술,2
36.32348,127.47012,동구,보건의료,1
36.32047,127.47005,동구,소매,5
36.32071,127.46973,동구,수리·개인,13
36.3177,127.46576,동구,시설관리·임대,2
36.32122,127.46963,동구,음식,3
36.31916,127.47616,동구,과학·기술,1
36.31903,127.47719,동구,수리·개인,1
36.32928,127.30362,유성구,교육,1
36.33136,127.30249,유성구,소매,3
36.32589,127.30414,유성구,시설관리·임대,1
36.33094,127.30478,유성구,예술·스포츠,1
36.32839,127.31304,유성구,과학·기술,1
36.33199,127.30646,유성구,보건의료,1
36.32609,127.31167,유성구,부동산,1
36.33237,127.30718,유성구,소매,2
36.3349,127.30992,유성구,수리·개인,1
36.33295,127.30863,유성구,시설관리·임대,1
36.32967,127.31134,유성구,음식,3
36.32816,127.33154,유성구,과학·기술,15
36.3323,127.33103,유성구,교육,14
36.33429,127.32915,유성구,보건의료,1
36.33319,127.3299,유성구,부동산,25
36.33137,127.33026,유성구,소매,17
36.33159,127.33207,유성구,수리·개인,12
36.3295,127.33164,유성구,시설관리·임대,7
36.33045,127.33453,유성구,예술·스포츠,2
36.33135,127.33226,유성구,음식,15
36.33028,127.33898,서구,과학·기술,56
36.33058,127.33968,서구,교육,63
36.33158,127.33935,서구,보건의료,6
36.33095,127.34045,서구,부동산,18
36.33048,127.33964,서구,소매,76
36.33033,127.34074,서구,수리·개인,51
36.32998,127.33847,서구,숙박,2
36.33075,127.33933,서구,시설관리·임대,17
36.33071,127.33955,서구,예술·스포츠,33
36.33054,127.33991,서구,음식,140
36.33196,127.33785,유성구,과학·기술,30
36.33284,127.33871,유성구,교육,60
36.332,127.33861,유성구,보건의료,12
36.3319,127.33781,유성구,부동산,35
36.33293,127.33867,유성구,소매,54
36.33323,127.33795,유성구,수리·개인,50
36.33222,127.33715,유성구,시설관리·임대,10
36.33139,127.33755,유성구,예술·스포츠,17
36.33281,127.33788,유성구,음식,59
36.32569,127.34648,서구,과학·기술,7
36.32585,127.34747,서구,교육,11
36.32617,127.34856,서구,보건의료,4
36.32572,127.34779,서구,부동산,7
36.32586,127.34702,서구,소매,27
36.32584,127.34671,서구,수리·개인,22
36.32588,127.34661,서구,시설관리·임대,4
36.32526,127.34749,서구,예술·스포츠,1
36.32577,127.34717,서구,음식,37
36.33427,127.3464,유성구,과학·기술,3
36.33407,127.34583,유성구,교육,2
36.33407,127.34583,유성구,소매,3
36.33407,127.34583,유성구,시설관리·임대,1
36.33407,127.34583,유성구,예술·스포츠,1
36.33468,127.34756,유성구,음식,1
36.3315,127.37146,서구,과학·기술,51
36.33128,127.3717,서구,교육,31
36.33103,127.37266,서구,보건의료,8
36.33284,127.3723,서구,부동산,8
36.33072,127.37152,서구,소매,102
36.33058,127.37167,서구,수리·개인,67
36.33068,127.37184,서구,시설관리·임대,28
36.33076,127.37303,서구,예술·스포츠,8
36.33,127.37198,서구,음식,78
36.32964,127.37894,서구,과학·기술,70
36.33162,127.38076,서구,교육,69
36.332,127.38181,서구,보건의료,28
36.33028,127.38,서구,부동산,38
36.33147,127.38124,서구,소매,297
36.33114,127.37991,서구,수리·개인,137
36.32877,127.37635,서구,숙박,1
36.32889,127.3797,서구,시설관리·임대,47
36.33136,127.38163,서구,예술·스포츠,33
36.33155,127.38097,서구,음식,189
36.33179,127.389,서구,과학·기술,45
36.33187,127.38865,서구,교육,24
36.33097,127.38723,서구,보건의료,5
36.33231,127.38839,서구,부동산,15
36.332,127.38858,서구,소매,96
36.33192,127.38857,서구,수리·개인,97
36.33162,127.3892,서구,시설관리·임대,32
36.33256,127.3886,서구,예술·스포츠,14
36.33227,127.38832,서구,음식,70
36.32689,127.39348,중구,과학·기술,12
36.32585,127.39303,중구,교육,7
36.32594,127.39421,중구,보건의료,4
36.32589,127.39381,중구,부동산,4
36.32645,127.39331,중구,소매,49
36.32599,127.39331,중구,수리·개인,31
36.32697,127.39318,중구,시설관리·임대,10
36.32594,127.39377,중구,예술·스포츠,6
36.32585,127.39346,중구,음식,41
36.33439,127.39574,서구,과학·기술,3
36.33413,127.39532,서구,부동산,2
36.33436,127.3955,서구,소매,2
36.33476,127.39602,서구,수리·개인,1
36.33461,127.39543,서구,시설관리·임대,1
36.33433,127.39607,서구,음식,1
36.32834,127.4,중구,과학·기술,43
36.32832,127.39899,중구,교육,43
36.32643,127.39696,중구,보건의료,18
36.32929,127.40058,중구,부동산,18
36.32761,127.39934,중구,소매,238
36.32829,127.39983,중구,수리·개인,117
36.32956,127.4012,중구,숙박,9
36.32902,127.40091,중구,시설관리·임대,34
36.32696,127.39895,중구,예술·스포츠,27
36.32748,127.39921,중구,음식,197
36.3291,127.4087,중구,과학·기술,51
36.33137,127.40908,중구,교육,104
36.3297,127.40932,중구,보건의료,25
36.33067,127.40972,중구,부동산,35
36.32961,127.40929,중구,소매,148
36.33077,127.41012,중구,수리·개인,95
36.32941,127.40574,중구,숙박,3
36.32842,127.40811,중구,시설관리·임대,25
36.33169,127.40961,중구,예술·스포츠,25
36.32955,127.40905,중구,음식,164
36.32982,127.42054,중구,과학·기술,188
36.32875,127.42136,중구,교육,106
36.32865,127.42186,중구,보건의료,23
36.32991,127.41903,중구,부동산,48
36.32897,127.42238,중구,소매,384
36.32951,127.4204,중구,수리·개인,119
36.32818,127.42197,중구,숙박,14
36.33025,127.42019,중구,시설관리·임대,76
36.32885,127.42215,중구,예술·스포츠,40
36.32823,127.42218,중구,음식,523
36.33325,127.42903,동구,과학·기술,200
36.33127,127.43094,동구,교육,23
36.33113,127.43164,동구,보건의료,48
36.33332,127.42989,동구,부동산,18
36.32979,127.43207,동구,소매,922
36.3302,127.4317,동구,수리·개인,81
36.33187,127.43147,동구,숙박,50
36.33142,127.43083,동구,시설관리·임대,44
36.33067,127.43147,동구,예술·스포츠,23
36.33057,127.4315,동구,음식,334
36.32749,127.42735,중구,과학·기술,68
36.32813,127.42683,중구,교육,53
36.32871,127.42694,중구,보건의료,32
36.32828,127.42778,중구,부동산,16
36.3283,127.42756,중구,소매,376
36.32831,127.428,중구,수리·개인,80
36.32805,127.42795,중구,숙박,32
36.32831,127.42802,중구,시설관리·임대,42
36.32765,127.42817,중구,예술·스포츠,80
36.32754,127.42787,중구,음식,380
36.33012,127.44008,동구,과학·기술,38
36.32824,127.44211,동구,교육,54
36.32949,127.44228,동구,보건의료,42
36.32898,127.44065,동구,부동산,29
36.3297,127.44126,동구,소매,141
36.32948,127.44147,동구,수리·개인,62
36.32878,127.43663,동구,숙박,9
36.3293,127.44164,동구,시설관리·임대,22
36.32929,127.44188,동구,예술·스포츠,21
36.33021,127.44165,동구,음식,162
36.33067,127.44923,동구,과학·기술,23
36.32941,127.45075,동구,교육,27
36.32806,127.45417,동구,보건의료,7
36.32983,127.44803,동구,부동산,15
36.3304,127.44925,동구,소매,117
36.32989,127.44927,동구,수리·개인,75
36.33122,127.44844,동구,시설관리·임대,24
36.33121,127.44984,동구,예술·스포츠,32
36.33168,127.44825,동구,음식,171
36.32902,127.46045,동구,과학·기술,20
36.32848,127.46007,동구,교육,27
36.3276,127.46003,동구,보건의료,13
36.32915,127.46028,동구,부동산,12
36.32851,127.46027,동구,소매,115
36.32862,127.45941,동구,수리·개인,79
36.32983,127.46008,동구,숙박,4
36.32962,127.45929,동구,시설관리·임대,13
36.33038,127.459,동구,예술·스포츠,25
36.32916,127.4593,동구,음식,176
36.32783,127.46919,동구,과학·기술,2
36.32817,127.46603,동구,교육,4
36.3272,127.4669,동구,보건의료,1
36.32757,127.46954,동구,소매,19
36.32879,127.46636,동구,수리·개인,3
36.328,127.46621,동구,예술·스포츠,1
36.32862,127.46878,동구,음식,10
36.33077,127.47937,동구,교육,1
36.33186,127.47733,동구,소매,7
36.3261,127.47559,동구,수리·개인,1
36.32847,127.4784,동구,예술·스포츠,2
36.33097,127.48069,동구,음식,17
36.33983,127.30273,유성구,과학·기술,16
36.34169,127.3031,유성구,교육,23
36.34209,127.30352,유성구,보건의료,2
36.34139,127.3035,유성구,부동산,17
36.34086,127.30282,유성구,소매,30
36.34145,127.30294,유성구,수리·개인,30
36.34087,127.30252,유성구,시설관리·임대,10
36.34001,127.30297,유성구,예술·스포츠,7
36.34097,127.30208,유성구,음식,70
36.34001,127.30956,유성구,과학·기술,48
36.34161,127.30907,유성구,교육,16
36.342,127.30636,유성구,보건의료,2
36.34042,127.31036,유성구,부동산,26
36.341,127.31023,유성구,소매,73
36.34094,127.3106,유성구,수리·개인,53
36.33993,127.31074,유성구,시설관리·임대,28
36.34092,127.30843,유성구,예술·스포츠,12
36.34103,127.30908,유성구,음식,45
36.33851,127.32117,유성구,과학·기술,75
36.34065,127.32026,유성구,교육,4
36.33915,127.32067,유성구,부동산,8
36.34033,127.31868,유성구,소매,32
36.33978,127.31878,유성구,수리·개인,37
36.34132,127.32145,유성구,숙박,1
36.34038,127.31889,유성구,시설관리·임대,18
36.34215,127.31559,유성구,예술·스포츠,1
36.33982,127.32029,유성구,음식,17
36.33977,127.33225,유성구,과학·기술,1
36.33725,127.332,유성구,교육,18
36.33653,127.33292,유성구,보건의료,6
36.33908,127.33056,유성구,부동산,19
36.33807,127.33007,유성구,소매,13
36.3383,127.3313,유성구,수리·개인,11
36.33882,127.33063,유성구,시설관리·임대,1
36.33728,127.3297,유성구,예술·스포츠,1
36.33738,127.33086,유성구,음식,24
36.33867,127.34059,유성구,과학·기술,45
36.34013,127.3404,유성구,교육,51
36.3351,127.33643,유성구,보건의료,1
36.3403,127.33853,유성구,부동산,31
36.33968,127.34052,유성구,소매,152
36.33895,127.34016,유성구,수리·개인,170
36.33854,127.34067,유성구,시설관리·임대,21
36.34328,127.34228,유성구,예술·스포츠,6
36.33968,127.34019,유성구,음식,170
36.34395,127.3543,서구,과학·기술,3
36.34345,127.35394,서구,소매,1
36.34434,127.35436,서구,수리·개인,9
36.34397,127.35447,서구,시설관리·임대,1
36.34345,127.35394,서구,예술·스포츠,1
36.34401,127.3533,서구,음식,3
36.33878,127.34822,유성구,과학·기술,5
36.34007,127.34977,유성구,교육,13
36.33959,127.34927,유성구,보건의료,4
36.33932,127.34816,유성구,부동산,7
36.34034,127.34776,유성구,소매,11
36.33886,127.34834,유성구,수리·개인,15
36.3405,127.34926,유성구,시설관리·임대,1
36.33904,127.34872,유성구,예술·스포츠,2
36.33919,127.34887,유성구,음식,13
36.33766,127.36256,서구,소매,1
36.34393,127.3551,서구,음식,1
36.34167,127.37169,서구,과학·기술,53
36.34114,127.36859,서구,교육,43
36.34284,127.36874,서구,보건의료,15
36.34303,127.37076,서구,부동산,14
36.34181,127.37021,서구,소매,102
36.34165,127.37069,서구,수리·개인,94
36.34359,127.36816,서구,숙박,1
36.3425,127.3726,서구,시설관리·임대,21
36.34114,127.36743,서구,예술·스포츠,16
36.3418,127.36999,서구,음식,112
36.339,127.38018,서구,과학·기술,98
36.34024,127.37962,서구,교육,92
36.34215,127.38195,서구,보건의료,24
36.33923,127.38092,서구,부동산,53
36.33916,127.38058,서구,소매,224
36.33905,127.38058,서구,수리·개인,215
36.34098,127.382,서구,숙박,4
36.33893,127.37999,서구,시설관리·임대,65
36.33874,127.38091,서구,예술·스포츠,41
36.33956,127.38068,서구,음식,309
36.34081,127.38972,서구,과학·기술,150
36.34089,127.3899,서구,교육,95
36.34033,127.39018,서구,보건의료,93
36.33955,127.39008,서구,부동산,95
36.34025,127.39017,서구,소매,642
36.33986,127.38981,서구,수리·개인,376
36.33916,127.38966,서구,숙박,27
36.34023,127.39048,서구,시설관리·임대,101
36.33982,127.38967,서구,예술·스포츠,84
36.33984,127.38963,서구,음식,563
36.34229,127.39847,서구,과학·기술,41
36.33907,127.39744,서구,교육,23
36.33947,127.39575,서구,보건의료,4
36.33991,127.39646,서구,부동산,30
36.34098,127.398,서구,소매,62
36.34116,127.3977,서구,수리·개인,49
36.34084,127.40113,서구,숙박,1
36.34065,127.39773,서구,시설관리·임대,29
36.34038,127.39595,서구,예술·스포츠,4
36.34043,127.39684,서구,음식,53
36.33618,127.40319,중구,과학·기술,2
36.33636,127.40357,중구,교육,5
36.33601,127.4033,중구,부동산,2
36.33587,127.40317,중구,소매,3
36.33825,127.40452,중구,수리·개인,4
36.33559,127.40293,중구,시설관리·임대,1
36.34472,127.41423,대덕구,과학·기술,2
36.3449,127.41484,대덕구,소매,1
36.34475,127.41362,대덕구,수리·개인,1
36.3419,127.41486,동구,과학·기술,1
36.34228,127.41466,동구,수리·개인,1
36.3423,127.41489,동구,예술·스포츠,1
36.3421,127.41487,동구,음식,2
36.33887,127.41169,중구,과학·기술,52
36.33735,127.40945,중구,교육,68
36.3371,127.41164,중구,보건의료,14
36.33908,127.40934,중구,부동산,22
36.33805,127.41108,중구,소매,200
36.33819,127.41079,중구,수리·개인,108
36.33819,127.41314,중구,숙박,1
36.33977,127.41128,중구,시설관리·임대,43
36.33769,127.4109,중구,예술·스포츠,31
36.33756,127.41137,중구,음식,227
36.34451,127.41591,대덕구,소매,1
36.33912,127.42191,동구,과학·기술,59
36.3415,127.42228,동구,교육,19
36.34014,127.42178,동구,보건의료,6
36.34053,127.42232,동구,부동산,10
36.34134,127.42055,동구,소매,102
36.3407,127.42138,동구,수리·개인,68
36.34107,127.41831,동구,숙박,2
36.34129,127.42027,동구,시설관리·임대,18
36.34093,127.42125,동구,예술·스포츠,9
36.34132,127.42058,동구,음식,71
36.33603,127.41736,중구,과학·기술,10
36.33623,127.41882,중구,교육,9
36.33598,127.41672,중구,보건의료,3
36.33738,127.41754,중구,부동산,5
36.33604,127.41688,중구,소매,18
36.33682,127.41691,중구,수리·개인,20
36.3359,127.41598,중구,시설관리·임대,3
36.3365,127.41614,중구,예술·스포츠,6
36.33631,127.41927,중구,음식,32
36.33746,127.42793,동구,과학·기술,107
36.34166,127.43101,동구,교육,27
36.34153,127.43223,동구,보건의료,10
36.34171,127.43068,동구,부동산,12
36.34034,127.43038,동구,소매,124
36.34018,127.4306,동구,수리·개인,45
36.33675,127.43065,동구,숙박,3
36.33959,127.42843,동구,시설관리·임대,35
36.34105,127.42818,동구,예술·스포츠,12
36.34098,127.43118,동구,음식,85
36.33992,127.43862,동구,과학·기술,34
36.341,127.4398,동구,교육,27
36.34094,127.43791,동구,보건의료,16
36.34028,127.43993,동구,부동산,29
36.34031,127.43981,동구,소매,151
36.34135,127.44026,동구,수리·개인,93
36.34222,127.43797,동구,숙박,4
36.34058,127.44034,동구,시설관리·임대,34
36.34149,127.43913,동구,예술·스포츠,17
36.34058,127.43964,동구,음식,160
36.3401,127.44904,동구,과학·기술,38
36.34099,127.44912,동구,교육,36
36.34152,127.44869,동구,보건의료,9
36.33825,127.44839,동구,부동산,40
36.34031,127.44888,동구,소매,143
36.33986,127.449,동구,수리·개인,115
36.33888,127.45045,동구,숙박,2
36.3395,127.44872,동구,시설관리·임대,28
36.33892,127.44861,동구,예술·스포츠,36
36.3393,127.4488,동구,음식,259
36.33677,127.45813,동구,과학·기술,4
36.33676,127.45876,동구,교육,8
36.33617,127.4569,동구,부동산,9
36.33658,127.45838,동구,소매,20
36.3367,127.45804,동구,수리·개인,12
36.33682,127.45718,동구,시설관리·임대,2
36.33615,127.45709,동구,예술·스포츠,6
36.33704,127.45765,동구,음식,27
36.34216,127.49226,동구,교육,2
36.33996,127.49209,동구,소매,1
36.34267,127.49389,동구,수리·개인,1
36.34066,127.49133,동구,음식,2
36.34789,127.29228,유성구,과학·기술,4
36.34696,127.2949,유성구,교육,1
36.34516,127.29432,유성구,보건의료,1
36.34719,127.29298,유성구,부동산,2
36.34657,127.29213,유성구,소매,3
36.34692,127.29145,유성구,수리·개인,2
36.34914,127.29138,유성구,시설관리·임대,4
36.34972,127.29228,유성구,예술·스포츠,5
36.34652,127.29204,유성구,음식,58
36.34855,127.29794,유성구,과학·기술,23
36.3486,127.29806,유성구,교육,5
36.34786,127.29919,유성구,부동산,24
36.34819,127.2996,유성구,소매,31
36.34754,127.29955,유성구,수리·개인,14
36.34858,127.29753,유성구,숙박,2
36.34812,127.29797,유성구,시설관리·임대,7
36.34917,127.29849,유성구,예술·스포츠,13
36.3484,127.29853,유성구,음식,114
36.34563,127.30756,유성구,과학·기술,4
36.34535,127.30685,유성구,교육,2
36.34512,127.31074,유성구,부동산,1
36.34815,127.30672,유성구,소매,3
36.34527,127.30525,유성구,예술·스포츠,1
36.34527,127.30525,유성구,음식,2
36.35135,127.32049,유성구,과학·기술,2
36.35075,127.32166,유성구,소매,5
36.34871,127.32328,유성구,수리·개인,5
36.35235,127.32345,유성구,시설관리·임대,2
36.34931,127.32355,유성구,음식,6
36.3507,127.33204,유성구,과학·기술,65
36.34876,127.33275,유성구,교육,33
36.35236,127.33285,유성구,보건의료,2
36.35199,127.3325,유성구,부동산,54
36.35125,127.33204,유성구,소매,115
36.35141,127.33219,유성구,수리·개인,106
36.35177,127.33272,유성구,시설관리·임대,22
36.35051,127.33317,유성구,예술·스포츠,19
36.35187,127.33246,유성구,음식,133
36.35325,127.34105,유성구,과학·기술,109
36.3501,127.33981,유성구,교육,75
36.3521,127.34097,유성구,보건의료,41
36.35174,127.33952,유성구,부동산,66
36.35221,127.34126,유성구,소매,324
36.35178,127.33935,유성구,수리·개인,213
36.35322,127.34122,유성구,숙박,12
36.353,127.34059,유성구,시설관리·임대,42
36.35239,127.3399,유성구,예술·스포츠,52
36.35169,127.33947,유성구,음식,423
36.3519,127.3539,서구,과학·기술,17
36.35221,127.35371,서구,교육,4
36.35267,127.35386,서구,부동산,3
36.35176,127.3538,서구,소매,28
36.35042,127.35377,서구,수리·개인,32
36.35308,127.3537,서구,숙박,1
36.35141,127.3538,서구,시설관리·임대,14
36.35413,127.35456,서구,예술·스포츠,1
36.35124,127.35389,서구,음식,21
36.35362,127.3462,유성구,과학·기술,17
36.35115,127.34638,유성구,교육,7
36.35262,127.34642,유성구,보건의료,9
36.35058,127.34687,유성구,부동산,9
36.35208,127.34708,유성구,소매,25
36.35187,127.3473,유성구,수리·개인,13
36.35353,127.34681,유성구,숙박,25
36.35364,127.3467,유성구,시설관리·임대,3
36.35373,127.34621,유성구,예술·스포츠,4
36.35317,127.34706,유성구,음식,35
36.35331,127.35909,서구,과학·기술,46
36.35398,127.36031,서구,교육,14
36.3544,127.35792,서구,보건의료,3
36.35406,127.35809,서구,부동산,20
36.35348,127.35896,서구,소매,81
36.35295,127.35885,서구,수리·개인,73
36.35424,127.35969,서구,숙박,1
36.35428,127.35874,서구,시설관리·임대,35
36.35292,127.36409,서구,예술·스포츠,1
36.35413,127.3606,서구,음식,66
36.35028,127.37063,서구,과학·기술,145
36.35034,127.37067,서구,교육,71
36.34981,127.36955,서구,보건의료,16
36.34996,127.37065,서구,부동산,56
36.34974,127.36994,서구,소매,309
36.35006,127.3699,서구,수리·개인,268
36.35222,127.36901,서구,숙박,14
36.35035,127.36983,서구,시설관리·임대,80
36.34898,127.37183,서구,예술·스포츠,102
36.34977,127.37115,서구,음식,593
36.35148,127.37989,서구,과학·기술,358
36.35054,127.37936,서구,교육,196
36.35089,127.3786,서구,보건의료,235
36.35118,127.3786,서구,부동산,48
36.35111,127.37846,서구,소매,651
36.35056,127.37827,서구,수리·개인,259
36.35248,127.38084,서구,숙박,22
36.35093,127.37931,서구,시설관리·임대,89
36.35037,127.37809,서구,예술·스포츠,149
36.35103,127.37875,서구,음식,646
36.35216,127.3885,서구,과학·기술,622
36.34996,127.38887,서구,교육,502
36.3498,127.38841,서구,보건의료,141
36.35081,127.3888,서구,부동산,104
36.34877,127.38808,서구,소매,491
36.34883,127.38866,서구,수리·개인,276
36.35036,127.38845,서구,숙박,13
36.35016,127.38859,서구,시설관리·임대,80
36.34917,127.38989,서구,예술·스포츠,136
36.34945,127.38927,서구,음식,609
36.34842,127.39849,서구,과학·기술,86
36.35006,127.39753,서구,교육,82
36.34984,127.39727,서구,보건의료,17
36.34967,127.39788,서구,부동산,24
36.34923,127.39801,서구,소매,244
36.34919,127.3981,서구,수리·개인,160
36.34537,127.40037,서구,숙박,1
36.34841,127.39862,서구,시설관리·임대,37
36.34941,127.39801,서구,예술·스포츠,53
36.34914,127.39755,서구,음식,292
36.34679,127.40452,중구,소매,3
36.34679,127.40452,중구,수리·개인,1
36.34679,127.40452,중구,음식,1
36.35152,127.41122,대덕구,과학·기술,46
36.35112,127.41048,대덕구,교육,5
36.353,127.4105,대덕구,부동산,9
36.35199,127.41112,대덕구,소매,69
36.34984,127.41179,대덕구,수리·개인,32
36.35437,127.41392,대덕구,숙박,1
36.35138,127.41178,대덕구,시설관리·임대,20
36.35289,127.4125,대덕구,예술·스포츠,11
36.3528,127.41111,대덕구,음식,43
36.34704,127.40583,중구,과학·기술,4
36.34771,127.4051,중구,교육,1
36.34735,127.40848,중구,보건의료,1
36.34558,127.40856,중구,부동산,2
36.34634,127.40731,중구,소매,5
36.34708,127.4075,중구,수리·개인,9
36.3469,127.40657,중구,시설관리·임대,3
36.34627,127.40654,중구,음식,4
36.34913,127.41806,대덕구,과학·기술,37
36.34993,127.41944,대덕구,교육,16
36.34982,127.42046,대덕구,부동산,13
36.35021,127.41893,대덕구,소매,75
36.34993,127.41825,대덕구,수리·개인,42
36.35012,127.41861,대덕구,시설관리·임대,36
36.35008,127.4191,대덕구,예술·스포츠,12
36.35001,127.42033,대덕구,음식,106
36.34621,127.42153,동구,과학·기술,10
36.3467,127.42188,동구,교육,3
36.34633,127.42103,동구,소매,15
36.34663,127.42183,동구,수리·개인,18
36.34654,127.42088,동구,시설관리·임대,10
36.3461,127.42034,동구,예술·스포츠,1
36.34689,127.42238,동구,음식,12
36.35229,127.42618,대덕구,과학·기술,3
36.35142,127.42552,대덕구,교육,2
36.35074,127.42572,대덕구,부동산,4
36.35235,127.42619,대덕구,소매,8
36.35085,127.42568,대덕구,수리·개인,12
36.35161,127.42537,대덕구,숙박,1
36.35212,127.42649,대덕구,시설관리·임대,2
36.35125,127.42583,대덕구,예술·스포츠,11
36.35158,127.4257,대덕구,음식,57
36.3502,127.43143,동구,과학·기술,69
36.35053,127.42974,동구,교육,31
36.34835,127.43109,동구,보건의료,28
36.35063,127.43037,동구,부동산,49
36.34949,127.43045,동구,소매,221
36.35024,127.43119,동구,수리·개인,157
36.35017,127.43153,동구,숙박,3
36.35037,127.43094,동구,시설관리·임대,45
36.34966,127.4294,동구,예술·스포츠,54
36.34984,127.4301,동구,음식,299
36.35314,127.44343,대덕구,과학·기술,8
36.35323,127.44314,대덕구,부동산,2
36.35391,127.44324,대덕구,소매,18
36.35376,127.44289,대덕구,수리·개인,12
36.35358,127.44341,대덕구,시설관리·임대,4
36.35374,127.44277,대덕구,음식,19
36.34901,127.43936,동구,과학·기술,62
36.34951,127.43868,동구,교육,24
36.34934,127.43758,동구,보건의료,28
36.34985,127.4385,동구,부동산,25
36.34987,127.43808,동구,소매,269
36.34993,127.43885,동구,수리·개인,97
36.35137,127.43847,동구,숙박,72
36.34912,127.44022,동구,시설관리·임대,34
36.35031,127.43762,동구,예술·스포츠,41
36.3499,127.4386,동구,음식,327
36.35371,127.44958,대덕구,과학·기술,6
36.3544,127.44974,대덕구,교육,7
36.35448,127.44943,대덕구,보건의료,2
36.354,127.4496,대덕구,부동산,11
36.35425,127.44942,대덕구,소매,45
36.35415,127.4488,대덕구,수리·개인,33
36.35281,127.44785,대덕구,시설관리·임대,7
36.35454,127.45006,대덕구,예술·스포츠,17
36.35452,127.45003,대덕구,음식,49
36.34916,127.44956,동구,과학·기술,32
36.35019,127.44896,동구,교육,43
36.34787,127.44741,동구,보건의료,27
36.3493,127.44924,동구,부동산,22
36.34948,127.44911,동구,소매,210
36.3497,127.44942,동구,수리·개인,130
36.35051,127.44893,동구,숙박,3
36.34918,127.45021,동구,시설관리·임대,20
36.34883,127.45029,동구,예술·스포츠,33
36.34935,127.44954,동구,음식,233
36.3544,127.45532,대덕구,소매,2
36.35486,127.45517,대덕구,음식,1
36.34776,127.45584,동구,과학·기술,2
36.34717,127.45597,동구,교육,3
36.34935,127.45565,동구,소매,7
36.34757,127.45541,동구,수리·개인,2
36.3489,127.45608,동구,숙박,2
36.34889,127.45613,동구,시설관리·임대,2
36.34876,127.45623,동구,음식,6
36.34868,127.47252,동구,소매,2
36.34824,127.47123,동구,수리·개인,1
36.34853,127.47327,동구,시설관리·임대,1
36.35228,127.48148,동구,보건의료,1
36.35402,127.49266,동구,음식,1
36.34724,127.49796,동구,부동산,1
36.34986,127.49674,동구,소매,5
36.35314,127.49581,동구,음식,3
36.36168,127.28467,유성구,소매,1
36.36208,127.29217,유성구,과학·기술,3
36.362,127.28921,유성구,교육,5
36.361,127.29147,유성구,소매,10
36.36055,127.2909,유성구,수리·개인,5
36.36235,127.28682,유성구,숙박,1
36.36148,127.29368,유성구,시설관리·임대,2
36.36214,127.28944,유성구,예술·스포츠,2
36.3614,127.28955,유성구,음식,15
36.3594,127.30106,유성구,과학·기술,8
36.35597,127.30303,유성구,교육,1
36.35902,127.30225,유성구,보건의료,1
36.35853,127.30209,유성구,부동산,4
36.35948,127.30192,유성구,소매,13
36.35913,127.3015,유성구,수리·개인,4
36.35769,127.30022,유성구,숙박,1
36.35908,127.30261,유성구,시설관리·임대,9
36.35942,127.3016,유성구,음식,26
36.35909,127.30769,유성구,과학·기술,34
36.35982,127.30871,유성구,교육,9
36.35832,127.30755,유성구,부동산,7
36.35918,127.30903,유성구,소매,27
36.35876,127.308,유성구,수리·개인,20
36.35873,127.30828,유성구,시설관리·임대,16
36.35954,127.30819,유성구,음식,23
36.3619,127.31856,유성구,과학·기술,10
36.36145,127.31905,유성구,교육,6
36.36355,127.31696,유성구,부동산,7
36.3621,127.31986,유성구,소매,61
36.36258,127.31875,유성구,수리·개인,20
36.36307,127.31564,유성구,숙박,1
36.36309,127.31682,유성구,시설관리·임대,8
36.36283,127.32112,유성구,예술·스포츠,3
36.3624,127.3183,유성구,음식,18
36.36132,127.3338,유성구,과학·기술,50
36.35932,127.33331,유성구,교육,19
36.358,127.33456,유성구,보건의료,3
36.3583,127.33283,유성구,부동산,29
36.35899,127.33316,유성구,소매,126
36.35957,127.33315,유성구,수리·개인,52
36.35833,127.33354,유성구,시설관리·임대,24
36.35774,127.33308,유성구,예술·스포츠,7
36.35842,127.33342,유성구,음식,86
36.35833,127.34144,유성구,과학·기술,269
36.35947,127.34099,유성구,교육,81
36.35694,127.34172,유성구,보건의료,15
36.35919,127.3404,유성구,부동산,69
36.35892,127.33896,유성구,소매,373
36.35898,127.34001,유성구,수리·개인,218
36.35778,127.34038,유성구,숙박,42
36.35871,127.34124,유성구,시설관리·임대,124
36.35914,127.34087,유성구,예술·스포츠,89
36.35839,127.3402,유성구,음식,630
36.36014,127.35056,유성구,과학·기술,84
36.36103,127.35098,유성구,교육,36
36.35736,127.35045,유성구,보건의료,6
36.3607,127.3497,유성구,부동산,33
36.36034,127.35152,유성구,소매,232
36.35987,127.35013,유성구,수리·개인,136
36.35736,127.34948,유성구,숙박,27
36.36088,127.35022,유성구,시설관리·임대,29
36.36092,127.34934,유성구,예술·스포츠,77
36.36019,127.34953,유성구,음식,617
36.35669,127.36192,서구,과학·기술,43
36.3565,127.36183,서구,교육,26
36.3574,127.36376,서구,보건의료,14
36.35632,127.36165,서구,부동산,23
36.35654,127.36174,서구,소매,107
36.35631,127.36161,서구,수리·개인,78
36.35647,127.36265,서구,숙박,11
36.35611,127.36102,서구,시설관리·임대,29
36.35634,127.36311,서구,예술·스포츠,49
36.35617,127.36249,서구,음식,230
36.36243,127.35695,유성구,과학·기술,19
36.3626,127.35684,유성구,교육,14
36.36179,127.3567,유성구,보건의료,2
36.36294,127.35685,유성구,부동산,4
36.3628,127.35715,유성구,소매,32
36.36284,127.35662,유성구,수리·개인,10
36.36247,127.35811,유성구,숙박,1
36.36144,127.35532,유성구,시설관리·임대,4
36.36285,127.35732,유성구,예술·스포츠,18
36.36303,127.35751,유성구,음식,140
36.35723,127.36944,서구,과학·기술,49
36.35861,127.36869,서구,교육,58
36.35887,127.37076,서구,보건의료,8
36.35852,127.36997,서구,부동산,26
36.35841,127.36934,서구,소매,142
36.35795,127.36894,서구,수리·개인,98
36.35757,127.36563,서구,숙박,1
36.35709,127.36902,서구,시설관리·임대,25
36.35761,127.36843,서구,예술·스포츠,8
36.35767,127.36842,서구,음식,131
36.36082,127.3788,서구,과학·기술,170
36.36069,127.37755,서구,교육,140
36.36027,127.37783,서구,보건의료,54
36.36094,127.37811,서구,부동산,25
36.35934,127.37805,서구,소매,244
36.36069,127.37773,서구,수리·개인,87
36.3611,127.37795,서구,숙박,6
36.36042,127.3786,서구,시설관리·임대,53
36.36094,127.37759,서구,예술·스포츠,72
36.36012,127.37812,서구,음식,248
36.35815,127.38795,서구,과학·기술,165
36.35827,127.39046,서구,교육,37
36.35879,127.38938,서구,보건의료,16
36.35754,127.39071,서구,부동산,20
36.35903,127.39046,서구,소매,60
36.35884,127.3909,서구,수리·개인,18
36.35925,127.38837,서구,숙박,2
36.35759,127.38794,서구,시설관리·임대,19
36.35883,127.38905,서구,예술·스포츠,21
36.35864,127.38958,서구,음식,98
36.36429,127.40391,대덕구,과학·기술,2
36.36473,127.40338,대덕구,부동산,1
36.36398,127.40278,대덕구,소매,4
36.36375,127.40391,대덕구,수리·개인,2
36.36332,127.40436,대덕구,시설관리·임대,2
36.36024,127.4049,대덕구,음식,1
36.35719,127.39692,서구,과학·기술,2
36.35648,127.39795,서구,교육,25
36.35771,127.39868,서구,보건의료,3
36.3569,127.39777,서구,부동산,9
36.35579,127.39824,서구,소매,87
36.35621,127.39818,서구,수리·개인,9
36.35511,127.39814,서구,시설관리·임대,2
36.35662,127.39803,서구,예술·스포츠,4
36.35594,127.39815,서구,음식,31
36.35824,127.41162,대덕구,과학·기술,22
36.35924,127.41182,대덕구,교육,11
36.35862,127.41194,대덕구,보건의료,1
36.35833,127.41118,대덕구,부동산,12
36.35863,127.41083,대덕구,소매,139
36.35902,127.41186,대덕구,수리·개인,61
36.35918,127.41182,대덕구,시설관리·임대,16
36.35874,127.41236,대덕구,예술·스포츠,11
36.35881,127.41151,대덕구,음식,76
36.36041,127.42059,대덕구,과학·기술,52
36.35759,127.42139,대덕구,교육,23
36.3623,127.4175,대덕구,보건의료,2
36.36076,127.41918,대덕구,부동산,8
36.36042,127.42105,대덕구,소매,135
36.361,127.42179,대덕구,수리·개인,88
36.36038,127.42448,대덕구,숙박,20
36.35926,127.42086,대덕구,시설관리·임대,24
36.36173,127.42219,대덕구,예술·스포츠,12
36.36067,127.42249,대덕구,음식,111
36.36108,127.42942,대덕구,과학·기술,44
36.36021,127.4294,대덕구,교육,25
36.36103,127.43031,대덕구,보건의료,7
36.36061,127.42848,대덕구,부동산,21
36.36104,127.42882,대덕구,소매,234
36.36065,127.42844,대덕구,수리·개인,150
36.36011,127.42576,대덕구,숙박,15
36.36013,127.42917,대덕구,시설관리·임대,30
36.36079,127.42769,대덕구,예술·스포츠,75
36.36076,127.42804,대덕구,음식,340
36.35719,127.43246,동구,과학·기술,24
36.35577,127.43014,동구,교육,15
36.35812,127.43261,동구,보건의료,3
36.35585,127.4322,동구,부동산,11
36.35687,127.43233,동구,소매,63
36.35653,127.43255,동구,수리·개인,46
36.3573,127.43267,동구,시설관리·임대,18
36.35703,127.43287,동구,예술·스포츠,6
36.35654,127.43257,동구,음식,45
36.36159,127.44092,대덕구,과학·기술,39
36.36283,127.44163,대덕구,교육,28
36.3622,127.43994,대덕구,부동산,11
36.36182,127.44039,대덕구,소매,103
36.36236,127.44022,대덕구,수리·개인,91
36.35998,127.44187,대덕구,숙박,2
36.36234,127.44011,대덕구,시설관리·임대,18
36.36278,127.43979,대덕구,예술·스포츠,44
36.36304,127.43936,대덕구,음식,293
36.35769,127.43634,동구,과학·기술,8
36.35803,127.43615,동구,교육,5
36.35571,127.43593,동구,보건의료,1
36.35737,127.43659,동구,부동산,4
36.35729,127.4364,동구,소매,34
36.35704,127.43661,동구,수리·개인,16
36.35699,127.43613,동구,시설관리·임대,8
36.35872,127.43692,동구,예술·스포츠,2
36.35749,127.43609,동구,음식,22
36.35895,127.44892,대덕구,과학·기술,25
36.35866,127.44814,대덕구,교육,15
36.35561,127.45027,대덕구,보건의료,3
36.35726,127.4509,대덕구,부동산,13
36.35814,127.44969,대덕구,소매,132
36.35838,127.44916,대덕구,수리·개인,93
36.35787,127.4494,대덕구,시설관리·임대,21
36.35723,127.45023,대덕구,예술·스포츠,27
36.35856,127.44898,대덕구,음식,154
36.35551,127.45623,대덕구,부동산,1
36.35545,127.45513,대덕구,소매,3
36.3563,127.4551,대덕구,예술·스포츠,1
36.35542,127.45613,대덕구,음식,2
36.36389,127.48163,동구,과학·기술,1
36.35852,127.47704,동구,소매,4
36.36067,127.47638,동구,음식,2
36.36306,127.50173,동구,부동산,1
36.36131,127.50127,동구,음식,3
36.35516,127.51765,동구,소매,1
36.36945,127.3026,유성구,수리·개인,1
36.36945,127.3026,유성구,시설관리·임대,1
36.36592,127.31264,유성구,과학·기술,1
36.37189,127.31009,유성구,교육,2
36.37042,127.31021,유성구,부동산,4
36.36703,127.31331,유성구,소매,7
36.36811,127.31392,유성구,수리·개인,6
36.36845,127.31427,유성구,시설관리·임대,1
36.3708,127.3145,유성구,예술·스포츠,1
36.36896,127.31278,유성구,음식,11
36.3713,127.31831,유성구,과학·기술,93
36.37264,127.31869,유성구,교육,129
36.37391,127.31861,유성구,보건의료,13
36.37072,127.31878,유성구,부동산,33
36.37101,127.31911,유성구,소매,229
36.37098,127.31854,유성구,수리·개인,136
36.37072,127.31817,유성구,시설관리·임대,24
36.37244,127.31861,유성구,예술·스포츠,62
36.37182,127.31917,유성구,음식,318
36.37107,127.33285,유성구,교육,2
36.37108,127.33292,유성구,부동산,1
36.3697,127.32967,유성구,소매,15
36.36928,127.33124,유성구,수리·개인,3
36.37419,127.32584,유성구,시설관리·임대,1
36.36842,127.33159,유성구,음식,2
36.3684,127.33936,유성구,과학·기술,44
36.36937,127.3382,유성구,교육,47
36.36972,127.33857,유성구,보건의료,4
36.37047,127.33815,유성구,부동산,32
36.36936,127.33855,유성구,소매,82
36.37032,127.33801,유성구,수리·개인,51
36.36895,127.33914,유성구,시설관리·임대,24
36.36974,127.33866,유성구,예술·스포츠,20
36.37056,127.33885,유성구,음식,166
36.3749,127.35453,유성구,과학·기술,1
36.3749,127.35453,유성구,소매,1
36.3749,127.35453,유성구,음식,1
36.36749,127.35716,유성구,과학·기술,4
36.36738,127.35642,유성구,교육,4
36.36873,127.35678,유성구,소매,8
36.36829,127.35699,유성구,수리·개인,5
36.36829,127.35699,유성구,시설관리·임대,1
36.36844,127.35696,유성구,음식,32
36.36619,127.37288,서구,과학·기술,17
36.36659,127.37345,서구,교육,8
36.36638,127.37378,서구,부동산,7
36.36629,127.37375,서구,소매,22
36.36645,127.37392,서구,수리·개인,19
36.36555,127.37333,서구,숙박,1
36.36613,127.37363,서구,시설관리·임대,12
36.36558,127.37375,서구,예술·스포츠,6
36.3662,127.37377,서구,음식,45
36.37483,127.36846,유성구,소매,1
36.37483,127.36846,유성구,음식,2
36.36764,127.38159,서구,과학·기술,120
36.36737,127.37882,서구,교육,65
36.36763,127.37934,서구,보건의료,15
36.36756,127.37954,서구,부동산,27
36.36824,127.3798,서구,소매,145
36.36786,127.37884,서구,수리·개인,64
36.36689,127.37916,서구,숙박,3
36.36747,127.38065,서구,시설관리·임대,40
36.36759,127.38006,서구,예술·스포츠,21
36.3672,127.37949,서구,음식,179
36.36585,127.39185,서구,교육,1
36.36647,127.38801,서구,소매,2
36.36647,127.38801,서구,시설관리·임대,2
36.36646,127.38853,서구,음식,3
36.3749,127.3917,유성구,음식,1
36.36544,127.40273,대덕구,과학·기술,33
36.36529,127.40294,대덕구,교육,2
36.36529,127.40294,대덕구,부동산,4
36.36544,127.40289,대덕구,소매,54
36.36592,127.40253,대덕구,수리·개인,13
36.36529,127.40294,대덕구,숙박,1
36.36529,127.40294,대덕구,시설관리·임대,20
36.36517,127.40393,대덕구,예술·스포츠,1
36.36548,127.4028,대덕구,음식,25
36.36844,127.40761,대덕구,과학·기술,91
36.36876,127.40956,대덕구,교육,5
36.36791,127.40736,대덕구,부동산,4
36.36768,127.40919,대덕구,소매,32
36.36959,127.40865,대덕구,수리·개인,12
36.36857,127.40832,대덕구,시설관리·임대,20
36.36664,127.40723,대덕구,예술·스포츠,1
36.36758,127.40872,대덕구,음식,25
36.36992,127.41992,대덕구,과학·기술,15
36.36798,127.42341,대덕구,교육,8
36.36625,127.42449,대덕구,보건의료,3
36.36883,127.42299,대덕구,부동산,10
36.3686,127.42055,대덕구,소매,83
36.36845,127.42034,대덕구,수리·개인,45
36.36884,127.4186,대덕구,시설관리·임대,8
36.36763,127.42215,대덕구,예술·스포츠,15
36.3681,127.42137,대덕구,음식,65
36.36758,127.42996,대덕구,과학·기술,29
36.36812,127.42989,대덕구,교육,26
36.36893,127.42808,대덕구,보건의료,14
36.36945,127.4278,대덕구,부동산,12
36.3675,127.42904,대덕구,소매,222
36.36815,127.42949,대덕구,수리·개인,80
36.36742,127.42951,대덕구,숙박,1
36.36805,127.4298,대덕구,시설관리·임대,13
36.36768,127.43002,대덕구,예술·스포츠,31
36.36778,127.42937,대덕구,음식,168
36.36653,127.43787,대덕구,과학·기술,24
36.36646,127.43894,대덕구,교육,52
36.36625,127.43838,대덕구,보건의료,6
36.36785,127.43991,대덕구,부동산,13
36.36657,127.43848,대덕구,소매,131
36.36659,127.43814,대덕구,수리·개인,73
36.3668,127.4379,대덕구,시설관리·임대,7
36.36607,127.43842,대덕구,예술·스포츠,50
36.3663,127.43788,대덕구,음식,94
36.36731,127.44898,대덕구,과학·기술,1
36.3658,127.44585,대덕구,교육,1
36.3658,127.44585,대덕구,부동산,1
36.36699,127.447,대덕구,소매,3
36.36622,127.44597,대덕구,수리·개인,3
36.36794,127.44914,대덕구,음식,9
36.37366,127.47179,동구,교육,1
36.37346,127.47229,동구,소매,2
36.37093,127.47453,동구,음식,2
36.36768,127.47673,동구,음식,6
36.36573,127.50272,동구,과학·기술,1
36.37006,127.50385,동구,음식,6
36.37001,127.50696,동구,시설관리·임대,1
36.36966,127.50716,동구,음식,3
36.38181,127.30352,유성구,과학·기술,5
36.37902,127.30333,유성구,교육,25
36.37798,127.30394,유성구,보건의료,1
36.38116,127.30418,유성구,부동산,5
36.3795,127.30368,유성구,소매,22
36.3798,127.30364,유성구,수리·개인,12
36.3806,127.30376,유성구,시설관리·임대,3
36.38,127.30368,유성구,음식,10
36.37967,127.30632,유성구,교육,3
36.37824,127.30569,유성구,보건의료,2
36.38282,127.30707,유성구,부동산,7
36.37927,127.30559,유성구,소매,7
36.37969,127.30593,유성구,수리·개인,4
36.37811,127.3051,유성구,예술·스포츠,1
36.37768,127.30776,유성구,음식,4
36.37906,127.31975,유성구,과학·기술,22
36.37728,127.31882,유성구,교육,49
36.37654,127.31944,유성구,보건의료,8
36.37819,127.31875,유성구,부동산,19
36.3776,127.32007,유성구,소매,123
36.37766,127.31977,유성구,수리·개인,47
36.37785,127.31957,유성구,시설관리·임대,11
36.3771,127.31934,유성구,예술·스포츠,25
36.37766,127.31953,유성구,음식,129
36.38047,127.32779,유성구,과학·기술,6
36.38044,127.32897,유성구,교육,1
36.38002,127.3263,유성구,보건의료,1
36.38062,127.32584,유성구,부동산,3
36.3803,127.3263,유성구,소매,14
36.3802,127.32635,유성구,수리·개인,4
36.38028,127.32646,유성구,시설관리·임대,1
36.38006,127.32666,유성구,예술·스포츠,1
36.38034,127.32591,유성구,음식,18
36.37743,127.33704,유성구,과학·기술,2
36.37636,127.33769,유성구,교육,1
36.37597,127.33804,유성구,부동산,1
36.37643,127.33788,유성구,소매,5
36.38336,127.34451,유성구,수리·개인,2
36.38018,127.34021,유성구,시설관리·임대,1
36.37856,127.34431,유성구,예술·스포츠,1
36.37645,127.33822,유성구,음식,13
36.3836,127.34754,유성구,소매,5
36.38197,127.35141,유성구,음식,2
36.38439,127.35901,유성구,과학·기술,2
36.37809,127.36403,유성구,교육,1
36.38118,127.36013,유성구,소매,3
36.38434,127.36208,유성구,시설관리·임대,1
36.3784,127.35877,유성구,음식,7
36.38266,127.36523,유성구,과학·기술,2
36.38266,127.36523,유성구,교육,4
36.38161,127.36656,유성구,소매,8
36.37847,127.37053,유성구,시설관리·임대,1
36.38068,127.36814,유성구,음식,7
36.37997,127.37969,유성구,과학·기술,19
36.38082,127.37909,유성구,교육,4
36.37519,127.38218,유성구,보건의료,1
36.3801,127.37917,유성구,부동산,3
36.37633,127.38169,유성구,소매,151
36.37982,127.38008,유성구,수리·개인,11
36.3751,127.38218,유성구,숙박,3
36.38116,127.37944,유성구,시설관리·임대,10
36.38012,127.38004,유성구,예술·스포츠,7
36.37716,127.38125,유성구,음식,54
36.37664,127.39098,유성구,과학·기술,16
36.37626,127.39132,유성구,교육,7
36.37663,127.3872,유성구,보건의료,1
36.37701,127.39352,유성구,부동산,9
36.37663,127.38801,유성구,소매,134
36.37674,127.39227,유성구,수리·개인,11
36.37683,127.39222,유성구,숙박,4
36.37643,127.39156,유성구,시설관리·임대,7
36.37668,127.39133,유성구,예술·스포츠,5
36.3765,127.39083,유성구,음식,61
36.37615,127.39538,유성구,과학·기술,5
36.37603,127.39652,유성구,교육,7
36.37581,127.39549,유성구,부동산,9
36.37685,127.39739,유성구,소매,16
36.37615,127.3961,유성구,수리·개인,13
36.38236,127.40312,유성구,숙박,1
36.37646,127.39671,유성구,예술·스포츠,9
36.37669,127.39567,유성구,음식,71
36.37687,127.41247,대덕구,소매,4
36.37951,127.41254,대덕구,수리·개인,10
36.37564,127.4101,대덕구,음식,1
36.37898,127.4055,유성구,과학·기술,4
36.3804,127.40691,유성구,소매,6
36.37984,127.40636,유성구,수리·개인,3
36.37843,127.40673,유성구,예술·스포츠,2
36.37896,127.4064,유성구,음식,11
36.37658,127.42031,대덕구,과학·기술,9
36.37987,127.42358,대덕구,보건의료,1
36.38045,127.42286,대덕구,부동산,2
36.37787,127.42092,대덕구,소매,30
36.37842,127.42148,대덕구,수리·개인,32
36.37805,127.4216,대덕구,숙박,1
36.3777,127.42106,대덕구,시설관리·임대,13
36.37777,127.42159,대덕구,예술·스포츠,4
36.37736,127.42119,대덕구,음식,29
36.37891,127.4262,대덕구,과학·기술,1
36.37689,127.42759,대덕구,교육,1
36.37891,127.4262,대덕구,부동산,1
36.37803,127.42686,대덕구,소매,4
36.37837,127.4268,대덕구,수리·개인,8
36.37827,127.42645,대덕구,시설관리·임대,3
36.37898,127.42647,대덕구,예술·스포츠,3
36.37852,127.4277,대덕구,음식,15
36.3814,127.4545,동구,음식,1
36.37571,127.47485,동구,음식,1
36.37621,127.47543,동구,과학·기술,1
36.37792,127.47751,동구,소매,5
36.38134,127.47829,동구,음식,5
36.37696,127.50381,동구,숙박,1
36.37709,127.50386,동구,음식,6
36.3806,127.5162,동구,교육,1
36.38108,127.51588,동구,음식,1
36.38886,127.30091,유성구,과학·기술,6
36.3884,127.3034,유성구,교육,12
36.38767,127.30341,유성구,부동산,4
36.38885,127.30261,유성구,소매,17
36.38809,127.30329,유성구,수리·개인,18
36.38905,127.30167,유성구,예술·스포츠,3
36.38827,127.30288,유성구,음식,20
36.39076,127.31163,유성구,과학·기술,76
36.39087,127.31156,유성구,교육,100
36.39032,127.31179,유성구,보건의료,16
36.38966,127.30964,유성구,부동산,27
36.39043,127.31108,유성구,소매,160
36.39041,127.3108,유성구,수리·개인,99
36.38981,127.31062,유성구,시설관리·임대,16
36.39023,127.31056,유성구,예술·스포츠,51
36.39078,127.31121,유성구,음식,264
36.38649,127.31849,유성구,과학·기술,19
36.38739,127.31809,유성구,교육,29
36.387,127.32088,유성구,보건의료,2
36.38764,127.31854,유성구,부동산,15
36.38751,127.31777,유성구,소매,65
36.38746,127.31769,유성구,수리·개인,37
36.387,127.32354,유성구,숙박,2
36.38821,127.31732,유성구,시설관리·임대,7
36.38669,127.31858,유성구,예술·스포츠,18
36.3874,127.31841,유성구,음식,96
36.38777,127.33048,유성구,과학·기술,4
36.3906,127.33062,유성구,교육,2
36.39063,127.33003,유성구,부동산,3
36.39033,127.32837,유성구,소매,4
36.39148,127.32929,유성구,수리·개인,2
36.38923,127.32752,유성구,시설관리·임대,3
36.39224,127.3289,유성구,예술·스포츠,1
36.38875,127.32837,유성구,음식,3
36.38531,127.33596,유성구,교육,1
36.38603,127.33716,유성구,소매,1
36.38648,127.33749,유성구,수리·개인,1
36.38945,127.33655,유성구,음식,3
36.39012,127.35064,유성구,과학·기술,26
36.38762,127.35003,유성구,교육,32
36.38634,127.35141,유성구,보건의료,3
36.3883,127.35008,유성구,부동산,26
36.38896,127.34999,유성구,소매,104
36.38851,127.35027,유성구,수리·개인,65
36.39004,127.34982,유성구,숙박,1
36.38892,127.35015,유성구,시설관리·임대,22
36.39036,127.35045,유성구,예술·스포츠,45
36.39001,127.3506,유성구,음식,265
36.39187,127.36018,유성구,과학·기술,14
36.39269,127.36003,유성구,교육,3
36.38856,127.36005,유성구,소매,4
36.38739,127.36325,유성구,시설관리·임대,1
36.38928,127.35829,유성구,음식,7
36.38921,127.37445,유성구,과학·기술,1
36.39084,127.36744,유성구,교육,2
36.38923,127.36936,유성구,소매,4
36.39082,127.36744,유성구,시설관리·임대,1
36.38688,127.36703,유성구,음식,4
36.38728,127.37805,유성구,과학·기술,18
36.38565,127.37811,유성구,교육,12
36.38619,127.37813,유성구,보건의료,1
36.38549,127.37716,유성구,부동산,6
36.38639,127.37888,유성구,소매,18
36.38619,127.37865,유성구,수리·개인,5
36.38597,127.37926,유성구,시설관리·임대,4
36.38624,127.37923,유성구,예술·스포츠,6
36.38613,127.37866,유성구,음식,33
36.39311,127.38917,유성구,과학·기술,1
36.39129,127.39024,유성구,음식,2
36.39286,127.40343,유성구,과학·기술,1
36.38679,127.40087,유성구,교육,1
36.39341,127.40056,유성구,소매,4
36.39,127.39817,유성구,음식,6
36.39206,127.4132,대덕구,소매,6
36.39144,127.41324,대덕구,수리·개인,1
36.38734,127.41313,대덕구,음식,1
36.39138,127.40755,유성구,과학·기술,10
36.39366,127.40711,유성구,교육,10
36.39308,127.40611,유성구,보건의료,2
36.39451,127.40737,유성구,부동산,7
36.39304,127.40704,유성구,소매,23
36.39394,127.40751,유성구,수리·개인,11
36.39123,127.40758,유성구,시설관리·임대,4
36.39326,127.40625,유성구,예술·스포츠,13
36.39361,127.40638,유성구,음식,66
36.39005,127.41751,대덕구,과학·기술,1
36.39287,127.41613,대덕구,교육,2
36.38798,127.4218,대덕구,소매,10
36.39038,127.41779,대덕구,수리·개인,6
36.39224,127.41654,대덕구,예술·스포츠,2
36.38642,127.42313,대덕구,음식,1
36.39357,127.42623,대덕구,시설관리·임대,1
36.38906,127.4297,대덕구,음식,5
36.38526,127.45789,동구,음식,1
36.38614,127.48416,동구,과학·기술,1
36.387,127.48061,동구,소매,1
36.3915,127.48037,동구,예술·스포츠,1
36.38664,127.48183,동구,음식,11
36.38606,127.49675,동구,음식,1
36.3977,127.31134,유성구,과학·기술,3
36.39595,127.31162,유성구,교육,5
36.39956,127.3119,유성구,부동산,5
36.39718,127.31123,유성구,소매,4
36.39701,127.31179,유성구,수리·개인,6
36.40485,127.31254,유성구,시설관리·임대,1
36.39621,127.31229,유성구,예술·스포츠,1
36.39753,127.31168,유성구,음식,12
36.40079,127.31737,유성구,부동산,1
36.39856,127.31686,유성구,소매,4
36.39811,127.31632,유성구,시설관리·임대,1
36.39803,127.31667,유성구,음식,2
36.3951,127.3264,유성구,과학·기술,1
36.40202,127.32761,유성구,소매,1
36.39964,127.32724,유성구,음식,3
36.40312,127.3431,유성구,소매,1
36.40412,127.34154,유성구,수리·개인,1
36.40362,127.34232,유성구,음식,2
36.39563,127.35228,유성구,과학·기술,2
36.39512,127.35159,유성구,교육,2
36.39802,127.35074,유성구,소매,3
36.39903,127.34973,유성구,수리·개인,1
36.3957,127.34991,유성구,시설관리·임대,1
36.39512,127.35159,유성구,예술·스포츠,1
36.39836,127.35146,유성구,음식,9
36.40053,127.36346,유성구,과학·기술,1
36.39861,127.36004,유성구,소매,5
36.39907,127.35965,유성구,음식,4
36.40299,127.37039,유성구,과학·기술,3
36.40185,127.3676,유성구,교육,1
36.39786,127.37403,유성구,부동산,1
36.40129,127.36866,유성구,소매,3
36.40151,127.36801,유성구,음식,6
36.39668,127.3751,유성구,과학·기술,1
36.40172,127.3751,유성구,소매,1
36.40172,127.3751,유성구,시설관리·임대,1
36.40172,127.3751,유성구,예술·스포츠,1
36.40119,127.37537,유성구,음식,4
36.39976,127.39027,유성구,과학·기술,5
36.39985,127.39183,유성구,소매,6
36.4003,127.39317,유성구,수리·개인,5
36.39986,127.38892,유성구,시설관리·임대,1
36.39994,127.39181,유성구,음식,9
36.39955,127.40126,유성구,과학·기술,30
36.39893,127.40232,유성구,교육,55
36.39914,127.40183,유성구,보건의료,4
36.39904,127.40349,유성구,부동산,17
36.39884,127.40196,유성구,소매,93
36.39874,127.40249,유성구,수리·개인,72
36.39763,127.40114,유성구,숙박,1
36.39881,127.40202,유성구,시설관리·임대,6
36.39923,127.40198,유성구,예술·스포츠,47
36.39857,127.40208,유성구,음식,238
36.3977,127.40705,유성구,과학·기술,12
36.39853,127.40615,유성구,교육,9
36.39999,127.4057,유성구,보건의료,4
36.3989,127.40649,유성구,부동산,8
36.39976,127.40586,유성구,소매,273
36.39789,127.40671,유성구,수리·개인,31
36.39999,127.4057,유성구,시설관리·임대,3
36.39721,127.4061,유성구,예술·스포츠,6
36.39775,127.40674,유성구,음식,84
36.39831,127.42185,대덕구,과학·기술,4
36.39995,127.42388,대덕구,교육,5
36.39996,127.42333,대덕구,보건의료,1
36.39892,127.4227,대덕구,부동산,6
36.40002,127.42302,대덕구,소매,43
36.40024,127.4235,대덕구,수리·개인,23
36.40168,127.42335,대덕구,숙박,1
36.40085,127.42388,대덕구,시설관리·임대,4
36.39978,127.42326,대덕구,예술·스포츠,6
36.39981,127.42351,대덕구,음식,54
36.39853,127.42747,대덕구,소매,2
36.40335,127.42745,대덕구,수리·개인,4
36.40334,127.42741,대덕구,음식,2
36.39834,127.43771,대덕구,과학·기술,1
36.39514,127.44306,대덕구,소매,1
36.40059,127.4665,동구,음식,1
36.39918,127.53342,동구,음식,1
36.4135,127.29051,유성구,수리·개인,1
36.40999,127.30037,유성구,과학·기술,1
36.41016,127.29849,유성구,교육,1
36.41073,127.299,유성구,부동산,2
36.41037,127.29984,유성구,소매,7
36.41233,127.29779,유성구,수리·개인,3
36.40925,127.30092,유성구,음식,5
36.41247,127.31576,유성구,수리·개인,1
36.41402,127.33758,유성구,과학·기술,2
36.41402,127.33758,유성구,교육,3
36.41112,127.33773,유성구,보건의료,2
36.41339,127.33783,유성구,소매,21
36.41291,127.33873,유성구,수리·개인,7
36.40822,127.33788,유성구,숙박,1
36.41285,127.33825,유성구,예술·스포츠,5
36.41217,127.33836,유성구,음식,21
36.40987,127.35134,유성구,소매,2
36.41229,127.35277,유성구,수리·개인,4
36.41272,127.35299,유성구,음식,9
36.40518,127.37345,유성구,보건의료,1
36.40513,127.37348,유성구,소매,1
36.40869,127.37452,유성구,수리·개인,1
36.41244,127.37419,유성구,시설관리·임대,1
36.41217,127.37377,유성구,음식,1
36.41193,127.37888,유성구,과학·기술,4
36.4149,127.37768,유성구,부동산,1
36.41091,127.37897,유성구,소매,9
36.4096,127.37974,유성구,수리·개인,1
36.41265,127.37696,유성구,시설관리·임대,2
36.41226,127.37871,유성구,음식,15
36.4067,127.39153,유성구,과학·기술,3
36.41093,127.39254,유성구,소매,5
36.41113,127.39209,유성구,음식,10
36.41015,127.39892,유성구,과학·기술,1
36.40992,127.39848,유성구,교육,2
36.41042,127.40009,유성구,소매,5
36.40954,127.39935,유성구,수리·개인,1
36.40957,127.39796,유성구,음식,15
36.4136,127.41104,유성구,과학·기술,11
36.41229,127.41487,유성구,교육,1
36.4125,127.4124,유성구,부동산,1
36.41165,127.41214,유성구,소매,4
36.41145,127.41171,유성구,예술·스포츠,1
36.41173,127.41017,유성구,음식,4
36.41022,127.4235,대덕구,소매,13
36.41057,127.42388,대덕구,수리·개인,8
36.40873,127.42199,대덕구,음식,1
36.4149,127.41595,유성구,수리·개인,3
36.41122,127.42537,대덕구,소매,1
36.4113,127.42535,대덕구,수리·개인,4
36.41109,127.42536,대덕구,시설관리·임대,1
36.41153,127.42511,대덕구,음식,3
36.41484,127.44017,대덕구,과학·기술,1
36.41381,127.43823,대덕구,소매,1
36.41163,127.44297,대덕구,수리·개인,1
36.412,127.43843,대덕구,음식,8
36.41486,127.44713,대덕구,교육,1
36.41372,127.44684,대덕구,예술·스포츠,2
36.40965,127.46165,대덕구,교육,1
36.40976,127.46169,대덕구,소매,1
36.41043,127.46482,대덕구,예술·스포츠,1
36.41017,127.46208,대덕구,음식,1
36.41261,127.46721,대덕구,소매,2
36.41374,127.46601,대덕구,예술·스포츠,1
36.41231,127.46704,대덕구,음식,1
36.40526,127.49109,동구,교육,1
36.41409,127.53201,동구,음식,1
36.413,127.53555,동구,음식,1
36.41653,127.29888,유성구,소매,2
36.41606,127.30033,유성구,시설관리·임대,1
36.41628,127.29783,유성구,음식,3
36.4151,127.32239,유성구,소매,1
36.41827,127.32247,유성구,수리·개인,2
36.41827,127.32247,유성구,시설관리·임대,1
36.41827,127.32247,유성구,음식,3
36.41669,127.33777,유성구,과학·기술,1
36.41542,127.34311,유성구,소매,1
36.41542,127.34311,유성구,음식,1
36.41876,127.35113,유성구,소매,2
36.41647,127.35542,유성구,수리·개인,1
36.4216,127.38325,유성구,과학·기술,3
36.4217,127.38337,유성구,교육,4
36.42244,127.38329,유성구,부동산,8
36.42076,127.3813,유성구,소매,6
36.42086,127.38231,유성구,수리·개인,6
36.41537,127.37756,유성구,시설관리·임대,1
36.41785,127.38158,유성구,음식,15
36.42302,127.39223,유성구,과학·기술,14
36.42149,127.3906,유성구,교육,96
36.42005,127.3909,유성구,보건의료,15
36.42165,127.38937,유성구,부동산,23
36.42244,127.39023,유성구,소매,97
36.42144,127.39129,유성구,수리·개인,76
36.42325,127.39182,유성구,시설관리·임대,4
36.42233,127.391,유성구,예술·스포츠,16
36.42317,127.39151,유성구,음식,285
36.42157,127.40074,유성구,과학·기술,11
36.42136,127.39932,유성구,교육,7
36.42019,127.39877,유성구,부동산,2
36.42329,127.39864,유성구,소매,192
36.42254,127.39838,유성구,수리·개인,15
36.42474,127.39806,유성구,숙박,1
36.42361,127.40068,유성구,시설관리·임대,3
36.42269,127.39984,유성구,예술·스포츠,4
36.42281,127.39927,유성구,음식,38
36.42146,127.40762,유성구,과학·기술,36
36.42067,127.40738,유성구,교육,4
36.42366,127.40674,유성구,부동산,2
36.42093,127.40792,유성구,소매,14
36.41923,127.40798,유성구,수리·개인,7
36.42212,127.40711,유성구,시설관리·임대,7
36.41977,127.40841,유성구,음식,25
36.42307,127.4224,대덕구,과학·기술,3
36.42309,127.42036,대덕구,소매,19
36.42297,127.42316,대덕구,수리·개인,4
36.42059,127.42028,대덕구,시설관리·임대,1
36.42313,127.42154,대덕구,음식,8
36.4247,127.42675,대덕구,소매,1
36.4214,127.4251,대덕구,수리·개인,2
36.41641,127.44085,대덕구,소매,2
36.41831,127.44148,대덕구,수리·개인,1
36.41617,127.44074,대덕구,음식,1
36.4185,127.47869,동구,소매,1
36.41789,127.47975,동구,예술·스포츠,1
36.41838,127.47812,동구,음식,2
36.41579,127.49057,동구,음식,2
36.41574,127.533,동구,숙박,1
36.41549,127.53256,동구,음식,1
36.4151,127.53769,동구,음식,1
36.42794,127.37212,유성구,과학·기술,1
36.42637,127.37403,유성구,소매,3
36.42605,127.37438,유성구,시설관리·임대,2
36.42605,127.3744,유성구,음식,7
36.43109,127.38383,유성구,교육,12
36.43083,127.38452,유성구,보건의료,2
36.43207,127.3831,유성구,부동산,11
36.43237,127.38373,유성구,소매,28
36.43185,127.38382,유성구,수리·개인,20
36.43103,127.38421,유성구,예술·스포츠,3
36.43016,127.38354,유성구,음식,31
36.42991,127.39132,유성구,과학·기술,103
36.42842,127.38932,유성구,교육,56
36.42696,127.38968,유성구,보건의료,15
36.42983,127.38957,유성구,부동산,36
36.42941,127.3887,유성구,소매,188
36.42932,127.38852,유성구,수리·개인,127
36.42696,127.39185,유성구,숙박,4
36.42997,127.3911,유성구,시설관리·임대,37
36.42836,127.39009,유성구,예술·스포츠,81
36.42951,127.3892,유성구,음식,355
36.42773,127.39771,유성구,과학·기술,9
36.42562,127.40276,유성구,교육,1
36.42777,127.39753,유성구,소매,3
36.42826,127.3958,유성구,시설관리·임대,1
36.42537,127.40138,유성구,예술·스포츠,1
36.42899,127.39897,유성구,음식,6
36.42947,127.40774,대덕구,과학·기술,3
36.43097,127.4071,대덕구,부동산,1
36.42997,127.41031,대덕구,소매,7
36.43057,127.41019,대덕구,수리·개인,9
36.43149,127.40924,대덕구,시설관리·임대,5
36.43129,127.40906,대덕구,음식,4
36.43238,127.42187,대덕구,과학·기술,7
36.43208,127.42022,대덕구,교육,4
36.43103,127.42058,대덕구,부동산,2
36.43041,127.42152,대덕구,소매,42
36.4304,127.42183,대덕구,수리·개인,43
36.43267,127.42258,대덕구,숙박,3
36.43055,127.4211,대덕구,시설관리·임대,4
36.43222,127.42175,대덕구,예술·스포츠,2
36.43073,127.42128,대덕구,음식,40
36.43132,127.43138,대덕구,과학·기술,2
36.43217,127.42893,대덕구,소매,7
36.43046,127.42788,대덕구,수리·개인,1
36.43002,127.42698,대덕구,음식,3
36.43427,127.43644,대덕구,소매,1
36.42598,127.46363,대덕구,음식,1
36.42773,127.46537,대덕구,음식,1
36.44348,127.35009,유성구,소매,1
36.44485,127.35889,유성구,음식,2
36.43889,127.38167,유성구,과학·기술,4
36.43786,127.38326,유성구,교육,4
36.43858,127.38291,유성구,부동산,5
36.43769,127.38378,유성구,소매,18
36.43886,127.38405,유성구,수리·개인,13
36.43999,127.38258,유성구,음식,13
36.44367,127.39336,대덕구,음식,1
36.43604,127.38759,유성구,과학·기술,10
36.43635,127.38689,유성구,교육,7
36.43575,127.38689,유성구,보건의료,2
36.43859,127.38644,유성구,부동산,7
36.43631,127.38705,유성구,소매,72
36.43708,127.38703,유성구,수리·개인,42
36.43773,127.38742,유성구,시설관리·임대,4
36.43645,127.38648,유성구,예술·스포츠,23
36.43643,127.38721,유성구,음식,97
36.44102,127.39797,대덕구,소매,4
36.44313,127.40278,대덕구,시설관리·임대,1
36.44135,127.39854,대덕구,음식,7
36.44124,127.40885,대덕구,과학·기술,12
36.44417,127.4061,대덕구,교육,2
36.44417,127.4061,대덕구,부동산,2
36.44362,127.40718,대덕구,소매,13
36.44384,127.40674,대덕구,수리·개인,7
36.44163,127.40984,대덕구,시설관리·임대,5
36.44411,127.40822,대덕구,예술·스포츠,6
36.44364,127.40915,대덕구,음식,27
36.44117,127.42323,대덕구,과학·기술,14
36.43854,127.42291,대덕구,교육,6
36.44067,127.42371,대덕구,보건의료,1
36.43981,127.42324,대덕구,부동산,11
36.43985,127.42314,대덕구,소매,63
36.43938,127.42276,대덕구,수리·개인,43
36.43932,127.4241,대덕구,숙박,1
36.4397,127.42286,대덕구,시설관리·임대,8
36.44045,127.42346,대덕구,예술·스포츠,15
36.43992,127.42348,대덕구,음식,82
36.44109,127.42911,대덕구,과학·기술,16
36.43991,127.42756,대덕구,교육,7
36.44292,127.42632,대덕구,부동산,3
36.44117,127.42712,대덕구,소매,53
36.44181,127.4281,대덕구,수리·개인,30
36.43909,127.42975,대덕구,시설관리·임대,10
36.44317,127.42621,대덕구,예술·스포츠,12
36.44211,127.42755,대덕구,음식,57
36.43567,127.43557,대덕구,소매,2
36.43561,127.43665,대덕구,수리·개인,2
36.44105,127.43809,대덕구,음식,2
36.43524,127.45177,대덕구,부동산,1
36.44234,127.46655,대덕구,음식,2
36.45355,127.36073,유성구,과학·기술,1
36.4539,127.36171,유성구,교육,10
36.45355,127.36073,유성구,보건의료,1
36.45204,127.35883,유성구,부동산,2
36.45323,127.36266,유성구,소매,8
36.45239,127.36244,유성구,수리·개인,5
36.45249,127.36052,유성구,음식,30
36.45305,127.36627,유성구,부동산,1
36.44608,127.36806,유성구,음식,3
36.4475,127.38183,유성구,교육,1
36.44781,127.3832,유성구,소매,5
36.4465,127.38329,유성구,수리·개인,5
36.44829,127.38353,유성구,시설관리·임대,1
36.44827,127.38322,유성구,음식,6
36.44575,127.38665,유성구,교육,2
36.44919,127.38856,유성구,소매,2
36.44827,127.40316,대덕구,과학·기술,4
36.4465,127.40419,대덕구,소매,5
36.4479,127.39989,대덕구,시설관리·임대,2
36.44664,127.39876,대덕구,음식,1
36.44796,127.41097,대덕구,과학·기술,5
36.4472,127.41195,대덕구,교육,2
36.44579,127.40974,대덕구,보건의료,2
36.44645,127.41201,대덕구,부동산,4
36.44715,127.41106,대덕구,소매,54
36.44697,127.41132,대덕구,수리·개인,40
36.4475,127.41037,대덕구,시설관리·임대,6
36.44762,127.41204,대덕구,예술·스포츠,14
36.44732,127.41155,대덕구,음식,82
36.44799,127.42361,대덕구,과학·기술,7
36.45025,127.42216,대덕구,교육,32
36.45082,127.42362,대덕구,보건의료,4
36.44963,127.42296,대덕구,부동산,7
36.44908,127.42196,대덕구,소매,85
36.44898,127.42196,대덕구,수리·개인,47
36.44535,127.42276,대덕구,숙박,1
36.4485,127.41876,대덕구,시설관리·임대,15
36.44843,127.42111,대덕구,예술·스포츠,13
36.44913,127.42187,대덕구,음식,95
36.44925,127.42872,대덕구,과학·기술,25
36.4513,127.43007,대덕구,교육,25
36.45005,127.42881,대덕구,보건의료,14
36.44991,127.42988,대덕구,부동산,30
36.44967,127.42873,대덕구,소매,226
36.45017,127.42898,대덕구,수리·개인,133
36.44966,127.43123,대덕구,숙박,32
36.44974,127.42943,대덕구,시설관리·임대,17
36.44955,127.42895,대덕구,예술·스포츠,51
36.44956,127.42961,대덕구,음식,391
36.45171,127.43594,대덕구,과학·기술,3
36.45162,127.43548,대덕구,교육,3
36.44732,127.4397,대덕구,보건의료,1
36.45187,127.43543,대덕구,부동산,2
36.45036,127.43657,대덕구,소매,30
36.45076,127.43565,대덕구,수리·개인,24
36.45178,127.43537,대덕구,시설관리·임대,3
36.45054,127.43661,대덕구,예술·스포츠,6
36.45089,127.43614,대덕구,음식,39
36.44831,127.45257,대덕구,음식,5
36.45072,127.47068,대덕구,시설관리·임대,1
36.44999,127.46812,대덕구,음식,6
36.46089,127.36126,유성구,과학·기술,1
36.45581,127.36268,유성구,교육,4
36.45718,127.36112,유성구,부동산,1
36.45854,127.36094,유성구,소매,2
36.4562,127.3606,유성구,수리·개인,1
36.45759,127.3615,유성구,음식,10
36.45888,127.38237,유성구,음식,1
36.46376,127.39677,유성구,음식,1
36.45944,127.46486,대덕구,소매,1
36.45651,127.47416,대덕구,소매,1
36.45651,127.47416,대덕구,숙박,1
36.46437,127.46781,대덕구,음식,6
36.4738,127.37076,유성구,과학·기술,2
36.47233,127.37038,유성구,소매,3
36.47486,127.37082,유성구,음식,1
36.46647,127.46833,대덕구,과학·기술,1
36.46824,127.47032,대덕구,소매,2
36.46715,127.47001,대덕구,음식,8
36.47482,127.47975,대덕구,소매,1
36.4679,127.47579,대덕구,음식,2
36.47524,127.36961,유성구,과학·기술,2
36.47851,127.39408,유성구,소매,2
36.47911,127.39301,유성구,수리·개인,1
36.48303,127.39677,유성구,소매,1
36.4932,127.38438,유성구,소매,3
36.49341,127.38485,유성구,시설관리·임대,1
